EMPRESA,SITIO_WEB
OLITRACTOR IMPORTACAO E EXPORTACAO LTDA,https://olitractor.com.br
MANEIRA MODA CHARME LTDA,https://maneiramoda.com.br
FARMACIA DE MANIPULACAO RAIZES LTDA,https://farmaciaraizes.com.br
BLACK BOX DO BRASIL IND E COM LTDA,https://www.blackboxnetworks.com
SAMPPEL COMERCIO DE EMBALAGENS LTDA.,https://samppel.com.br
CIRURGICA RIBERMEDICA LTDA,https://ribermedica.com.br
ART MILL ACESSORIOS LTDA,https://www.artmill.com.br
DAUNE TRAVESSEIROS DE PENAS LTDA,https://www.daune.com.br
HOLAMAQ QUEIMADORES INDUSTRIAIS LTDA,https://www.holamaq.com.br
SWEETMIX INDUSTRIA COMERCIO IMPORTACAO E EXPORTACAO LTDA,https://www.sweetmix.com.br
RICHARDSON ELECTRONICS DO BRASIL LTDA,https://www.rell.com
PROMEDON DO BRASIL PRODUTOS MEDICO HOSPITALARES LTDA,https://www.promedon.com
E G D ENGENHARIA LTDA,https://egdengenharia.com.br
DEPARTAMENTO NACIONAL DE OBRAS CONTRA AS SECAS,https://www.dnocs.gov.br
FUNDACAO NACIONAL DOS POVOS INDIGENAS  FUNAI,https://www.gov.br/funai
HDS SISTEMAS DE ENERGIA LTDA,https://www.hdspr.com.br
INSTITUTO SOCIOAMBIENTAL,https://www.socioambiental.org
INSTITUTO SOCIOAMBIENTAL,https://www.socioambiental.org
INSTITUTO SOCIOAMBIENTAL,https://www.socioambiental.org
INSTITUTO SOCIOAMBIENTAL,https://www.socioambiental.org
INSTITUTO SOCIOAMBIENTAL,https://www.socioambiental.org
INSTITUTO SOCIOAMBIENTAL,https://www.socioambiental.org
PRONEP LAR INTERNACAO DOMICILIAR S.A,https://www.pronnep.com.br
AUDEN REFRIGERACAO LTDA,https://www.auden.com.br
HEUSI COMISSARIA DE DESPACHO E AGENCIAMENTO LTDA,https://www.heusi.com.br
EDITORA LUCIDA LETRA LTDA,https://lucidaletra.com.br
"DURLICOUROS IND E COM DE COUROS, EXP E IMPORTACAO LTDA",https://durlicouros.com.br
HIDROCARE ASSISTENCIA TECNICA E AUTOMACAO INDUSTRIAL LTDA,https://www.hidrocare.com.br
EMBRATECNO CONSULTORIA E SERVICOS TECNICOS E SUPRIMENTOS SS LTDA.,https://www.embratecno.com.br
AGROFERTIL AGROPECUARIA LTDA,https://agrofertilagropecuaria.com.br
MB ENGENHARIA E MEIO AMBIENTE LTDA,https://www.mbengenharia.com
CENTRACO CORREIAS LTDA,https://centraco.com.br
ABELVOLKS COMERCIO E SERVICOS LTDA,https://abelvolks.com.br
IBRAP INDUSTRIA BRASILEIRA DE ALUMINIO E PLASTICOS SA,https://www.ibrap.com.br
TRACAO MANIA PECAS E ACESSORIOS LTDA,https://www.tracaomania.com.br
ONCOMED CENTRO DE PREVENCAO E TRATAMENTO DE DOENCAS NEOPLASICAS S.A.,https://oncomedbh.com.br
APCOM ESSENCIAS E PRODUTOS PARA COSMETICOS LTDA,https://www.apcom.com.br
EAO EMPREENDIMENTOS AGROPECUARIOS E ORGANIZACOES LTDA,https://www.eao.com.br
DUPLIQUE FLORIANOPOLIS COBRANCAS GARANTIDAS LTDA,https://gruposdc.com.br
FRUTAP ALIMENTOS S.A.,https://www.frutap.com.br
CHAMEL INDUSTRIA E COMERCIO DE PRODUTOS NATURAIS LTDA,https://www.chamel.com.br
TORNADO OPERADOR LOGISTICO LTDA,https://www.tornadolog.com.br
UNIODONTO DE PRESIDENTE PRUDENTECOOP ODONTOLOGICA,https://www.uniodonto.com.br
COMITE BRASILEIRO DE CLUBES  CBC,https://www.cbc.com.br
COMITE BRASILEIRO DE CLUBES  CBC,https://www.cbc.com.br
FLORAERVAS COMERCIAL LTDA,https://www.floraervas.com.br
CASA DO CAPACETE EQUIPAMENTOS DE SEGURANCA LTDA,https://www.casadocapacete.com.br
LEUZE ELECTRONIC LTDA,https://www.leuze.com
TRANSMASUT TRANSPORTES LTDA,https://www.masut.com.br
TRANSMASUT TRANSPORTES LTDA,https://www.masut.com.br
TRANSMASUT TRANSPORTES LTDA,https://www.masut.com.br
TRANSMASUT TRANSPORTES LTDA,https://www.masut.com.br
TRANSMASUT TRANSPORTES LTDA,https://www.masut.com.br
TRANSMASUT TRANSPORTES LTDA,https://www.masut.com.br
FLAUS E TOTA INDUSTRIA E COMERCIO DE PECAS AUTOMOTIVAS LTDA,https://www.flaus.com.br
ASSOCIACAO POLICIAL DE ASSISTENCIA A SAUDE,https://apassantos.com.br
BALLARE MALHAS PARA DANCA LTDA,https://ballare.com.br
ZAFFA MAQUINAS E FERRAMENTAS LTDA,https://www.zaffa.com.br
TMED TECNOLOGIA MEDICA S.A.,https://www.tmed.com.br
"LAMBERHONEY INDUSTRIA, COMERCIO E EXPORTACAO LTDA",https://www.lamberhoney.com.br
CONSTRUTORA ELOS ENGENHARIA LTDA.,https://construelos.ind.br
TRANSAL TRANSPORTADORA SALVAN LTDA,https://www.transal.com.br
VISUAL BIKE COMERCIO E SERVICOS LTDA,https://visualbike.com.br
ASSOC.DE ASSIST. A CRIANCA E AO ADOLESCENTE CARDIACOS E AOS TRANSPL.DO CORACAOACTC,https://www.actc.org.br
DALLIEVO CONFECCOES LTDA,https://dallievo.com.br
COMERCIAL FEROMAX LTDA,https://www.feromax.com.br
FONTERRA (BRASIL) LTDA.,https://www.fonterra.com
CBCO CENTRO BRASILEIRO DE CIRURGIA DE OLHOS SA,https://www.cbco.com.br
PROESTAMP PH SC FERRAMENTAS INDUSTRIAIS LTDA,https://pro-estamp.blogspot.com
BIOFARM QUIMICA E FARMACEUTICA LTDA,http://biofarm.com.br
COOPERATIVA SICOOB UNIMAIS METROPOLITANA  COOPERATIVA DE CREDITO DE LIVRE ADMISSAO,https://www.sicoob.com.br
MEIAS DALLF INDUSTRIA TEXTIL LTDA.,https://www.dallf.com.br
MRPRO PROTECOES ESPORTIVAS LTDA,https://www.mrpro.com.br
KAPRA COMERCIO IMPORTACAO E SERVICOS LTDA,https://www.kapra.com.br
FAVAROSSI CONFECCOES E COMERCIO LTDA,https://www.grupofavarossi.com.br
SHOPPING PROHOSPITAL MATERIAL MEDICO E HOSPITALAR LTDA,https://www.shoppingprohospital.com.br
SHOPPING PROHOSPITAL MATERIAL MEDICO E HOSPITALAR LTDA,https://www.shoppingprohospital.com.br
SHOPPING PROHOSPITAL MATERIAL MEDICO E HOSPITALAR LTDA,https://www.shoppingprohospital.com.br
SHOPPING PROHOSPITAL MATERIAL MEDICO E HOSPITALAR LTDA,https://www.shoppingprohospital.com.br
SHOPPING PROHOSPITAL MATERIAL MEDICO E HOSPITALAR LTDA,https://www.shoppingprohospital.com.br
SHOPPING PROHOSPITAL MATERIAL MEDICO E HOSPITALAR LTDA,https://www.shoppingprohospital.com.br
SHOPPING PROHOSPITAL MATERIAL MEDICO E HOSPITALAR LTDA,https://www.shoppingprohospital.com.br
ASSOCIACAO DOS FUNC DO FISCO DO ESTADO DE GOIAS,https://www.affego.com.br
"AGROCAC INDUSTRIA, DISTRIBUIDORA E COMERCIO DE DEFENSIVOS E INSUMOS AGRICOLAS LTDA",https://www.agrocac.com.br
CONSELHO REGIONAL DE ENGENHARIA E AGRONOMIA DO DISTRITO FEDERAL,https://www.creadf.org.br
CELLULAR HOUSE TELECOMUNICACOES LTDA,https://www.commcenter.com.br
ULTRA MAQUINAS COMERCIAL DE FERRAMENTAS LTDA,https://www.ultramaquinas.com.br
DHERMUS BOTICA DE MANIPULACAO E HOMEOPAT,https://dhermus.com.br
CORGRAF GRAFICA E EDITORA LTDA,https://grupocorgraf.com.br
PNEUMOTRONIC INDUSTRIA E COMERCIO LTDA,https://www.pneumotronic.com.br
UNIAO BRASILEIRA DE EDUCACAO CATOLICA,https://www.ubec.org.br
UNIAO BRASILEIRA DE EDUCACAO CATOLICA,https://www.ubec.org.br
ELANTRADE COMERCIO IMPORTACAO E EXPORTACAO LTDA,https://www.elantrade.com.br
CREDIMIL PRESTACAO DE SERVICOS E PROMOTORA DE VENDAS LTDA,https://credimil.com.br
EMPRESA BRASILEIRA DE PESQUISA AGROPECUARIA,https://www.embrapa.br
EMPRESA BRASILEIRA DE PESQUISA AGROPECUARIA,https://www.embrapa.br
EMPRESA BRASILEIRA DE PESQUISA AGROPECUARIA,https://www.embrapa.br
PINTO  SOARES ADVOGADOS ASSOCIADOS,http://pintoesoares.adv.br
HIDROLABOR LABORATORIO DE CONTROLE DE QUALIDADE LTDA,https://hidrolabor.com.br
COOPERSTANDARD AUTOMOTIVE BRASIL SEALING LTDA,https://www.cooperstandard.com
OPEL COMERCIO E INDUSTRIA DE ETIQUETAS LTDA,https://opeletiquetas.com.br
SERENA CONFECCOES LTDA,https://www.serenaconfeccoes.com.br
INSTITUTO NACIONAL DE COLONIZACAO E REFORMA AGRARIA,https://www.gov.br/inctra
INSTITUTO NACIONAL DE COLONIZACAO E REFORMA AGRARIA,https://www.gov.br/inctra
INSTITUTO NACIONAL DE COLONIZACAO E REFORMA AGRARIA,https://www.gov.br/inctra
IDEXX BRASIL LABORATORIOS LTDA.,https://www.idexx.com.br
HOSPITAL LAGO SUL SA,https://hospitaldaher.com.br
5 ESTRELAS SPECIAL SERVICE LIMP E SERV AUXILIARES LTDA,https://5ss.henriqueserra.com
5 ESTRELAS SPECIAL SERVICE LIMP E SERV AUXILIARES LTDA,https://5ss.henriqueserra.com
MUNTERS BRASIL INDUSTRIA E COMERCIO LTDA,https://www.munters.com
NEW MILLEN PRODUTOS ALIMENTICIOS LTDA,https://newmillen.com.br
UNIODONTO ATHENAS PAULISTA  COOPERATIVA ODONTOLOGICA,https://www.uniodonto.com.br
PNEU1 COMERCIO ELETRONICO DE PNEUS LTDA,https://www.pneu1.com.br
COMANDO DA AERONAUTICA,https://www.fab.mil.br
COMANDO DA AERONAUTICA,https://www.fab.mil.br
COMANDO DA AERONAUTICA,https://www.fab.mil.br
COMANDO DA AERONAUTICA,https://www.fab.mil.br
COMANDO DA AERONAUTICA,https://www.fab.mil.br
COMANDO DA AERONAUTICA,https://www.fab.mil.br
COMANDO DA AERONAUTICA,https://www.fab.mil.br
COMANDO DA AERONAUTICA,https://www.fab.mil.br
MINISTERIO DA EDUCACAO,https://www.gov.br/educacao
COMANDO DO EXERCITO,https://www.gov.br/eb
MINISTERIO DA FAZENDA,https://www.gov.br/fazenda
MINISTERIO DA FAZENDA,https://www.gov.br/fazenda
MINISTERIO DA JUSTICA E SEGURANCA PUBLICA,https://www.gov.br/jsp
MINISTERIO DA JUSTICA E SEGURANCA PUBLICA,https://www.gov.br/jsp
MINISTERIO DA JUSTICA E SEGURANCA PUBLICA,https://www.gov.br/jsp
MINISTERIO DA JUSTICA E SEGURANCA PUBLICA,https://www.gov.br/jsp
MINISTERIO DA JUSTICA E SEGURANCA PUBLICA,https://www.gov.br/jsp
MINISTERIO DA JUSTICA E SEGURANCA PUBLICA,https://www.gov.br/jsp
MINISTERIO DA JUSTICA E SEGURANCA PUBLICA,https://www.gov.br/jsp
MINISTERIO DA JUSTICA E SEGURANCA PUBLICA,https://www.gov.br/jsp
MINISTERIO DA JUSTICA E SEGURANCA PUBLICA,https://www.gov.br/jsp
MINISTERIO DA JUSTICA E SEGURANCA PUBLICA,https://www.gov.br/jsp
MINISTERIO DA JUSTICA E SEGURANCA PUBLICA,https://www.gov.br/jsp
MINISTERIO DA JUSTICA E SEGURANCA PUBLICA,https://www.gov.br/jsp
COMANDO DA MARINHA,https://www.marinha.mil.br
COMANDO DA MARINHA,https://www.marinha.mil.br
COMANDO DA MARINHA,https://www.marinha.mil.br
COMANDO DA MARINHA,https://www.marinha.mil.br
COMANDO DA MARINHA,https://www.marinha.mil.br
COMANDO DA MARINHA,https://www.marinha.mil.br
COMANDO DA MARINHA,https://www.marinha.mil.br
COMANDO DA MARINHA,https://www.marinha.mil.br
COMANDO DA MARINHA,https://www.marinha.mil.br
MINISTERIO DA SAUDE,https://www.gov.br/saude
MINISTERIO DA SAUDE,https://www.gov.br/saude
MINISTERIO DA SAUDE,https://www.gov.br/saude
MINISTERIO DA SAUDE,https://www.gov.br/saude
MINISTERIO DA SAUDE,https://www.gov.br/saude
DISTRITO FEDERAL SECRETARIA DE SAUDE,https://www.df.gov.br/saude
MINISTERIO DA AGRICULTURA E PECUARIA,https://www.gov.br/agricultura
MINISTERIO DA AGRICULTURA E PECUARIA,https://www.gov.br/agricultura
MINISTERIO DA AGRICULTURA E PECUARIA,https://www.gov.br/agricultura
MINISTERIO DA AGRICULTURA E PECUARIA,https://www.gov.br/agricultura
MINISTERIO DA AGRICULTURA E PECUARIA,https://www.gov.br/agricultura
MINISTERIO DA AGRICULTURA E PECUARIA,https://www.gov.br/agricultura
FUNDACAO DE ASSISTENCIA E PREVIDENCIA SOCIAL DO BNDES  FAPES,https://www.bndes.gov.br
INSTITUTO DA QUALIDADE AUTOMOTIVA  IQA,https://www.iqa.org.br
AIRBOMM TECNOLOGIA LTDA,https://www.airbomm.com.br
COMPANHIA DE DESENVOLVIMENTO DOS VALES DO SAO FRANCISCO E DO PARNAIBA,https://www.codevasf.gov.br
COMPANHIA DE DESENVOLVIMENTO DOS VALES DO SAO FRANCISCO E DO PARNAIBA,https://www.codevasf.gov.br
REFRACON INDUSTRIA DE REFRATARIOS LTDA,https://refracon.com.br
GRAFICA VENUS LTDA,https://graficavenus.com.br
BRASPORT LIVROS E MULTIMIDIA LTDA,https://www.brasport.com.br
BRASILQUIMICA INDUSTRIA E COMERCIO LTDA,https://www.brasilquimica.com.br
BRASILQUIMICA INDUSTRIA E COMERCIO LTDA,https://www.brasilquimica.com.br
CENTRO INTEGRADO DE ANATOMIA PATOLOGICA DE BRASILIA S/S LTDA,https://ciapbrasilia.com.br
RETA ENGENHARIA LTDA,https://www.retaengenharia.com.br
NEXA TECNOLOGIA LTDA,https://www.nexa.com.br
FRIO BEL REFRIGERACAO LTDA,https://friobel.com.br
BAND EQUIPAMENTOS E MAQUINAS REPUXADORAS LTDA,https://www.bandequipamentos.com.br
CONSELHO ADMINISTRATIVO DE DEFESA ECONOMICACADE,https://www.gov.br/cade
COMERCIO E INDUSTRIA DE PAPEL ARPEPEL LTDA,https://www.arpepel.com.br
LABORATORIO DE ANALISES APOLO LTDA,https://laboratorioapolo.com.br
SAWARY CONFECCOES LTDA,https://verificar
SAWARY CONFECCOES LTDA,https://verificar
SAWARY CONFECCOES LTDA,https://verificar
DPR TELECOMUNICACOES LTDA,https://www.dpr.com.br
EXPRESSO SAO MIGUEL SA,https://www.expressosaomiguel.com.br
EXPRESSO SAO MIGUEL SA,https://www.expressosaomiguel.com.br
COOPERATIVA DE CREDITO CREDIAGRO LTDA.  SICOOB CREDIAGRO,https://www.sicoob.com.br
ASSOCIACAO BRASILEIRA DE HIGIENISTAS OCUPACIONAIS ABHO,https://www.abho.org.br
FGVTN BRASIL LTDA,https://www.fgvtn.com.br
"SECRETARIA DE ESTADO DO TRABALHO, EMPREGO E ECONOMIA SOLIDARIA  SETS",https://sets.pr.gov.br
FERRICELLI INDUSTRIA E COMERCIO DE CALCADOS LTDA,https://www.ferricelli.com.br
TECNO LACRE DO BRASIL  ETIQUETAS E ESTAMPAS LTDA,https://www.tecnolacre.com.br
NATU CHARM INDUSTRIA E COMERCIO DE COSMETICOS LTDA,https://www.natucharm.com.br
SINALFIX INDUSTRIA E COMERCIO LTDA,https://www.sinalfix.com.br
MEDTOUR ADMINISTRADORA DE BENEFICIOS E EMPREENDIMENTOS LTDA,https://www.medtoursaude.com.br
COBBVANTRESS BRASIL LTDA,https://www.cobb-vantress.com.br
COBBVANTRESS BRASIL LTDA,https://www.cobb-vantress.com.br
CLM MEDICINA DO TRABALHO E SAUDE OCUPACIONAL LTDA,https://www.clm-med.com.br
AGRICOLA FAMOSA S.A.,https://agricolafamosa.com.br
VIQUA INDUSTRIA DE PLASTICOS LTDA,https://www.viqua.com.br
VANGUARDA LIVRARIA LTDA,http://livrariavanguarda.com.br
MINISTERIO DA GESTAO E DA INOVACAO EM SERVICOS PUBLICOS,https://www.mgisp.gov.br
MINISTERIO DA GESTAO E DA INOVACAO EM SERVICOS PUBLICOS,https://www.mgisp.gov.br
MINISTERIO DA GESTAO E DA INOVACAO EM SERVICOS PUBLICOS,https://www.mgisp.gov.br
MINISTERIO DA GESTAO E DA INOVACAO EM SERVICOS PUBLICOS,https://www.mgisp.gov.br
MINISTERIO DA GESTAO E DA INOVACAO EM SERVICOS PUBLICOS,https://www.mgisp.gov.br
MINISTERIO DA GESTAO E DA INOVACAO EM SERVICOS PUBLICOS,https://www.mgisp.gov.br
MINISTERIO DA GESTAO E DA INOVACAO EM SERVICOS PUBLICOS,https://www.mgisp.gov.br
UNIMED DE IBITINGA COOPERATIVA DE TRABALHO MEDICO,https://www.unimed.coop.br
SONOCO DO BRASIL LTDA,https://www.sonoco.com
SONOCO DO BRASIL LTDA,https://www.sonoco.com
"ACETEC  NAO TECIDOS, COMERCIO E SERVICOS LTDA",https://www.acetec.com.br
VITALIN ALIMENTOS LTDA,https://www.vitalin.com.br
BIJOUX SUL ACESSORIOS DE MODA LTDA,https://bellafemme.com.br
JETFIO INDUSTRIA TEXTIL LTDA,https://www.jetfio.com.br
JATOBETON ENGENHARIA LTDA,https://jatobeton.com.br
EDITORA SOPHOS LTDA,https://www.editorasophos.com.br
MTS SISTEMAS DO BRASIL LTDA,https://www.mts.com/br
RIVITEX COMERCIO IMPORTACAO E EXPORTACAO LTDA,https://www.rivitex.com.br
QUALYS DIAGNOSTICOS COMERCIO S.A.,https://somosqualys.com.br
BANCO RIBEIRAO PRETO SA,https://www.brp.com.br
ANIXTER DO BRASIL LTDA,https://www.anixter.com.br
OFICIAL DE REGISTRO CIVIL DA PESSOAS NATURAIS DO 39 SUBDISTRITO  VILA MADALENA DA COMARCA DA CAPITAL,https://cartoriofarialima.com.br
CRIS BONES CONFECCOES E BRINDES LTDA,https://www.crisbones.com.br
HOVAM DO BRASIL MAQUINAS E EQUIPAMENTOS LTDA,https://www.hovam.com.br
SILGAN WHITE CAP DO BRASIL LTDA.,https://www.silgan.com
IBRAMAC INDUSTRIA E COMERCIO DE EQUIPAMENTOS PARA CONFECCAO LTDA,https://www.ibramac.com.br
HIDRAU MAQUINAS MANGUEIRAS E CONEXOES LTDA,https://www.hidraumaquinas.com.br
SOARTE ETIQUETAS E PAINEIS GRAFICOS LTDA,https://soarte.ind.br
INTERCROMA SA EM RECUPERACAO JUDICIAL,https://www.intercroma.com
RENYLAB  QUIMICA E FARMACEUTICA LTDA,https://lojarenylab.ind.br
QUICK SUPPLIES AUTO PARTS COMERCIO IMPORTACAO E REPRESENTACAO LTDA,https://www.quicksupplies.com.br
CONFEDERACAO NACIONAL DOS TRABALHADORES EM EDUCACAO,https://www.cnte.org.br
INSTITUTO MANEJO E CERTICACAO FLOREST AGRIC.IMAFLORA,https://www.imaflora.org
ITS MATERIAL CIRURGICO LTDA,https://www.its-mc.com
GILZER CONFECCOES LTDA,https://www.gilzer.com.br
HALLSTAR BRASIL INDUSTRIA E COMERCIO LTDA.,https://www.hallstar.com.br
"SEMEX DO BRASIL COMERCIO, IMPORTACAO E EXPORTACAO LTDA.",https://semex.com.br
FERRARI MEDICAL LTDA,https://ferrarimedical.com.br
OPHICINA ORGANICA FERTILIZANTES LTDA,https://www.ophicinaorganica.com.br
PIVETA ASSUNCAO STRUT LTDA,https://www.strut.com.br
SUPRIMASTER COMERCIO E SOLUCOES LTDA,https://www.suprimaster.com.br
SAFISA INDUSTRIA DE AUTO PARTES LTDA,https://safisa.com.br
FED NACIONAL COMUNIDADE EVANGELICA SARA NOSSA TERRA,https://saranossaterra.com.br
CLINILAB LABORATORIO E CONSULTORIO VETERINARIO LTDA,https://clinilabvet.com.br
HOSPITAL MERIDIONAL S.A,https://www.redemeridional.com.br
LAMINA LABORATORIO DE PATOLOGIA E PREVENCAO DE CANCER LTDA,http://laminalab.com.br
POSTALIS INSTITUTO DE PREVIDENCIA COMPLEMENTAR,https://www.postalis.com.br
RAROS SISTEMAS E AUTOMACAO LTDA,https://rarospneumatica.com.br
ARTIGO X INDUSTRIA E COMERCIO LTDA,https://www.artigox.com.br
REDRAU FILTROS LTDA,https://redraufiltros.com.br
SAO DOMINGOS SAUDE  ASSISTENCIA MEDICA LTDA,https://saodomingossaude.com.br
ART HOT TRANSFER DISTRIBUIDORA LTDA,https://arthot.com.br
GADARI COMERCIO DE ACES. PARA ELETRODOMESTICOS LTDA,https://www.gadari.com.br
ACOPLAST BRASIL LTDA,https://www.acoplast.com
CAIXA DE ASSISTENCIA SISTEMA SAUDE INTEGRAL,https://ssisaude.com.br
PRIMEIROS PASSOS INDUSTRIA E COMERCIO DE MEIAS LTDA,http://primeirospassos.ind.br
DRIVE A INFORMATICA LTDA,http://drivea.com.br
ENGESOFTWARE TECNOLOGIA SA,https://www.engesoftware.com.br
CHOCOLATES FRANZ INDUSTRIA E COMERCIO LTDA,https://www.chocolatesfranz.com.br
CORRECTA EDITORA LTDA,http://revistaapolice.com.br
VG SERVICOS PREDIAIS LTDA,https://www.grupovg.com.br
COMITE PARAOLIMPICO BRASILEIRO,https://www.comiteparaolimpico.org.br
ICELCAR AUTOPECAS LTDA,https://icelcar.com.br
COOPERATIVA DE CREDITO VALE DO CANOAS  SICOOBSC CREDICANOAS,https://www.sicoob.com.br
CIMHSA LTDA,https://www.cimhsa.com.br
CIMHSA LTDA,https://www.cimhsa.com.br
CIMHSA LTDA,https://www.cimhsa.com.br
CIMHSA LTDA,https://www.cimhsa.com.br
CIMHSA LTDA,https://www.cimhsa.com.br
INTIMUS FASHION INDUSTRIA E COMERCIO DE CONFECCOES LTDA,https://intimusfashion.com.br
R MARINAS CONFECCOES LTDA,https://rmarinasconfeccoes.com.br
REGIVEL  REGINALDO VEICULOS LTDA,https://www.regivelmultimarcas.com.br
REGIVEL  REGINALDO VEICULOS LTDA,https://www.regivelmultimarcas.com.br
REGIVEL  REGINALDO VEICULOS LTDA,https://www.regivelmultimarcas.com.br
REGIVEL  REGINALDO VEICULOS LTDA,https://www.regivelmultimarcas.com.br
REGIVEL  REGINALDO VEICULOS LTDA,https://www.regivelmultimarcas.com.br
WOLFSTORE INDUSTRIA TEXTIL LTDA,http://wolfstore.com.br/
BMC SOFTWARE DO BRASIL LTDA,https://www.bmc.com
ROQUE INDUSTRIA E COMERCIO LTDA,https://www.industriaric.com.br
LIRA EQUIPAMENTOS LTDA,https://www.liraequipamentos.com.br
NET SIGN COMUNICACAO VISUAL LTDA,https://netsign.com.br
BEE PROPOLIS BRASIL LTDA,https://beepropolis.com.br
LABFERT ANALISES LTDA,https://www.labfert.com.br
FRIGORIFICO INDUSTRIAL VALE DO PIRANGA SA,https://www.saudali.com.br
FAST INDUSTRIA E COMERCIO LTDA,https://www.fastindustria.com.br
COR LINE SISTEMA DE SERVICOS LTDA,https://www.corline.com.br
ATLANTIS SANEAMENTO LTDA,https://atlantissaneamento.com.br
CABLETECH CABOS LTDA,https://www.cabletech.com.br
CABLETECH CABOS LTDA,https://www.cabletech.com.br
VITORIA  RECURSOS HUMANOS LTDA,https://www.vitoriarh.com.br
COOPERATIVA DE CREDITO CREDIVAZ LTDA.  SICOOB CREDIVAZ,https://www.sicoob.com.br
COOPERATIVA DE CREDITO CREDICAPI LTDA  SICOOB CREDICAPI,https://www.sicoob.com.br
MAQTRON IMPORTACAO E EXPORTACAO LTDA,https://www.vencedoramaqtron.com.br
PROTECAR DO BRASIL INDUSTRIA E COMERCIO DE TRAVAS LTDA,https://www.protecardobrasil.com.br
CHEF CHIPS INDUSTRIA E COMERCIO ITAPETININGA LTDA,https://chefchips.com.br
APERIFIO INDUSTRIA COMERCIO E REPRESENTACOES LTDA,https://hillo.com.br
LABORATORIO TERMOFRIO IMPORTACAO E EXPORTACAO LTDA,https://www.termofrio.com.br
SHANTE FASHION COMERCIO E CONFECCOES LTDA,https://shantefashion.com.br
SONODA INFORMATICA LTDA,https://sonodainformatica.com.br
RODILINE MANUTENCAO E REPARACAO DE RODIZIOS LTDA,https://www.rodiline.com.br
ABA CORRENTES E ENGRENAGENS LTDA,https://abacorrentes.com.br
POWER GRAPHICS LTDA,https://www.powergraphics.com.br
ASSOCIACAO BRASILEIRA DE AGRICULTURA BIODINAMICA,https://biodinamica.org.br
UNIPETRO DOURADOS DISTRIBUIDORA DE PETROLEO LTDA,https://grupounipetro.com.br
MULTI VEGETAL INDUSTRIA E COMERCIO DE COSMETICOS E PRODUTOS NATURAIS LTDA,https://www.multivegetal.com.br
CERAMICA STRUFALDI LTDA,https://www.strufaldi.com.br
ZIRTEC INDUSTRIA E COMERCIO LTDA,https://www.zirtec.com.br
MENIN ENGENHARIA LTDA,https://menin.com.br
CONNECT INFORMACOES E TECNOLOGIA SA,https://connectsa.com.br
INSTITUTO DE PREVIDENCIA E ASSISTENCIA ODONTOLOGICA LTDA,https://www.inpao.com.br
UNIPETRO M S DISTRIBUIDORA DE PETROLEO LTDA,https://grupounipetro.com.br
GRAVATAS DO BRASIL LTDA,https://gravatasdobrasil.com.br
METALURGICA FRANKE LTDA,https://www.metalurgicafranke.com.br
G8 BR LOGISTICA INTEGRADA LTDA,https://www.g8br.com.br
BIO RESEARCH DO BRASIL INSTRUMENTACAO CIENTIFICA LTDA,https://www.bioresearch.com.br
TEIXEIRA FORTES ADVOGADOS ASSOCIADOS,https://www.fortes.adv.br
MAIS VANTAGENS COMERCIO DE PRESENTES E PRODUTOS DE USO PESSOAL LTDA,https://maisvantagens.com.br
SUNYATA PRODUTOS ALTERNATIVOS LTDA,https://www.sunyata.com.br
OBJECTIVE SOLUTIONS CONSULTORIA E DESENVOLVIMENTO DE SISTEMAS LTDA,https://www.objective.com.br
RESISTRONIC COMPONENTES ELETRONICOS LTDA,https://resistronic.com.br
AMBL PET SHOP LTDA,https://petshopsupertrato.com.br
FUND COORD DE APERFEICOAMENTO DE PESSOAL DE NIVEL SUP,https://www.capes.gov.br
SEGTRONICA COMERCIO DE EQUIPAMENTOS E PRODUTOS LTDA,https://www.segtronica.com.br
MDR ASSESSORIA EM MEDICINA DO TRABALHO LTDA,https://mextramdr.com.br
THOMSON REUTERS BRASIL CONTEUDO E TECNOLOGIA LTDA,https://www.thomsonreuters.com.br
ESCRITORIO CONTABIL SETE ESTRELAS. LTDA,https://setestrelas.com.br
J. E. HERMES DISTRIBUIDORA DE AUTOPECAS LTDA,https://jddistribuidora.com.br
GAULTERIA FARMACIA DE MANIPULACAO LTDA,https://gaulteriamanipulacao.com.br
FEEDBACK SERVICES LTDA,https://feedbackrj.com.br
MEIBACHTECH LTDA,https://www.meibachtech.com
LAO INDUSTRIA LTDA,https://www.laosp.br
VIBRAMOL INDUSTRIA E COMERCIO DE MOLAS LTDA,https://vibramol.com.br
DAMATA BEBIDAS LTDA,https://www.damataleo.com.br
CROMAGRAFYC LTDA,https://cromagrafyc.com.br
EQUIPESCA INDUSTRIA E COMERCIO LTDA,https://equipesca.com.br
RSOUZA IMOVEIS  CONDOMINIOS LTDA,https://rsouzaimoveis.com.br
MEGA FLUX INDUSTRIA E COMERCIO DE EQUIPAMENTOS INDUSTRIAIS LTDA,https://www.megaflux.net
COOPERATIVA DE CREDITO CREDICERIPA  SICOOB CREDICERIPA,https://www.sicoob.com.br
CIKA ELETRONICA DO BRASIL LTDA,https://www.cikaeletronica.com
MAQCAMPO SOLUCOES AGRICOLAS SA,https://maqcampo.com.br
LOJAS RAQUEL ARMARINHOS LTDA,https://www.raquelarmarinhos.com.br
MARINO ALEXANDRE  FARIAS COMERCIO DE FILTROS LTDA,https://viafiltros.com.br
WKVEASSES. EM SERV. DE INF. E TELECOMUNICACOES LTDA,https://www.wkve.com.br
FUNDACAO DE SAUDE DILSON DE QUADROS GODINHO,https://fundacaodilsongodinho.org.br
MULTICOISAS FRANQUIAS LTDA,https://www.multicoisas.com.br
BLOKTON EMPREENDIMENTOS COMERCIAIS SA,https://www.blokton.com.br
SOCIEDADE MUNDIAL DE PROTECAO ANIMAL  WORLD ANIMAL PROTECTION BRAZIL,https://worldanimalprotection.org
NUOVA METAIS LTDA,https://nuovametais.com.br
SITECNICA SERVICOS DE ELETRONICA LTDA,https://www.sitecnica.com.br
ENGEMAP ENGENHARIA E AEROLEVANTAMENTO LTDA.,https://engemap.com.br
COMBRASIL ALIMENTOS S.A.,https://www.combrasil.com.br
PROART LABORATORIO DENTAL LTDA,https://www.rhprotese.com.br
NASA VEICULOS LTDA,https://www.gruponasa.com.br
NASA VEICULOS LTDA,https://www.gruponasa.com.br
NASA VEICULOS LTDA,https://www.gruponasa.com.br
DAG QUIMICA INDUSTRIA COMERCIO E REPRESENTACOES LTDA,https://www.dagquimica.com.br
"POINTER ABC, COMERCIO, IMPORTACAO E EXPORTACAO DE PRODUTOS ELETRONICOS LTDA",https://www.pointerabc.com.br
CAVO SERVICOS E SANEAMENTO SA EM RECUPERACAO JUDICIAL,https://www.cavo.com.br
CAVO SERVICOS E SANEAMENTO SA EM RECUPERACAO JUDICIAL,https://www.cavo.com.br
CAVO SERVICOS E SANEAMENTO SA EM RECUPERACAO JUDICIAL,https://www.cavo.com.br
CAVO SERVICOS E SANEAMENTO SA EM RECUPERACAO JUDICIAL,https://www.cavo.com.br
CAVO SERVICOS E SANEAMENTO SA EM RECUPERACAO JUDICIAL,https://www.cavo.com.br
CAVO SERVICOS E SANEAMENTO SA EM RECUPERACAO JUDICIAL,https://www.cavo.com.br
CAVO SERVICOS E SANEAMENTO SA EM RECUPERACAO JUDICIAL,https://www.cavo.com.br
CAVO SERVICOS E SANEAMENTO SA EM RECUPERACAO JUDICIAL,https://www.cavo.com.br
CAVO SERVICOS E SANEAMENTO SA EM RECUPERACAO JUDICIAL,https://www.cavo.com.br
CAVO SERVICOS E SANEAMENTO SA EM RECUPERACAO JUDICIAL,https://www.cavo.com.br
CAVO SERVICOS E SANEAMENTO SA EM RECUPERACAO JUDICIAL,https://www.cavo.com.br
CAVO SERVICOS E SANEAMENTO SA EM RECUPERACAO JUDICIAL,https://www.cavo.com.br
CAVO SERVICOS E SANEAMENTO SA EM RECUPERACAO JUDICIAL,https://www.cavo.com.br
COMERCIO E INDUSTRIA DE PRODUTOS AGROPECUARIOS GUACHUKA LTDA,https://guachuka.com.br
HELP STAR BLUE COMERCIO DE MATERIAIS MEDICOS E HOSPITALARES LTDA,https://helpstar.com.br
CENTRO EDUCACIONAL FRANCISCANO,https://www.cefac.com.br
CENTRO EDUCACIONAL FRANCISCANO,https://www.cefac.com.br
CROMOTRANSFER INDUSTRIA DE ESTAMPAS EM TRANSFER LTDA,https://cromotransfer.com.br
SOFOLHA SOLUCOES CORPORATIVAS LTDA,https://www.sofolha.com.br
ENDOCIRURGICA  COMERCIO DE PRODUTOS MEDICOS LTDA.,https://www.endocirurgica.com.br
SIPAR FERRAMENTAS LTDA,https://verificar
ALPHA RECURSOS HUMANOS LTDA,https://www.alpharh.com.br
MARCATTO COMERCIO E RESTAURACAO DE PECAS HIDRAULICAS LTDA,https://marcattohidraulica.com.br
2 TABELIONATO DE PROT REG PES JUR TIT DOCUMENTOS DE GOIANIA MARCONI DE FARIA CASTRO,https://www.2prtd.com.br
ZL FERRAMENTAS LTDA,https://verificar
VIEMAR INDUSTRIA E COMERCIO LTDA,https://www.viemar.com
CV CONSULTORIA LTDA,https://cvconsultoriatrabalhista.com.br
SINDEPOMINAS SINDICATO DOS DELEGADOS DE POLICIA DO ESTADO DE MINAS GERAIS,https://www.sindepominas.com.br
HELIOPRINT LOCADORA DE EQUIPAMENTOS LTDA,https://verificar
HELIOPRINT LOCADORA DE EQUIPAMENTOS LTDA,https://verificar
BRAKKO COMERCIO E IMPORTACAO LTDA,https://brakko.com.br
AGUIA DIESEL LTDA,https://verificar
MISTRAS SOUTH AMERICA LTDA,https://www.mistrasgroup.com
"1. TABELIONATO DE PROTESTO, REGISTRO DE PESSOAS JURIDICAS, TITULOS E DOCUMENTOS DE GOIANIA",https://www.1protestogoiania.com.br
KRUGANS KIMONOS LTDA,https://www.kruganskimonos.com
NOKIA SOLUTIONS AND NETWORKS DO BRASIL TELECOMUNICACOES LTDA.,https://www.nokia.com
NOKIA SOLUTIONS AND NETWORKS DO BRASIL TELECOMUNICACOES LTDA.,https://www.nokia.com
NOKIA SOLUTIONS AND NETWORKS DO BRASIL TELECOMUNICACOES LTDA.,https://www.nokia.com
APAE ASSOCIACAO DE PAIS E AMIGOS DOS EXCEPCIONAIS DE ANAPOLIS,https://apaeaps.org.br
MULTIREDE DISTRIBUIDORA LTDA,https://www.multiredebh.com.br
WAY  COM TECNOLOGIA LTDA,https://waytecnologia.com.br
LACIER JOSE DE REZENDE LIVRARIA,https://livrarialacier.com.br
SIMONE GOMES CALCADOS LTDA,https://www.simonegomes.com.br
SIM  SOF FOLHEADOS INDUSTRIA E COMERCIO DE BIJUTERIAS LTDA.,https://www.ipanemajoias.com.br
METALLOYS  CHEMICALS COMERCIAL LTDA,http://metalloys.com.br
DROGARIA E FARMACIA DE MANIPULACAO SAO JOAO LTDA,https://www.saojoaofarmacias.com.br
POLI SPORTS COMERCIO E INDUSTRIA LTDA,https://www.polisports.com.br
ABRAPAR COMERCIAL IMPORTADORA EXPORTADORA E SERVIC LTDA,https://abraparcomex.com
COOPERATIVA DE CREDITO CREDIMATA LTDA.  SICOOB CREDIMATA.,https://www.sicoob.com.br
VIVEIRO FLORA BRASIL LTDA,https://viveiroflorabrasil.com.br
EUCHNER COMERCIO DE COMPONENTES ELETRONICOS LTDA,https://www.euchner.com.br
TC TECNICA CIRURGICA COMERCIO DE MATERIAIS HOSPITALARES E ODONTOLOGICOS LTDA,https://www.tctecnicacirurgica.com
TC TECNICA CIRURGICA COMERCIO DE MATERIAIS HOSPITALARES E ODONTOLOGICOS LTDA,https://www.tctecnicacirurgica.com
INSTITUTO DE DESENVOLVIMENTO AGROPECUARIO E FLORESTAL SUSTENTAVEL DO ESTADO DO AMAZONAS,https://www.idam.am.gov.br
VBR LOGISTICA LTDA.,https://vbrlogistica.com.br
VBR LOGISTICA LTDA.,https://vbrlogistica.com.br
VBR LOGISTICA LTDA.,https://vbrlogistica.com.br
VBR LOGISTICA LTDA.,https://vbrlogistica.com.br
AMBIPAR LOGISTICS LTDA,https://www.ambipar.com.br
AMBIPAR LOGISTICS LTDA,https://www.ambipar.com.br
AMBIPAR LOGISTICS LTDA,https://www.ambipar.com.br
AMBIPAR LOGISTICS LTDA,https://www.ambipar.com.br
AMBIPAR LOGISTICS LTDA,https://www.ambipar.com.br
AMBIPAR LOGISTICS LTDA,https://www.ambipar.com.br
COLORFIX ITAMASTER INDUSTRIA DE MASTERBATCHES LIMITADA,https://www.colorfix.com.br
CONSULPLAN CONSULTORIA E PLANEJAMENTO EM ADMINISTRACAO PUBLICA LTDA,https://www.consulplan.com
EG FILTROS LTDA,https://egfiltros.com.br
HONDA AUTOMOVEIS DO BRASIL LTDA,https://www.honda.com.br
HONDA AUTOMOVEIS DO BRASIL LTDA,https://www.honda.com.br
HONDA AUTOMOVEIS DO BRASIL LTDA,https://www.honda.com.br
PLASTIC WAY PRODUTOS PARA A SAUDE LTDA,https://www.plasticway.com.br
REDLANDS DO BRASIL INDUSTRIA E COMERCIO LTDA,https://redlands.com.br
DAVITA SERVICOS DE NEFROLOGIA TAUBATE LTDA.,https://www.davita.com.br
YOFC BRASIL CABOS E SOLUCOES LTDA,https://www.yofc.com
UNIODONTO DE SAO JOSE DO RIO PARDO  COOPERATIVA ODONTOLOGICA,https://www.uniodonto.com.br
CEMEAP CENTRO MEDICO EXAME ADMISSIONAL E PERIODICO LTDA,https://www.cemeap.com.br
AGSTCONTROLES E AUTOMACAO LTDA,http://www.agst.com.br
SUTURMEDIC LTDA,https://www.suturmedic.com.br
ALMONT DO BRASIL IMPORTACAO COM E REPRESENTACAO LTDA,https://www.almont.com.br
REDE MS INTEGRACAO DE RADIO E TELEVISAO LTDA,https://redems.com.br
CIMPORT  IMPORTACAO E EXPORTACAO LTDA,https://cimport.com.br
A F DUTRA IND COM RESISTENCIAS ELETR LTD,https://afdutra.com.br
IPM SISTEMAS LTDA,https://www.ipmsistemas.com.br
3P BRASIL  CONSULTORIA E PROJETOS DE ESTRUTURACAO DE PARCERIAS PUBLICOPRIVADAS E,https://www.3pbrasil.com.br
HTP SOLUTION INFORMATICA E SISTEMAS SA,https://itransport.com.br
NUSA DUA LTDA,https://www.nusadua.com.br
TELEVISAO GOYA LTDA,https://www.recordtvgoias.com.br
EDUCACIONAL MARTINS ANDRADE LTDA,https://ciodonto.edu.br
VORIQUES COMERCIO DE OPTICA LTDA,https://www.voriquesoptica.com.br
ASSOCIACAO DOS MAGISTRADOS DO ESTADO DE GOIAS,https://asmego.org.br
TRANKS INDUSTRIA E COMERCIO DE MAQUINAS E EQUIPAMENTOS LTDA,https://www.ciklone.com.br
CLEANIC AMBIENTAL COMERCIO E SERVICOS DE HIGIENIZACAO LTDA,https://www.cleanic.com.br
SERTRAN TRANSPORTES E SERVICOS LTDA,https://www.sertran.com.br
NEWAGE INDUSTRIA DE BEBIDAS LTDA.,https://www.newage.com.br
IVAN MERCEDO MOREIRA SOCIEDADE DE ADVOGADOS,http://www.mercedo.com.br
MULTIAVE LTDA,https://www.multiave.com.br
TECMULTI SAUDE AMBIENTAL,https://www.multiave.com.br
CHEMIPOL PIGMENTOS E CORANTES LTDA,https://www.chemipol.com.br
DISTRIBUIDORA GAMA LTDA,https://www.distribuidoragama.com.br
RUSH PRAIA LTDA,https://www.rushpraia.com.br
"AMDS4  IMPORTACAO, EXPORTACAO E COMERCIO DE EQUIPAMENTOS ELETRICOS LTDA.",https://www.amds4.com.br
GALVAO ENGENHARIA SA,https://www.galvao.com.br
CD STUDIO SOLUCOES GRAFICAS LTDA,http://cdstudio.com.br
SUSTENTARE PRODUTOS ALIMENTICIOS LTDA EM RECUPERACAO JUDICIAL,http://www.sustentare.com.br
MEDEIROS GALVAO SOLUCOES LTDA,https://www.medeirosgalvao.com.br
ROYAL FIC DISTRIBUIDORA DE DERIVADOS DE PETROLEO SA,https://www.royalfic.com.br
LAVILABOR PRODUTOS NATURAIS LTDA,https://lavilabor.com.br
"6F DECORACOES EXPORTACAO, IMPORTACAO E COMERCIO LTDA",https://www.6f.com.br
FOGGIATTO TINTAS E PECAS LTDA,https://foggiatto.com.br
CLARIOS ENERGY SOLUTIONS BRASIL LTDA,https://www.clarios.com
CONSELHO REGIONAL DE PSICOLOGIA DE MS  14 REGIAO,https://www.crp14.org.br
COMPANHIA HIDROELETRICA SAO PATRICIO  CHESP,https://www.chesp.com.br
INVENTARIO  COMERCIO DE PAPEIS E BRINDES LTDA.,https://papeisespeciais.com.br
HANIER ESPECIALIDADES QUIMICAS LTDA,https://hanier.com.br
ALCTEL TELECOM & CABING,https://www.alctel.com.br
V.B. INCORPORADORA LTDA,https://www.vbincorporadora.com.br
INDUSTRIA SUL BRASIL DE TRANSFORMADORES LTDA,http://transformador.ind.br
FARMACIA BIOETICA LTDA,https://farmaciabioetica.com.br
EDM FERRAMENTARIA INDUSTRIA E COMERCIO LTDA,https://www.edmferramentaria.com.br
PAVISERVICE SERVICOS DE PAVIMENTACAO LTDA,https://paviservice.com.br
DEXTER LATINA INDUSTRIA E COMERCIO DE PRODUTOS QUIMICOS LTDA EM RECUPERACAO JUDICIAL,https://www.dexterlatina.com.br
VILLAGUA EMPRESA ESPECIALIZADA EM CONDOMINIO LTDA,https://villagua.com.br
COMERCIAL MOTOCICLO SA,https://motociclo.com.br
NIVAN CALCADOS LTDA.,https://aye-aye.com.br
COOPERATIVA DOS MEDICOS ANESTESIOLOGISTAS DE GOIAS,https://coopanestgo.com.br
MKS EQUIPAMENTOS HIDRAULICOS LTDA,https://lp.marksell.com.br
UNIODONTO DE VOTUPORANGA COOPERATIVA ODONTOLOGICA,https://www.uniodonto.com.br
"SSR TECNOLOGIA, ENGENHARIA E AEROLEVANTAMENTOS LTDA",https://ssr.com.br
SERV MAIS SERVICOS DE LIMPEZA LTDA,https://servmais.com.br
PAULICOMP SUL COMPONENTES ELETRO ELETRONICOS LTDA,https://paulicomp.com
PROJETO EDUCANDO BRASIL MATERIAIS DIDATICOS LTDA,https://jogoseducando.com
PEDRA SUL COMERCIO DE PEDRAS LTDA,https://pedrasulgranitos.com.br
RIETI INDUSTRIA E COMERCIO DE METAIS LTDA,https://rieti.com.br
DISTRIBUIDORA DE ELETRONICOS ROUTE 66 LTDA,https://route66.com.br
DISTRIBUIDORA DE ELETRONICOS ROUTE 66 LTDA,https://route66.com.br
TROPICAL ESTUFAS AGRICOLAS LTDA,https://tropicalestufas.com.br
CINBOR INDUSTRIA DE PNEUS LTDA,https://www.cinbor.com.br
MEDICATRIZ INDUSTRIA E COMERCIO DE COSMETICOS LTDA,https://medicatriz.com.br
INSTITUTO GAMMA DE ASSESSORIA A ORGAOS PUBLICOS LTDA,https://igam.com.br
APARECIDO INACIO E PEREIRA ADVOGADOS ASSOCIADOS,https://inacioepereira.com.br
MEDMEGA INDUSTRIA DE EQUIPAMENTOS MEDICOS LTDA,https://medmega.com.br
ONESUBSEA DO BRASIL SERVICOS SUBMARINOS LTDA,https://onesubsea.slb.com
ONESUBSEA DO BRASIL SERVICOS SUBMARINOS LTDA,https://onesubsea.slb.com
GOIS ALMEIDA  WEIRICH ADVOGADOS ASSOCIADOS,https://gawadvogados.com.br
HIPER CENTRIFUGATION LTDA,https://hipercentrifugation.com.br
TECIDOS TITA LTDA,https://tecidostita.com.br
TIRADENTES MEDICO HOSPITALAR LTDA,https://tiradentesnet.com.br
UNILENTES INDUSTRIAL COMERCIAL DE LENTES LTDA,https://unilentes.com.br
J.CAMARA  IRMAOS SA,https://ojc.com.br
COMERCIAL COMAG LTDA,https://comercialcomag.com.br
SMARTEC  COMERCIO E SERVICOS DE AUTOMACAO INDUSTRIAL LTDA,https://smartec-automacao.com.br
EXPRESSO SAO LUIZ LTDA,https://expressosaoluiz.com.br
BOTTERO DO BRASIL MAQUINAS PARA VIDRO LTDA,https://bottero.com
ARC COMERCIO CONSTRUCAO E ADMINISTRACAO DE SERVICOS LTDA,https://arcsinalizacao.com.br
ELRINGKLINGER DO BRASIL LTDA,https://www.elringklinger.com
ELRINGKLINGER DO BRASIL LTDA,https://www.elringklinger.com
SR SERVICOS TERCEIRIZADOS LTDA,https://srservicos.com.br
ASSOCIACAO DE COMBATE AO CANCER EM GOIAS,https://accg.org.br
EMBALAMAQ MAQUINAS E EQUIPAMENTOS LTDA,https://embalamaq.com.br
SOCER RB INDUSTRIA E COMERCIO LTDA.,https://socer.com.br
SOCER RB INDUSTRIA E COMERCIO LTDA.,https://socer.com.br
SOCER RB INDUSTRIA E COMERCIO LTDA.,https://socer.com.br
SOCER RB INDUSTRIA E COMERCIO LTDA.,https://socer.com.br
SOCER RB INDUSTRIA E COMERCIO LTDA.,https://socer.com.br
SOCER RB INDUSTRIA E COMERCIO LTDA.,https://socer.com.br
AGAPE  PRODUCOES DIDATICAS E LITERARIAS LTDA,https://loja.editoraflorearlivros.com.br
FONTERI ORGANIZACAO E SERVICOS LTDA,https://fonteri.com.br
KALIUM INDUSTRIA E COMERCIO DE MALHAS LTDA,https://kalium.com.br
EXTIMINAS NACIONAL COMERCIO E INDUSTRIA LTDA,https://extiminasnacional.com.br
ASSOCIACAO HOSPITAL CARDIOLOGICO COSTANTINI,https://hospitalcostantini.com.br
LETRA CAPITAL EDITORA LTDA,https://letracapital.com.br
SANEAMENTO DE GOIAS SA,https://saneago.com.br
HINNO TECHNOLOGY LTDA,https://hinnotechnology.com.br
ENGEPAR  ENGENHARIA E PARTICIPACOES LTDA,https://engepar.ind.br
Alucom.com.br Alucom LTDA 01.628.251/0001-88,https://www.alucom.com.br
CTAF CENTRO DE TECNOLOGIA EM ADMINISTRACAO FUNERARIA LT,https://funerarianet.com.br
VERRY MAQUINAS LTDA,https://verrymaquinas.com.br
UNIVERSIDADE ESTADUAL DO TOCANTINS  UNITINS,https://www.unitins.edu.br
COOPERATIVA DE CREDITO DE LIVRE ADMISSAO DO VALE DO PARANAPANEMA  SICOOB CREDIVALE,https://www.sicoob.com.br
COOPERATIVA DE CREDITO DE LIVRE ADMISSAO DO VALE DO PARANAPANEMA  SICOOB CREDIVALE,https://www.sicoob.com.br
COOPERATIVA DE CREDITO DE LIVRE ADMISSAO DO VALE DO PARANAPANEMA  SICOOB CREDIVALE,https://www.sicoob.com.br
AGRO NZ COMERCIAL AGRICOLA LTDA,https://agronz.com.br
CONGREGACAO DO SANTISSIMO REDENTOR DE GOIAS,https://redentorista.com.br
DINON TRANSPORTES LTDA,https://dinon.com.br
COOPERATIVA DE CREDITO DE LIVRE ADMISSAO DO SERTAO DE MINAS GERAIS LTDA.  SICOOB SERTAO MINAS,https://www.sicoob.com.br
CASTRO FORTUNATO COMERCIO DE EQUIPAMENTOS ELETRONICOS LTDA,https://entersec.com.br
AVENORTE AVICOLA CIANORTE LTDA,https://avenorteavicolacianorteltda.com
BREMEN AUTO PARTS IMPORTACAO E COMERCIO LTDA,https://bremauto.lojaintegrada.com.br
PK CABLES DO BRASIL INDUSTRIA E COMERCIO LTDA,https://motherson.com
PARANAGUA SANEAMENTO S.A.,https://igua.com.br
KAIZEN RS - VEICULOS & SERVICOS LTDA,https://kaizenrs.com.br
CONSELHO REGIONAL DE ECONOMIA DA 3 REGIAO PE,https://www.creg3.org.br
COOPERATIVA DE CREDITO DE LIVRE ADMISSAO DA REGIAO DE GUAXUPE LTDASICOOB ACICREDI,https://www.sicoob.com.br
COOPERATIVA DE CREDITO DE LIVRE ADMISSAO UNIAO DO CENTRO OESTE DE MINAS LTDA.  SICOOB CREDESP,https://www.sicoob.com.br
DIAMULT FERRAMENTAS DIAMANTADAS LTDA.,https://diamultdiamantados.com
REAL PARCERIA MAO DE OBRA TEMPORARIA LTDA,https://realparceria.com.br
DE LAMOUR JOIAS LTDA,https://delamour.com.br
TRANSBERNARDES CARGAS E ENCOMENDAS LTDA,https://transbernardes.com.br
INGREDION BRASIL INGREDIENTES INDUSTRIAIS LTDA,https://www.ingredion.com
BRASILVET INDUSTRIA E COMERCIO DE PRODUTOS AGROPECUARIOS LTDA,https://brasilvet.com.br
ACTIA DO BRASIL INDUSTRIA E COMERCIO LTDA,https://actia.com.br
COLORTRADE IMPORTACAO E EXPORTACAO DE PRODUTOS QUIMICOS LTDA,https://colortrade.com.br
COOPERATIVA DE CREDITO DE LIVRE ADMISSAO DE LAGOA DA PRATA E REGIAO LTDA.  SICOOB LAGOACRED GERAIS,https://www.sicoob.com.br
TECAR MINAS AUTOMOVEIS E SERVICOS LTDA,https://tecar.com.br
PAVIDEZ ENGENHARIA LTDA,https://pavidez.com.br
I.D.ITALY COMPONENTES DIESEL LTDA,https://iditaly.com.br
MULTITONE ELETRONICA LTDA,https://multitone.com.br
ISCA TECNOLOGIAS LTDA,https://isca.com.br
KOBRA INDUSTRIA E TECNOLOGIA LTDA,https://kobratec.com.br
D. A. AVIACAO LTDA,https://daaviacao.com
SAMBAIBA TRANSPORTES URBANOS LTDA.,https://sambaibasp.com.br
J R ARTIGOS PARA LOJISTAS LTDA,https://jrexpositores.com.br
JOTTPLAY COMERCIO DE BRINQUEDOS LTDA,https://jottplay.com.br
SUPRIAUTO COMERCIO DE PRODUTOS AUTOMOTIVOS LTDA,https://supriauto.com.br
AURORA TERMINAIS E SERVICOS LTDA,https://eadiaurora.com.br
EMAR BATALHA COMERCIO DE JOIAS LTDA,https://emarbatalha.com.br
MOVELBENTO LTDA,https://movelbento.com.br
"ASSOCIACAO DAS DROGARIAS, FARMACIAS E LOJAS DE HPC DO CENTRO OESTE  REDE BIODROGASBIO HPC",https://www.biodrogas.com.br
P  D SELOS MECANICOS INDUSTRIA E COMERCIO LTDA,https://pedselosmecanicos.com.br
GIZ SOL INDUSTRIA E COMERCIO LTDA,https://gizsol.com.br
SILGAN DISPENSING SYSTEMS DO BRASIL LTDA,https://www.silgan.com
TUBOARTE INDUSTRIA E COMERCIO LTDA,https://tuboarte.com.br
FGF COMERCIO E SERVICOS DE ESTERILIZACAO EM OXIDO DE ETILENO LTDA,https://oxetilfgf.com.br
ORTOPEDIA BIOTECNICA LTDA,https://ortopediabiotecnica.com.br
TECNOMOTOR DISTRIBUIDORA S.A.,https://tecnomotor.com.br
DIVISEG  INDUSTRIA DE EQUIPAMENTOS DE SEGURANCA LTDA,https://diviseg.com.br
CENTURIA COMERCIO DE CALCADOS E ACESSORIOS LTDA,https://centuriacalcados.com.br
CONSELHO BRASILEIRO DE OPTICA E OPTOMETRIA,https://www.cbo.org.br
R. A. ALMEIDA PORCELANAS,https://raporcelanasatacado.com.br
EXCELLENCE COMERCIAL LTDA,https://excellenceimp.com.br
PIONEIRA PRODUTOS DENTARIOS LTDA.,https://pioneirapd.com.br
"DE VIVO, CASTRO, CUNHA E WHITAKER ADVOGADOS",https://devivocastro.com.br
ASSOCIACAO CULTURAL DE APOIO AO MUSEU CASA DE PORTINARI,https://acamportinari.org
DE CARLI  MODA INTIMA LTDA,https://decarlimodaintima.com.br
ELETRO TRANSOL IND E COMERCIO MAT ELETRICOS LTDA,https://eletrotransol.com.br
INCOE INTERNATIONAL BRASIL LTDA,https://incoe.com
WYMA TECNOLOGIA LTDA,https://wyma.com
SEMENTES VAN LEEUWEN LTDA,https://sementesvanleeuwen.com.br
DEISSY MODA INTIMA LTDA,https://deissylingerie.com.br
FABBOF INDUSTRIA METALURGICA LTDA,https://fabbof.com.br
PROMOTEMP ASSESSORIA EM RECURSOS HUMANOS LTDA,https://promotemp.com.br
JMA FERNANDOPOLIS COMERCIO DE FERRAGENS LTDA,https://jma.net.br
ACTIVA  COMERCIO EXTERIOR LTDA,https://activacomex.com.br
SIRENA INDUSTRIA E COMERCIO LTDA,https://sirena.ind.br
M. LUPY JOIAS LTDA,https://mlupy.com.br
LANICLE LINGERIE LTDA,https://lanicle.com.br
HAMMERHEAD SPORTS LTDA,https://hammerhead.com.br
POSTO CAXUXA MGM LTDA,https://redecaxuxa.com.br
CALLAMARYS INDUSTRIA E COMERCIO DE COSMETICOS E SANEANTES LTDA,https://callamarys.com.br
EDICOES LOGOS LTDA,https://edicoeslogos.com.br
TUV RHEINLAND DO BRASIL LTDA,https://www.tuv.com
BATBANCA REVISTARIA LTDA,https://lojabat.com
NILO TOZZO DISTRIBUIDORA LTDA,https://tozzo.com.br
FUNDACAO DE ESTUD POLIT ECON E SOCIAIS ALBERTO PASQUALINI,https://www.fapa.com.br
SUMIDENSO DO BRASIL INDUSTRIAS ELETRICAS LTDA,https://www.sumidenso.com.br
SUMIDENSO DO BRASIL INDUSTRIAS ELETRICAS LTDA,https://www.sumidenso.com.br
JESCRI DE FRIBURGO MODA INTIMA LTDA,https://jescri.com.br
MICROTEX TECIDOS LTDA,https://microtex.com.br
AGENCIA BRASILEIRA DE METEOROLOGIA LTDA.,https://climatempo.com.br
OUROFERTIL FERTILIZANTES LTDA,https://ourofertil.com.br
TECNICHS BRASIL COMPONENTES INDUSTRIAIS LTDA,https://technichs.com.br
GEMAS DO MUNDO INDUSTRIA E COMERCIO DE PEDRAS E ARTESANATOS LTDA,https://gemasdomundo.com.br
VALLITECH INDUSTRIA E COMERCIO DE ARTEFATOS METALICOS LTDA,https://vallitech.com.br
CANALTEC INDUSTRIA E COMERCIO DE FERRAMENTAS LTDA,https://canaltec.ind.br
TECNOFLUID DO BRASIL LTDA,https://tecnofluid.com.br
ESTRELA INDUSTRIA E COMERCIO DE BIJUTERIAS LTDA,https://estrelabijouterias.com.br
BORGES COMERCIAL LTDA,https://laboratorioborges.com.br
BMA BORRACHAS MONTE ALTO LTDA,https://bma-borrachas.com.br
SIMCO COMERCIO IMPORTACAO EXPORTACAO DE MAQUINAS LTDA,https://simcomaq.com.br
"COOP. DE ECON E CRED MUTUO DOS SERV DO PODER JUDICIARIO, DO TRIB DE CONTAS ESTADUAL E DEMAIS ORGAOS PUB.MUN., EST E FEDERAIS NO EST.RJ LTDA",https://sicoob.com.br
FLEXICOTTON INDUSTRIA E COMERCIO DE PRODUTOS DE HIGIENE PESSOAL SA,https://flexicotton.com.br
PIXLABEL ROTULOS ESPECIAIS LTDA,https://pixlabel.com.br
LOGHIS LOGISTICA E SERVICOS LTDA,https://loghis.com.br
FIBRACEM TELEINFORMATICA LTDA,https://fibracem.com
MASTER AGROINDUSTRIAL SA,https://master.agr.br
MASTER AGROINDUSTRIAL SA,https://master.agr.br
MASTER AGROINDUSTRIAL SA,https://master.agr.br
TARGET TRADING S.A.,https://targettrading.com.br
BFT BURZONI DO BRASIL COMERCIO DE FERRAMENTAS LTDA,https://bftbrasil.com.br
PISE LEVE COMERCIO DE CALCADOS LTDA,https://piseleve.com
KENKO PATTO DO BRASIL INDUSTRIA E COMERCIO LTDA,https://kenkopatto.com.br
PRECISION LABORATORIES LTDA,https://precisionlabs.com.br
COLINA DA PAZ ADMINISTRADORA DE CEMITERIOS LTDA,https://colinadapaz.com.br
COOPERATIVA DE CREDITO SICOOB SERTAO LTDA.,https://www.sicoob.com.br
UNIODONTO DE PINDAMONHANGABA COOPERATIVA ODONTOLOGICA,https://www.uniodonto.com.br
RANDA MUNDU CONFECCOES LTDA,https://randamundu.com.br
J SHOLNA REPRODUCOES GRAFICAS LTDA,https://sholna.com
VILLATRADE COMERCIO IMPORTACAO E EXPORTACAO LTDA,https://villatrade.com.br
INVITTO  ARTIGOS DE MODA LTDA,https://invitto.com
MF EMBALAGENS E LOGISTICA LTDA,https://mfembalagens.com.br
FONELIGHT TELECOMUNICACOES S.A,https://fonelight.com.br
HELVETIA ABRASIVOS LTDA,https://helvetiaabrasivos.com.br
DIRECAO ESTACIONAMENTOS SA,https://autopark.com.br
ORGANIZACAO DAS VOLUNTARIAS DE GOIAS,https://ovg.org.br
STOK SKIN COMERCIO E DISTRIBUIDORA DE COSMETICOS LTDA,https://stokskin.com.br
TEXTIL OMBORGO LTDA,https://textilomborgo.com.br
ALTERPEL INDUSTRIA E COMERCIO DE EMBALAGENS LTDA,https://alterpel.com.br
"TRANSREDE EMPRESA BRASILEIRA DE CONFECCAO, COMERCIO E DISTRIBUICAO LTDA",https://transrede.com
LULITEX COMERCIO IMPORTACAO E EXPORTACAO LTDA,https://lulitex.com.br
LIDER MOLAS DE AMERICANA LTDA,https://lidermolas.com.br
GUMP MOTORS COMPONENTES AUTOMOTIVOS LTDA,https://gumpmotors.com.br
CASA DO MEDICO PRODUTOS HOSPITALARES LTDA,https://casadomedico.com.br
O4 VEICULOS LTDA,https://balticvolvo.com.br
FISHTEXINDUSTRIA E COMERCIO DE PLASTICOS LTDA,https://fishtex.com.br
FRASCOMARJULYPLASTIC INDUSTRIA E COMERCIO DE PLASTICOS LTDA,https://frascomar.com.br
DOURAMOTORS VEICULOS LTDA,https://douramotors.com.br
COCAMAR MAQUINAS AGRICOLAS LTDA.,https://cocamar.com.br
ANDRITZ HYDRO LTDA.,https://andritz.com
ANDRITZ HYDRO LTDA.,https://andritz.com
TRG FITNESS LTDA,https://trgfitness.com.br
"PLATLOG IMPORTACAO, LOGISTICA E DISTRIBUICAO LTDA",https://platlog.com.br
ASSOCIACAO COMERCIO E INDUSTRIA DE JURUAIAACIJU,https://aciju.com.br
TBW IMPORTADORA LTDA,https://tbw.com.br
BWFER COMERCIO DE FERRAMENTAS LTDA,https://bwfer.com.br
SINDICATO DOS NOTARIOS E REGISTRADORES DO ESTADO DE GOIAS,https://sinoreggoias.com.br
MARIO MARCOS ANGELO LTDA,https://pubtec.com.br
SOGOBRAS IMPORTACAO E EXPORTACAO LTDA,https://sogobras.com.br
SERVITEC COMERCIAL E LOCACOES LTDA,https://serviteclocacao.com.br
FERNIK INDUSTRIA E COMERCIO LTDA,https://fernik.com.br
HOSPITAL ESPERANCA SA,https://rededorsaoluiz.com.br
"UNIMED CAJAZEIRAS, SOCIEDADE COOPERATIVA DE TRABALHO MEDICO",https://www.unimed.coop.br
CRIARTFARMA FARMACIA E MANIPULACAO LTDA,https://criartfarma.com
ENGEBLU INDUSTRIA E COMERCIO LTDA,https://engeblu.com.br
CONSTANTA INDUSTRIAL LTDA,https://constanta.com.br
FLUKE DO BRASIL LTDA,https://www.fluke.com
COMISSAO PASTORAL DA TERRA,https://cptnacional.org.br
LOGFARMA DISTRIBUICAO E SERVICOS LTDA,https://logfarma.com.br
COOPERATIVA DE CREDITO POTIGUAR  SICOOB POTIGUAR,https://www.sicoob.com.br
LICNES SERVICOS LTDA,https://licnes.com.br
MELCOPROL  INDUSTRIA E COMERCIO DE PRODUTOS NATURAIS LTDA,https://melcoprol.com.br
MVC EDITORA LTDA,https://mvceditora.com.br
TEMPO DE CRIANCA MODA INFANTIL LTDA,https://tempodecrianca.com.br
BARAO ONIBUS LTDA,https://baraobussp.com.br
INSTITUTO DA OPORTUNIDADE SOCIAL,https://ios.org.br
CONSELHO REGIONAL DE BIOLOGIA 2A. REGIAO RJES,https://www.crbio2.org.br
MERCOSERVICE PRESTACAO DE SERVICOS LTDA,https://mercoservice.com
QUALIQUIMICA ARTIGOS PARA LABORATORIOS LTDA,https://qualiquimica.net
USINA GOIANESIA SA,https://usinagoianesia.com.br
AFBRAS EDITORA DE REVISTAS FISCAIS E TRIBUTARIAS DO BRASIL LTDA,https://afbras.org.br
AROMATICA INDUSTRIAL LTDA,https://loja.aromatica.com.br
VALEINOX LTDA,https://valeinox.com.br
COOPERATIVA DE CREDITO DE LIVRE ADMISSAO E DOS ADVOGADOS LTDASICOOB CREDIJUR,https://www.sicoob.com.br
MINASBELT CORREIAS INDUSTRIAIS LTDA,https://minasbelt.com.br
ULTRAFEU EQUIPAMENTOS PARA GASTRONOMIA COMERCIAIS E INDUSTRIAIS LTDA,https://ultrafeu.com.br
GUASTELLI ADMINISTRACAO DE IMOVEIS SS LTDA,https://guastelli.com.br
PRATIC METAL INDUSTRIA METALURGICA LTDA,https://praticmetal.com.br
LOJAS MILANI LTDA,https://milani30horas.com.br
UNIMED FEDERACAO DO ESTADO DE MATO GROSSO,https://www.unimed.coop.br
"CESCON, BARRIEU, FLESCH  BARRETO SOCIEDADE DE ADVOGADOS",https://cesconbarrieu.com.br
CIMOAGROCOMERCIO E REPRESENTACAO AGROPECUARIA LTDA.,https://cimoagro.com.br
AEROPREST COMERCIO DE DERIVADOS DE PETROLEO LTDA,https://aeroprest.com.br
LIVRARIA HAG LTDA,https://livrariahag.com.br
CARUSO JR. ESTUDOS AMBIENTAIS  ENGENHARIA LTDA,https://carusojrea.com.br
FMB ALIMENTOS E BEBIDAS LTDA,https://fmbfoodservice.com.br
C S I CARGO LOGISTICA INTEGRAL SA,https://csicargo.com.br
COMERCIAL ANTONIO CARVALHO LTDA,https://cacarvalho.com.br
TATI COMERCIO ATACADISTA DE JOIAS E BIJUTERIAS LTDA,https://tatijoias.com.br
ATIVA LOCACAO LTDA,https://ativalocacao.com.br
"SIND.EMP.DE COMPRA, VENDA, LOC.E ADM.IMOV.E DOS COND.HORIZ., VERT. E DE EDIF.RESID.E COM.NO ESTADO DE GOIAS",https://seigoias.com.br
CENSI MAQUINAS LTDA.,https://censimaquinas.com.br
HIDROTUBE HIDRAULICA INDUSTRIAL LTDA,https://hidrotube.com.br
QUALIVED QUALIDADE EM VEDACOES LTDA,https://qualived.com.br
RZ NET LTDA,https://rznet.com.br
ASSOCIACAO HABITACIONAL BOM FUTURO,https://habitacionalbomfuturo.org.br
DECORISI INDUSTRIA E COMERCIO DE ARTEFATOS E OBJETOS DE DECORACAO LTDA,https://decorisi.com.br
FUNASA SAUDE,https://www.gov.br/funasa
DELA MORE COMERCIO E CONFECCOES BAURU LTDA,https://delamore.com.br
"SANFARMA INDUSTRIA, COMERCIO E IMPORTACAO E EXPORTACAO LTDA",https://sanfarma.com.br
METALURGICA DALLMAC LTDA,https://dallmac.com.br
POLIMENTOS CORREA  INDUSTRIA E COMERCIO DE METAIS LTDA.,https://polimentoscorrea.com.br
ACRILDESTAC INDUSTRIA E COMERCIO LTDA,https://acrildestac.com.br
FUNDACAO SARA ALBUQUERQUE COSTA,https://fundacaosara.org.br
FUNDACAO SARA ALBUQUERQUE COSTA,https://fundacaosara.org.br
LIDER SPORT LTDA,https://lidersport.com.br
AUTENTICA  BANDEIRAS E CONFECCOES LTDA,https://autenticabandeiras.com.br
CENTRO BRASILEIRO DE RELACOES INTERNACIONAIS  CEBRI,https://cebri.org
CENTRO INTEGRADO DE ESTUDOS E PROGRAMAS DE DESENVOLVIMENTO SUSTENTAVEL,https://cieds.org.br
BRASIL MINERIOS SA,https://brasilminerios.com.br
"GESTOR SERVICOS EMPRESARIAIS ESPECIALIZADOS EM MAO DE OBRA, GESTAO DE RECURSOS HUMANOS E LIMPEZA LTDA",https://gestorservicosltda.com.br
EDMARCAS REFRIGERACAO COMERCIAL LTDA.,https://edmarcas.com.br
JCDECAUX DO BRASIL LTDA.,https://jcdecaux.com.br
BRACOB INDUSTRIA DE MAQUINAS DE COSTURA LTDA,https://bracob.com.br
DNT  DISTRIBUIDORA NACIONAL DE TURBOS LTDA,https://dntturbos.com.br
"PETRUS, INDUSTRIA E COMERCIO DE ARTIGOS RELIGIOSOS LTDA",https://hostiaspetrus.com.br
ADONAI QUIMICA SA,https://www.adonai.com.br
ATHALAIA GRAFICA E EDITORA LTDA,https://athalaia.com.br
SINDICATO DOS DOCENTES DAS UNIVERSIDADES FEDERAIS DE GOIAS  ADUFG SINDICATO,https://adufg.org.br
COOPERATIVA DE TRABALHO DOS ARTESAOS E CURTIDORES EM COURO DE RIBEIRA DE CABACEIRAS  ARTEZA,https://lojaarteza.com.br
PANANORTE TECNOLOGIA ELETRONICA LTDA,https://pananorte.com.br
FUNISA COMERCIO DE ACESSORIOS E SERRALHERIA INDUSTRIAL LTDA,https://funisa.com.br
RESERVA DE MINAS INDUSTRIA E COMERCIO LTDA.,https://reservademinas.com.br
NATU VALE CONFECCOES LTDA,https://natuvale.com
GOMES CRYSTALS LTDA,https://gomescrystals.com.br
ALRAMUR REPRESENTACOES E COMERCIO LTDA.,https://sigmafiltro.com.br
FRIONEL INDUSTRIA E COMERCIO DE REFRIGERACAO LTDA,https://frionel.com.br
NORPEM COMERCIAL LTDA,https://norpem.com.br
TRIUNFO INDUSTRIA DE BALANCAS ELETRONICAS LTDA,https://triunfobalancas.com.br
MATH GROUP ADMINISTRACAO E TECNOLOGIA DA INFORMACAO S.A.,https://math.group
MERCOFRICON SA,https://fricon.com.br
MARAVILHA MOTOS LTDA,https://maravilhamotos.com.br
PACKMILK INDUSTRIA E COMERCIO DE MAQUINAS LTDA,https://packmilk.com
BAZAR PONTO 1 LTDA,https://bazarponto1.com.br
PRONEP SAO PAULO  SERVICOS ESPECIALIZADOS DOMICILIARES E HOSPITALARES LTDA,https://pronep.com.br
KONGSBERG AUTOMOTIVE LTDA,https://www.kongsbergautomotive.com
CCR S.A.,https://motiva.com.br
ASSOCIACAO DAS DEFENSORAS E DOS DEFENSORES PUBLICOS DE MINAS GERAIS,https://adepmg.org.br
BRASPULV IMPLEMENTOS E PECAS AGRICOLAS LTDA,https://braspulv.com.br
DI RACA JEANS INDUSTRIA E COMERCIO DE CONFECCOES LTDA,https://diraca.com.br
NOVAFITOS COMERCIO E DISTRIBUICAO LTDA,https://novafitos.com.br
JET AVIONICS EQUIPAMENTOS AERONAUTICOS LTDA,https://jet-avionics.com.br
RECUPERADORA SALES GAMA LTDA,https://salesgama.com.br
VIGILLARE SISTEMAS DE MONITORAMENTO LTDA,https://vigillare.com.br
SERVTECK SERVICOS TECNICOS E COMERCIO DE PECAS LTDA,https://servteck.com.br
HAYASA COMERCIO E SERVICOS DE AUTOMOTORES LTDA,https://hayasa.com.br
JBS SA,https://www.jbs.com.br
DISERRACO  DISTRIBUIDORA DE SERRAS DE ACO LTDA,https://diserraco.com.br
SYSMEX DO BRASIL INDUSTRIA E COMERCIO LTDA,https://sysmex.com
CITRO AROMA LTDA.,https://citroaroma.com.br
CREA  RR CONSELHO REGIONAL DE ENGENHARIA E AGRONOMIA DE RORAIMA,https://www.crearr.org.br
PRAKOLAR ROTULOS AUTOADESIVOS LTDA.,https://prakolar.com.br
COOPERATIVA DE CREDITO DE LIVRE ADMISSAO DO ESTADO DO RIO DE JANEIRO  SICOOB FLUMINENSE,https://www.sicoob.com.br
CONTROL CONSTRUCOES S.A,https://control.eng.br
CONFECCOES LUTHEUZ LTDA,https://lutheuz.com.br
CASA DA CALDEIRA LTDA,https://casadacaldeira.com.br
FAR POLITO AGUA PURA LTDA,https://farpolito.com.br
ART PINOS LTDA,https://artpinos.com.br
JOMACLER INDUSTRIA E COMERCIO DE CONDUTORES ELETRICOS LTDA.,https://jomacler.com.br
CALCADOS PORTO FREE LTDA,https://portofree.com.br
AVIBRASIL INDUSTRIA E COMERCIO DE EQUIPAMENTOS AVICOLAS LTDA,https://avioeste.com.br
NTN ROLAMENTOS DO BRASIL LTDA.,https://ntn.com.br
CONSELHO REGIONAL DE MEDICINA DO ESTADO DE MATO GROSSO,https://www.crememt.org.br
INSTITUTO RONALD MCDONALD DE APOIO A CRIANCA,https://www.imc.org.br
KM TRANSPORTES RODOVIARIOS DE CARGAS LTDA,https://kmtransportes.com.br
CEREAIS CELIA LTDA,https://cereaiscelia.com.br
FOCKINK INDUSTRIAS ELETRICAS LTDA,https://fockink.ind.br
TROUW NUTRITION BRASIL NUTRICAO ANIMAL LTDA,https://www.feedly.com
TROUW NUTRITION BRASIL NUTRICAO ANIMAL LTDA,https://www.feedly.com
TROUW NUTRITION BRASIL NUTRICAO ANIMAL LTDA,https://www.feedly.com
TROUW NUTRITION BRASIL NUTRICAO ANIMAL LTDA,https://www.feedly.com
RODOVIAS DAS COLINAS SA,https://viaappia.com.br/viacolinas
JACO COELHO ADVOGADOS,https://jacocoelho.com.br
ELETRONET S.A,https://eletronet.com
TSM TELECOMUNICACOES DO BRASIL LTDA,https://tsmantenas.com.br
MUZAZEN ACESSORIOS DA MODA LTDA,https://muzazen.site
BASE DE HIDROGRAFIA DA MARINHA EM NITEROI,https://mar.mil.br/dhn
FGTEC INFORMATICA LTDA,https://fgtec.com.br
TP ORTHODONTICS BRASIL LTDA,https://tportho.com
PREVEMAX INDUSTRIA E COMERCIO DE EPI S IMPERMEAVEIS E DESCARTAVEIS LTDA,https://prevemax.com.br
ITW CHEMICAL PRODUCTS LTDA,https://itwchem.com.br
CENATTE EMBRIOES LTDA,https://cenatte.com.br
JR DO BRASIL COMERCIO IMPORTACAO E EXPORTACAO DE FERRAMENTAS  EM RECUPERACAO JUDICIAL LTDA,https://jrdoBrasil.com.br
BOMBINOX INDUSTRIA  COMERCIO LTDA,https://bombinox.com.br
SECULLUM SOFTWARES LTDA,https://secullum.com.br
PELISSARI INFORMATICA SA,https://pelissari.com.br
BUSCH DO BRASIL LTDA,https://busch.com
HORTISHOP SISTEMAS DE IRRIGACAO LTDA,https://hortishop.com.br
FOLIGNOS CONFECCOES LTDA,https://folignos.com.br
CRIE LIGHT COMUNICACAO VISUAL E ETIQUETAS METALICAS LTDA,https://crielight.com.br
ENGEOCON EMPREENDIMENTOS LTDA,https://villagedolago.com.br
PODONTO LIDER INDUSTRIA COMERCIO E SERVICOS LTDA,https://podontolider.com.br
ITAL PRODUTOS INDUSTRIAIS LTDA..,https://eletroimas.com
INPROMED DO BRASIL INDUSTRIA E COMERCIO DE PRODUTOS MEDICOS LTDA,https://inpromeddobrasil.com.br
COOPERATIVA DE TRABALHO TEXTIL GALOPOLIS LTDA  COOTEGAL,https://cootegal.com.br
MISSAO SALESIANA DE MATO GROSSO,https://missaosalesiana.org.br
CONSELHO REGIONAL DE PSICOLOGIA SETIMA REGIAO,https://www.crp7.org.br
ARTS CORACAO DE MARIA LTDA,https://artscoracaodemaria.com.br
DISCAUTOL DISTRIBUIDORA CAMPOGRANDENSE DE AUTOMOVEIS LTDA,https://discautol.com.br
CONTROLE NET TECNOLOGIA LTDA,https://controle.net
PREMIAR TROFEUS E MEDALHAS LTDA,https://premiartrofeus.com.br
UNIMIL UNIFORMES MILITARES LTDA,https://unimiluniformesmilitares.com
ARQDIGITAL LTDA,https://arqdigital.com.br
"PROREGI INDUSTRIA, COMERCIO E IMPORTACAO LTDA",https://proregi.com.br
GINEGAR INDUSTRIA DE PLASTICOS LTDA,https://ginegar.com.br
MANIFARMA LTDA,https://manifarma.com.br
AGRIFIRM DO BRASIL NUTRICAO ANIMAL LTDA,https://agrifirm.com.br
B. M. DO BRASIL IMPORTACAO E EXPORTACAO LTDA,https://bmdobrasil.com.br
CONDUMAX NR3 INDUSTRIA E COMERCIO LTDA,https://condumax.com.br
UMI SAN SERVICOS DE APOIO A NAVEGACAO E ENGENHARIA LTDA,https://umi.com.br
CAMARA REGIONAL DE OPTICA E OPTOMETRIA DO ESTADO DE MINAS GERAIS  CROOMG,https://www.croomg.org.br
PASQUALI PARISE E GASPARINI JUNIOR ADVOGADOS,https://ppgj.com.br
PASQUALI PARISE E GASPARINI JUNIOR ADVOGADOS,https://ppgj.com.br
CORREMOL COMERCIO DE CORRENTES E MOLAS LTDA,https://corremol.com.br
"ROCAR COMERCIO, IMPORTACAO DE ACESSORIOS INDUSTRIAIS LTDA",https://rocaracessorios.com.br
VALE RACE COMERCIO E IMPORTACAO LTDA,https://valerace.com.br
MINAS PHARMA LTDA,https://minaspharma.com.br
IMDEX DO BRASIL INDUSTRIA E COMERCIO LTDA,https://www.imdex.com.br
MECTROL DO BRASIL COMERCIAL LTDA,https://www.mectrol.com.br
CASTRO NAVES COMERCIO E SERVICOS DE DISTRIBUICAO S.A.,https://castronaves.com.br
NATUCID LIFESCIENCE INDUSTRIA QUIMICA LTDA,https://natucid.commercesuite.com.br
EMBRAR  EQUIPAMENTOS E COMPONENTES LTDA,https://embrar.com.br
CAFE TOLEDO LTDA,https://cafetoledo.com.br
AXON LOGISTICA SA,https://axontransportes.com.br
ACRO CABOS DE ACO INDUSTRIA E COMERCIO LTDA,https://acrocabo.com.br
METALURGICA DAK LTDA,https://dak.com.br
CTRLTECH  CONVERSAO DE ENERGIA S.A.,https://ctrltech.com.br
WHITE GAS SENSORES LTDA,https://whitegas.com.br
SLO BIOTECNOLOGIA LTDA,https://slobiotecnologia.com.br
R6 INSTITUICAO DE PAGAMENTOS LTDA,https://r6card.com.br
METALURGICA SCATOLIN LTDA.,https://metalurgicascatolin.com.br
SICREDI CREDUNI  COOPERATIVA DE ECONOMIA E CRED MUT DOS SER DAS INST PUB DE ENS SUP DO EST DA PB E DA DEM INST E ORG PUB NO EST DA PARAIBA,https://www.sicredi.com.br
AUREMAR ILUMINACAO INDUSTRIA E COMERCIO LTDA,https://auremar.com.br
UMOE BIOENERGY S.A.,https://umoebioenergy.com.br
GRAMPAC INDUSTRIAL LTDA.,https://grampac.com.br
MANDO MACHINERY DISTRIBUIDORA DE AUTO PECAS LTDA.,https://www.mando.com
KRAUSMULLER INDUSTRIA E COMERCIO  LTDA,https://www.krausmuller.com
"ASSOCIACAO DE APOSENTADOS, FUNCIONARIOS E PENSIONISTAS DO BANCO DO BRASIL",https://aapbb.org.br
COOPERATIVA A1,https://coopera1.com.br
FECHOS GARCIA INDUSTRIA E COMERCIO LTDA,https://fechosgarcia.com.br
CONSELHO REGIONAL DE ODONTOLOGIA DE MATO GROSSO,https://www.cro6.org.br
COOPERATIVA DE CREDITO E ECONOMIA COM INTERACAO SOLIDARIA  CRESOL ENCOSTAS DA SERRA GERAL,https://www.cresol.coop.br
GESTHO  GESTAO HOSPITALAR S.A,https://hbh.com.br
STANFER INDUSTRIA METALURGICA LTDA,https://stanferindustria.com.br
GRANJTEC INDUSTRIA E COMERCIO LTDA,https://granjtec.com.br
WATER SPORTS BRAZIL LTDA,https://wsb.com.br
COOPERATIVA DE CREDITO DOS INTEGRANTES DO PODER JUDICIARIO E DO MINISTERIO PUBLICO DO ESTADO DE MINAS GERAIS LTDA  SICOOB JUSMP,https://www.sicoob.com.br
VETORIAL SIDERURGIA SA,https://vetorial.com.br
LAVSIM  HIGIENIZACAO TEXTIL S.A.,https://lavsim.com.br
CAMGUI  FERNANDES COMERCIO DE BRINQUEDOS LTDA,https://cubomagico.com.br
ORDENHADEIRAS SULINOX LTDA  EM RECUPERACAO JUDICIAL,https://sulinox.com.br
MUNDIVOX DO BRASIL LTDA,https://www.mundivox.com.br
BEST PULP BRASIL LTDA,https://bestpulp.com.br
IBL  INSTITUTO BRASILEIRO DE LINGUAS LTDA,https://ibl-idiomas.com.br
SPINE IMPLANTES  IMPORTACAO E EXPORTACAO LTDA,https://spineimplantes.com.br
INSTITUTO MIGRACOES E DIREITOS HUMANOS,https://migrante.org.br
SERVICO SOCIAL DO COMERCIO SESCARPB,https://www.sesc.com.br
SERVICO NACIONAL DE APRENDIZAGEM COMERCIAL,https://www.senac.br
SICOOB FRONTEIRAS,https://www.sicoob.com.br
SERVICO SOCIAL DO COMERCIO,https://www.sesc.com.br
GRATT INDUSTRIA DE MAQUINAS LTDA,https://gratt.com.br
SENAC  SERVICO NACIONAL DE APRENDIZAGEM COMERCIAL,https://www.senac.br
VITORIA HOTEIS LTDA,https://vitoriahoteis.com.br
VITORIA HOTEIS LTDA,https://vitoriahoteis.com.br
SERVICO NACIONAL DE APRENDIZAGEM COMERCIAL,https://www.senac.br
SINDIFISCO NACIONAL  SIND. NAC. DOS AUD. FISCAIS DA RECEITA FEDERAL DO BRASIL,https://sindifisonacional.org.br
GEAP AUTOGESTAO EM SAUDE,https://geap.org.br
INSTITUTO BRASILEIRO DO MEIO AMBIENTE E DOS RECURSOS NATURAIS RENOVAVEISIBAMA,https://ibama.gov.br
INSTITUTO BRASILEIRO DO MEIO AMBIENTE E DOS RECURSOS NATURAIS RENOVAVEISIBAMA,https://ibama.gov.br
INSTITUTO BRASILEIRO DO MEIO AMBIENTE E DOS RECURSOS NATURAIS RENOVAVEISIBAMA,https://ibama.gov.br
INSTITUTO BRASILEIRO DO MEIO AMBIENTE E DOS RECURSOS NATURAIS RENOVAVEISIBAMA,https://ibama.gov.br
TAG SINALIZACAO LTDA,https://tagsinalizacao.com
A EMBAGEL EMBALAGENS DE VIDROS E PLASTICOS LTDA,https://embagel.com.br
SERVICO NACIONAL DE APRENDIZAGEM COMERCIAL  SENAC,https://www.senac.br
EDITORA E DISTRIBUIDORA DE LIVROS MUNDO JURIDICO LTDA,https://editoramundojuridico.com.br
BRS SUPRIMENTOS CORPORATIVOS SA,https://brsupply.com.br
BRS SUPRIMENTOS CORPORATIVOS SA,https://brsupply.com.br
MINUANO COMPONENTES PARA MOVEIS LTDA,https://minuanocomponentes.com.br
SERVICO NACIONAL DE APRENDIZAGEM INDUSTRIAL,https://www.sesinai.org.br
SERVICO SOCIAL DA INDUSTRIASESIDEPARTAMENTO REGIONAL DO TOCANTINS,https://www.sesitocantins.org.br
SERVICO SOCIAL DA INDUSTRIASESIDEPARTAMENTO REGIONAL DO TOCANTINS,https://www.sesitocantins.org.br
SERVICO SOCIAL DA INDUSTRIASESIDEPARTAMENTO REGIONAL DO TOCANTINS,https://www.sesitocantins.org.br
SERVICO SOCIAL DA INDUSTRIASESIDEPARTAMENTO REGIONAL DO TOCANTINS,https://www.sesitocantins.org.br
SERVICO SOCIAL DA INDUSTRIA  SESI,https://www.sesisebrapi.org.br
ALEMWEB.COM SERVICOS DE INFORMACAO NA INTERNET S.A.,https://www.alemweb.com
QUAKER TEXTIL DO BRASIL LTDA.,https://www.quakerhoughton.com
INDUSTRIA DE MEIAS NETFIOS LTDA,https://netfios.com.br
JOVICARD SISTEMAS LTDA,https://jovicard.com.br
GREENPLAC TECNOLOGIA INDUSTRIAL LTDA,https://greenplac.com.br
SESI  SERVICO SOCIAL DA INDUSTRIA,https://www.sesisebrapi.org.br
SOENERGY  SISTEMAS INTERNACIONAIS DE ENERGIA SA,https://www.soenergy.com.br
INSTITUTO DE TERRAS DE MATO GROSSO,https://www.itt.mt.gov.br
AROSUL INDUSTRIA E COMERCIO DE PECAS LTDA,https://arosul.com.br
TECNOTOK INDUSTRIA DE MAQUINAS LTDA,https://tecnotok.com
COPASUL COOPERATIVA AGRICOLA SUL MATOGROSSENSE,https://copasul.coop.br
COPASUL COOPERATIVA AGRICOLA SUL MATOGROSSENSE,https://copasul.coop.br
COPASUL COOPERATIVA AGRICOLA SUL MATOGROSSENSE,https://copasul.coop.br
CONSULADO GERAL DA BELGICA,https://www.diplomatie.be
METALQUIP INDUSTRIA DE CONEXOES HIDRAULICAS PARA ALTA PRESSAO S.A.,https://metalquip.com.br
COOPERATIVA DE CREDITO DE LIVRE ADMISSAO DO CIRCUITO DAS AGUAS  SICOOB CIRCUITO DAS AGUAS.,https://www.sicoob.com.br
CONSULADO GERAL DA FRANCA EM SAO PAULO,https://sp.ambafrance.org
OSSEA TECHNOLOGY INDUSTRIA E COMERCIO LTDA,https://ossea.com.br
"SEPPIC BRASIL  ESPECIALIDADES QUIMICAS, COMERCIO E IMPORTACAO LTDA",https://www.seppic.com
CONSULADO GERAL DA REPUBLICA FEDERAL DA ALEMANHA,https://diplo.de
MADEINWEB  S A,https://madeinweb.com.br
SERVICO NACIONAL DE APRENDIZAGEM COMERCIAL,https://www.senac.br
INTECH BOATING INDUSTRIA E COMERCIO DE EMBARCACOES LTDA.,https://intechboating.com
COPEC ACESSORIOS INDUSTRIAIS LTDA,https://copecrolamentos.com.br
DR.REDDYS FARMACEUTICA DO BRASIL LTDA,https://drreddys.com.br
CONSELHO REGIONAL DOS CORRETORES DE IMOVEIS 14 REGIAO,https://www.core14.org.br
AMBICAMP  GERENCIAMENTO DE RESIDUOS LTDA,https://ambicampbrasil.com.br
SIGAMAQ INDUSTRIAL LTDA,https://sigamaq.com.br
RTS RIO SA,https://rtsrio.com.br
PLUVIMAX INDUSTRIA E COMERCIO DE COMPONENTES HIDRAULICOS LTDA,https://pluvimax.com.br
PREMER INDUSTRIA E COMERCIO DE PECAS AGRICOLAS LTDA,https://premer.com.br
BIONEXO S.A.,https://bionexo.com
EMBAIXADA DA FRANCA,https://brasilia.ambafrance.org
FUNDACAO UNIVERSIDADE FEDERAL DO ACRE,https://www.ufacs.edu.br
TROPDAN INDUSTRIA E COMERCIO DE PRODUTOS ALIMENTICIOS LTDA  EM RECUPERACAO JUDICIAL,https://tropdan.com.br
INSTITUTO DE CIENCIAS NAUTICAS ICN,https://cienciasnauticas.org.br
LAMINADORES RIO PRETO INDUSTRIA E COMERCIO LTDA,https://laminadoresriopreto.com.br
SASSI MEDIDORES E TRANSFORMADORES LTDA,https://sassitransformadores.com.br
INDUSTRIA E COMERCIO DE DOCES BALSAMO LTDA.,https://www.docesbalsamo.com.br
REDENE METALURGICA LTDA,https://www.redesmetalurgica.net
NELISE COMERCIO DE CALCADOS CACAPAVA LTDA,https://www.wnshoes.com.br
CENTRAL ENERGETICA MORENO DE MONTE APRAZIVEL ACUCAR E ALCOOL LTDA,https://www.usinamoreno.com.br
GLOBALBEV BEBIDAS E ALIMENTOS S.A,https://www.globalbev.com.br
FUNDACAO SRI VAJERA,https://www.srivajera.org.br
MAXTRACK INDUSTRIAL LTDA,https://www.maxtrack.com.br
MICRONTEK FERRAMENTARIA LTDA,https://www.microntek.com.br
DUNAS COMERCIO DE EMBALAGENS LTDA,https://www.dunasembalagens.com.br
TMF BRASIL ASSESSORIA CONTABIL E EMPRESARIAL LTDA.,https://www.tmf-group.com
DATACLICK LTDA,https://www.dataclick.com.br
POLICIA MILITAR DO ESTADO DE SAO PAULO,http://www.policiamilitar.sp.gov.br
POLICIA MILITAR DO ESTADO DE SAO PAULO,http://www.policiamilitar.sp.gov.br
LUME CERAMICA LTDA,https://www.lumeceramica.com.br
SOCIEDADE AVANTIS DE ENSINO E ESCOLA DE AVIACAO CIVIL S.A.,https://www.avantis.edu.br
SUPERMERCADO CASTELO DA SERRA LTDA,https://www.cercadao.com.br
SUPERMAX BRASIL IMPORTADORA SA,https://www.supermax-brasil.com
VICECONSULADO DE PORTUGAL EM BELEMPARA,https://www.portaldiplomatico.pt
DIGIPOWER LTDA,https://www.digipower.com.br
FORTAL PISCINAS LTDA,https://www.fortalpiscinas.com.br
LEVEFORT ICOMA LTDA,https://www.leveforticoma.com.br
GIBERTONI CABOS E ELETRICA LTDA,https://www.gibertoni.com.br
BRASCAMP EQUIPAMENTOS DE PROTECAO DO TRABALHO LTDA,https://www.grupobrascamp.com.br
POLICIA CIVIL DO ESTADO DE SAO PAULO,https://www.pcisp.polisp.sp.gov.br
POLICIA CIVIL DO ESTADO DE SAO PAULO,https://www.pcisp.polisp.sp.gov.br
CRAFT COMERCIO E INDUSTRIA DE ARTEFATOS EM PAPEIS LTDA,https://www.craftimbui.com.br
POLICIA CIVIL DO RIO GRANDE DO NORTE,https://www.pcrn.rn.gov.br
ELECTRO GALVANO INDUSTRIA E COMERCIO DE PRODUTOS GALVANOTECNICOS LTDA,https://www.electrogalvano.com.br
SENSIENT TECHNOLOGIES INGREDIENTES DO BRASIL LTDA,https://www.sensient.com
MILK VITTA  COMERCIO E INDUSTRIA LTDA,https://www.milkvitta.com.br
MILK VITTA  COMERCIO E INDUSTRIA LTDA,https://www.milkvitta.com.br
POLIBRAS MINAS PLASTICOS LTDA,https://www.polibras.com.br
NOVA FUTURA CORRETORA DE TITULOS E VALORES MOBILIARIOS LTDA.,https://www.novafutura.com.br
"JCV MAQ INDUSTRIA, COMERCIO, IMPORTACAO E EXPORTACAO LTDA",https://www.jcvmaq.com.br
INFIBRA SA,https://www.infibra.com
HIDROVOLT DISTRIBUIDORA LTDA.,https://www.hidrovolt.com.br
UNIVERSIDADE DO ESTADO DO AMAZONAS,https://www.uea.edu.br
PROXXIMA TECNOLOGIA LTDA,https://www.proxxima.tech
DEPARTAMENTO ESTADUAL DE ESTRADAS DE RODAGEM E TRANSPORTE,https://www.der.sp.gov.br
SEGER COMERCIAL IMPORTADORA E EXPORTADORA S.A.,https://www.seger.com.br
BEJO SEMENTES DO BRASIL LTDA.,https://www.bejo.com.br
SERVICO NACIONAL DE APRENDIZAGEM RURAL  ARES,https://www.senar.br
"KHAYROS DIAGNOSTICA FABRICACAO, COMERCIALIZACAO E DISTRIBUICAO DE PRODUTOS LTDA",https://www.khayrosdiagnostica.com.br
FUNDICAO SANTO EXPEDITO DE JAU LTDA,https://www.fundicaosantoexpedito.com.br
CONSELHO REGIONAL DOS REPRESENTANTES COMERCIAIS DO ESTADO DO TOCANTINS,https://www.coretocantins.org.br
JLL DESPACHANTE LTDA,https://www.jlldespachante.com.br
S3ENG  TECNOLOGIA APLICADA A ENGENHARIA LTDA,https://www.altoqi.com.br
TAEGUTEC DO BRASIL LTDA.,https://www.taegutec.com
ARMANDO COSTA ADVOGADOS ASSOCIADOS SS,https://www.armandocosta.com.br
SERVICO NACIONAL DE APRENDIZAGEM RURAL SENAR ARPA,https://www.senar.br
CENTRO DE INTEGRACAO EMPRESAESCOLA DO ESTADO DE SANTA CATARINA  CIEESC,https://www.cieesc.org.br
EDIFER  ITAPIRA COMERCIO DE FERRAMENTAS LTDA,https://www.ediferferramentas.com.br
SERVICO DE APOIO AS MICROS E PEQ EMPRESAS DO AMAZONAS,https://www.sebraeam.com.br
LEMEFARMA CO. FARMACIA SOCIEDADE LIMITADA,https://www.lemefarma.com.br
ITA BRASIL COMERCIO DE PRODUTOS APICOLAS LTDA.,https://www.itabrasilpropolis.com.br
AGEM STAR TECNOLOGIA LTDA,https://www.agemstarsistemas.com.br
TERMOTECNICA DA AMAZONIA LTDA,https://www.termotecnica.com.br
BIOVEL LABORATORIO DE ANALISES E PESQUISAS CLINICAS LTDA,https://www.biovel.com.br
CONSELHO REGIONAL DE EDUCACAO FISICA DA 10 REGIAO,https://www.crefito10.org.br
C. B. O. ANALISES LABORATORIAIS LTDA.,https://www.cboanalise.com.br
QUALILAN DISTRIBUIDORA DE TELEINFORMATICA LTDA,https://www.qualilan.com.br
EDROMANIA INDUSTRIA E COMERCIO LTDA,https://www.edromania.com.br
SHOW DE IMAGEM AUDIOVISUAIS LTDA,https://www.showdeimagem.com.br
MARMORARIA DELLA MATTA LTDA,https://www.marmorariadellamatta.com.br
FITAFLEX INDUSTRIA E COMERCIO LTDA,https://www.fitaflex.com.br
FUNDACAO LUTERANA DE DIACONIA,https://www.fld.com.br
VITALIFE INDUSTRIA DE COSMETICOS LTDA,https://www.vitalife.ind.br
OTC. DOC ORGANIZACAO TECNOLOGIA E CUSTODIA DE DOCUMENTOS LTDA,https://www.otcdoc.com.br
VANEA TREZZA ACESSORIOS LTDA,https://www.vaneatrezza.com.br
FEDERACAO GOIANA DE MUNICIPIOS  FGM,https://www.fgm-go.org.br
DECOR HOME AMERICANA LTDA,https://www.decorhomeamericana.com.br
LUCIANO CHIARELO  CIA LTDA,https://www.vinimaq.com.br
PLAVITEC INDUSTRIA E COMERCIO DE ADESIVOS LTDA EM RECUPERACAO JUDICIAL,https://www.plavitec.com.br
CORPO DE BOMBEIROS DA POLICIA MILITAR DO ESTADO DE SAO PAULO,https://www.bombeiro.sp.gov.br
RIBERCRED SERVICOS DE INFORMACOES CADASTRAIS LTDA.,https://www.ribercred.com.br
RIBERCRED SERVICOS DE INFORMACOES CADASTRAIS LTDA.,https://www.ribercred.com.br
CP FITAS ADESIVAS LTDA,https://www.casadasfitas.com.br
REPINTE MANUTENCAO E CONSERVACAO DE IMOVEIS LTDA,https://www.repinte.com.br
MEDICINA DIAGNOSTICA  CENTRO DE DIAGNOSTICO PATOLOGICO LTDA,https://www.medicinadiagnostica.med.br
TECNOGRES REVESTIMENTOS CERAMICOS LTDA.,https://www.tecnogres.com.br
ACG ATENDIMENTO DOMICILIAR LTDA,https://www.acghomecare.com.br
HOREBE PLANOS DE AUXILIO E ASSISTENCIA FUNERAL LTDA,https://www.horebeassistencial.com.br
BONE SURGICAL EQUIPAMENTOS MEDICOS LTDA,https://www.bonesurgical.com.br
GEOFIN AMERICA SA,https://www.geofinamerica.com.br
EMAM  EMULSOES E TRANSPORTES LTDA,https://www.emamasfaltos.com.br
EMAM  EMULSOES E TRANSPORTES LTDA,https://www.emamasfaltos.com.br
EMAM  EMULSOES E TRANSPORTES LTDA,https://www.emamasfaltos.com.br
ALFACOMP AUTOMACAO INDUSTRIAL LTDA,https://www.alfacomp.net
PASSARINHEIROS PUBLICACOES E COMERCIO LTDA,https://www.passarinheirosecia.com.br
MELHADO E ADVOGADOS ASSOCIADOS,https://www.melhadoadvogados.com.br
AMARAL MARQUES INDUSTRIA DE COSMETICOS LTDA,https://www.clorofitum.com.br
OBR EQUIPAMENTOS INDUSTRIAIS LTDA,https://www.obr.com.br
PENETRON BRASIL INDUSTRIA E COMERCIO DE PRODUTOS PARA CONSTRUCAO LTDA,https://www.lojapenetron.com.br
GENESEAS AQUACULTURA LTDA EM RECUPERACAO JUDICIAL,https://www.geneseas.com.br
EXEMPLA INDUSTRIA E COMERCIO LTDA,https://www.exemplaonline.com.br
CASA GRANDE MINERACAO LTDA,https://www.casagrandemineracao.com.br
BRUNIALTI COMERCIO DE EQUIPAMENTOS INDUSTRIAIS LTDA,https://www.brunialti.com.br
AUDIOPARTS ACESSORIOS AUTOMOTIVOS LTDA,https://www.audioparts.com.br
INES FILIPE  CIA LTDA,https://www.inesfilipe.com.br
"PROMEX COMERCIO, IMPORTACAO E EXPORTACAO LTDA",https://www.promexbr.com.br
TOMMASI ANALITICA LTDA,https://www.tommasianalitica.com.br
INTERACTA QUIMICA LTDA,https://www.interactaquimica.com.br
MAE RAINHA URBANISMO LTDA,https://www.maerainhaurbanismo.com.br
MAE RAINHA URBANISMO LTDA,https://www.maerainhaurbanismo.com.br
ALGODAO DOCE LAR LTDA,https://www.algodaodocelar.com.br
CEPALL INDUSTRIA E COMERCIO LTDA,https://www.cepall.com.br
INCENOR INDUSTRIA CERAMICA DO NORDESTE LTDA.,https://www.incenor.com.br
REI DOS CARTUCHOS EQUIPAMENTOS E SUPRIMENTOS DE INFORMATICA LTDA,https://www.reidoscartuchos.com
TRANSPORTES BERTOLINI LTDA,https://www.tbl.com.br
HELIANTO FARMACEUTICA LTDA,https://www.helianto.com.br
UNIFORALL TODOS UNIFORMES LTDA,https://www.uniforall.com.br
ABAKAM INDUSTRIA E COMERCIO DE ETIQUETAS E PLACAS LTDA,https://www.abakam.com.br
UM NET COMERCIAL LTDA,https://www.umnet.com.br
M. M. PAIM EDITORA E DISTRIBUIDORA DE LIVROS LTDA,https://www.livrariapaim.com.br
PROFLORA ARQUITETURA CONSULTORIA E ASSESSORIA LTDA,https://www.proflora.com.br
AUTOMEC COMERCIO DE PORTAS AUTOMATICAS LTDA,https://www.automec.com.br
MEDICALHOSP ASSESSORIA E SERVICOS LTDA,https://www.medicalhosp.com.br
VCT BRASIL LTDA.,https://www.vctbrasil.com.br
BETHAESPACO IMOVEIS LTDA,https://www.bethaespaco.com.br
PRAVALER SA,https://www.pravaler.com.br
DISTRITO 4630 DO ROTARY INTERNATIONAL,https://www.rotary4630.org.br
CHROMO INDUSTRIA E COMERCIO DE EMBALAGENS LTDA,https://www.chromoembalagens.com.br
ISHENG BRASIL INDUSTRIA E COMERCIO DE COMPONENTES ELETRONICOS LTDA,https://www.isheng.com.tw
NEW POINTER TECNOLOGIA LTDA,https://www.newpointertecnologia.com.br
TSDA TECNOLOGIA E SOLUCOES DIGITAIS APLICADAS LTDA,https://www.tsda.com.br
PROJEDATA INFORMATICA LTDA,https://www.projedata.com.br
MATERIAIS ELETRICOS STRAHL LTDA,https://www.strahl.com
BLUESOFT CONSULTORIA EM INFORMATICA LTDA,https://www.supermercadista.com.br
"YOUNG, DIAS, LAUXEN E LIMA ADVOGADOS ASSOCIADOS  ASSESSORIA JURIDICA",https://www.young.adv.br
NPA  NUCLEO DE PESQUISAS APLICADAS LTDA,https://www.npa.ind.br
LOCALIX SERVICOS AMBIENTAIS S.A.,https://www.localix.com.br
TOTAL HEALTH DO BRASIL LTDA,https://www.totalhealth.com.br
SEGWARE DO BRASIL LTDA,https://www.segware.com
UNISAUDEMS  CAIXA DE ASSISTENCIA A SAUDE DOS SERVIDORES PUBLICOS DE MATO GROSSO DO SUL,https://www.unisaudems.org.br
SANDELEH ALIMENTOS LTDA,https://www.sandelehalimentos.com.br
HOTEL FAZENDA VALE DA MANTIQUEIRA LTDA,https://www.valedamantiqueira.com.br
ALCEDE INDUSTRIA E COMERCIO DE FERRAMENTAS LTDA,https://www.alcede.com.br
INDUSTRIA SCHUMACHER LTDA,https://www.schumacherltda.com.br
IQVIA SOLUCOES DE TECNOLOGIA DO BRASIL LTDA.,https://www.iqvia.com
SISTEM DO BRASIL ACESSORIOS PNEUMATICOS LTDA.,https://www.sistemdobrasil.com.br
VISIONTEC TECNOLOGIA E SERVICOS EM TELECOMUNICACOES LTDA.,https://www.visiontec.com.br
CARIOBA ARTEFATOS DE PINUS LTDA,https://www.carioba.net
GRAFICA MARX LTDA,https://www.graficamarx.com.br
"ORTOPONTO COMERCIO DE PRODUTOS DE ORTOPEDIA , SAUDE E RECUPERACAO LTDA",https://www.ortoponto.com.br
ORDEM DOS ADVOGADOS DO BRASIL,https://www.oab.org.br
ARVATO BRASIL LTDA,https://www.arvato.com
BMBRASIL INDUSTRIA E COMERCIO DE CALCADOS LTDA,https://www.bmbrasil.com.br
SOLETEC IND E COM LTDA,https://www.roac.com.br
VALGROUP BA INDUSTRIA DE EMBALAGENS FLEXIVEIS LTDA,https://www.valgroupco.com
GRASP INDUSTRIA E COMERCIO LTDA,https://www.grasp.ind.br
RODOWESSLER PECAS E SERVICOS LTDA,https://www.rodowessler.com.br
CONSELHO REGIONAL DE ECONOMIA 13 REGIAO,https://www.creg13.org.br
NEOBRAZ COMERCIO EXTERIOR ASSESSORIA LTDA,https://www.neobraz.com.br
MANOFATTO INDUSTRIA E COMERCIO DE CONFECCOES LTDA,https://www.manofatto.com.br
INSTITUTO DE PROTECAO AMBIENTAL DO AMAZONAS,https://www.ipamam.gov.br
TMG COMERCIO DE COMPONENTES ELETRONICOS LTDA.,https://www.tmgeletronica.com.br
ACACIA MEDICINA DO TRABALHO E SEGURANCA LTDA,https://www.acaciamed.com.br
CALCADOS SATRYANI LTDA,https://www.satryanistore.com.br
TRANSPORTADORA RODOMASTER LTDA,https://www.rodomaster.com
FLEXTINTAS  INDUSTRIA E COMERCIO LTDA,https://www.flextintas.com.br
CLASSE TEXTIL LTDA,https://www.classetextil.com.br
GRANIFER DO BRASIL INDUSTRIA E COMERCIO DE MAQUINAS LTDA.,https://www.graniferdobrasil.com.br
DEFENSORIA PUBLICA GERAL DO ESTADO DE ALAGOAS,https://www.defensoria.al.def.br
O. R. TECHNOCABOS INDUSTRIA E COMERCIO LTDA,https://www.ortechnocabos.com.br
NATURAL ESSENCIA LTDA,https://www.naturalessencia.com.br
CONTRACTUALGARANTIA DE CONDOMINIO LTDA,https://www.contractual.com.br
CORNELIO AUTO PECAS LTDA,https://www.cornelio.com.br
MEDICAL SHOPPING PRODUTOS HOSPITALARES LTDA,https://www.medicalshopp.com.br
ZENO AUTO PECAS LTDA,https://www.zenoautopecas.com.br
CARUEME CAMINHOES LTDA.,https://www.carueme.com.br
VIACABOS CONDUTORES ELETRICOS LTDA,https://www.viacabos.com.br
SERVICO DE APOIO AS MICRO E PEQUENAS EMPRESAS DO AMAPA,https://www.sebraeap.com.br
W  W COMERCIO DE LIVROS LTDA,https://www.solardoleitor.lojavirtualnuvem.com.br
FLORA BRASILIS FARMACIA DE MANIPULACAO LTDA,https://www.farmaciaflorabrasilis.com
ARTBRASIL COMPOSICAO E ASSISTENCIA TECNICA EM CLICHES E MATRIZES LTDA,https://www.grupoartbrasil.com.br
AST  CONSULTORIA E DESENVOLVIMENTO EMPRESARIAL LTDA,https://www.astconsult.com.br
NUTRIRE INDUSTRIA DE ALIMENTOS LTDA,https://www.nutrire.ind.br
SUPRINK BRASIL COMERCIAL LTDA,https://www.suprink.com.br
ROPERBRAS SEGURANCA E COMERCIO DE EQUIPAMENTOS LTDA,https://www.roperbras.com.br
TINTAS HIDRACOR SA,https://www.hidracor.com.br
FARMINA PET FOODS BRASIL LTDA,https://www.farmina.com.br
FOTO SUL LTDA,https://www.grupofotosul.com.br
DENUO MEDIC IMPORTACAO E EXPORTACAO LTDA.,https://www.denuo.com.br
CABRAL MULTIMARCAS COMERCIO DE AUTOMOVEIS LTDA,https://www.cabralmultimarcas.com.br
SEAC INDUSTRIA E COMERCIO DE ETIQUETAS LTDA,https://www.seacetiquetas.com.br
METAL ELO INDUSTRIA E COMERCIO DE SEMIJOIAS LTDA,https://www.metalelo.com.br
CENETEL  COMERCIO DE HEADSETS LTDA,https://www.cenetel.com.br
CONCERT TECHNOLOGIES S.A.,https://www.concert.com.br
TELECELULA COMERCIO DE EQUIPAMENTOS ELETRONICOS LTDA,https://www.telecelula.com.br
MASTERSOL INDUSTRIA E COMERCIO DE AQUECEDORES SOLAR LTDA,https://www.mastersol.com.br
RAMAVI PERFUMARIA LTDA,https://www.ramavi.com.br
SOS TECNOLOGIA E GESTAO DA INFORMACAO LTDA,https://www.sosdocs.com.br
MANTIQUEIRA ALIMENTOS LTDA.,https://www.mantiqueirabrasil.com.br
LABORATORIOS BAGO DO BRASIL S.A.,https://www.bago.com.br
ALMEIDA E SILVA ADVOGADOS ASSOCIADOS,https://www.almeidasilva.com.br
JUNGHEINRICH LIFT TRUCK  COMERCIO DE EMPILHADEIRAS LTDA,https://www.jungheinrich.com.br
ROMANA BOLSAS LTDA,https://www.romanabolsas.com.br
AEROIND COM LTDA,https://www.aeroind.com.br
DISTRIBUIDORA MEMPHIS LTDA,https://www.portalmemphis.com.br
PARKITS VEDACOES HIDRAULICAS E PNEUMATICAS LTDA.,https://www.parkitsvedacoes.com.br
CYRELA RJZ CONSTRUTORA E EMPREENDIMENTOS IMOBILIARIOS LTDA,https://www.cyrela.com.br
QUESALON DISTRIBUIDORA DE PRODUTOS FARMACEUTICOS LTDA,https://www.quesalon.com.br
MANIPULA FARMACIA DE MANIPULACAO LTDA,https://www.manipulafarma.com.br
IDT LATIN AMERICA LTDA.,https://www.idt.com
EMTECORP ESFERAS E COMPONENTES LTDA,https://www.emtecorp.com.br
MERCALF DIESEL LTDA.,https://www.mercalf.com.br
MERCALF DIESEL LTDA.,https://www.mercalf.com.br
UNIVERSIDADE ESTADUAL DO NORTE FLUMINENSE DARCY RIBEIRO  UENF,https://www.uenf.br
NEW SERVICE BR LTDA,https://www.ns-sh.com.br
HUMANPIX MEDICAL DATA LTDA,https://www.humanpix.co
MURYGI ARTIGOS DO VESTUARIO LTDA,https://www.murybones.com.br
COMERCIAL FUNDICAO VESUVIO INDUSTRIA E COMERCIO LTDA.,https://www.fundicaovesuvio.com.br
LP FARMACEUTICA LTDA,https://www.vitaminlife.com.br
SYSTEM FARMA ADMINISTRADORA DE SERVICOS LTDA,https://www.systemfarma.com.br
SECON COMPONENTES E EQUIPAMENTOS ELETRONICOS LTDA,https://www.secon.com.br
COOPERATIVA DE ECONOMIA E CREDITO MUTUO SICOOB METALCRED,https://www.sicoob.com.br
SCHWAN COSMETICS DO BRASIL LTDA,https://www.schwancosmetics.com.br
FUNDACAO DE APOIO E DESENVOLVIMENTO DA UNIVERSIDADE FEDERAL DE MATO GROSSO,https://www.fundacaouniselva.org.br
COMERCIAL DELFRIO LTDA,https://www.delfrio.com.br
PENTACUSTICA LTDA,https://www.pentacustica.com
ODONTO PERSONAL COMERCIO DE EQUIPAMENTOS ODONTOLOGICOS LTDA,https://www.odontopersonal.com.br
PATRIMONIUM  COMERCIO E INSTALACAO DE EQUIPAMENTOS DE SEGURANCA LTDA,https://www.patrimonium.net.br
MULTI LOJAS UNIGRAFICA 28 LTDA,https://www.unigrafica.ind.br
EDITORA JANDAIRA LTDA.,https://www.editorajandaira.com.br
BRASMIX COMERCIO E IMPORTACAO LTDA,https://www.brasmix.com.br
COOPERATIVA DE CREDITO DE LIVRE ADMISSAO TRES FRONTEIRAS  SICOOB TRES FRONTEIRAS,https://www.sicoob.com.br
ELOFORTE EQUIPAMENTOS FLORESTAIS LTDA,https://www.eloforte.com
COSENTINO LATINA LTDA,https://www.cosentino.com
COSENTINO LATINA LTDA,https://www.cosentino.com
COSENTINO LATINA LTDA,https://www.cosentino.com
COSENTINO LATINA LTDA,https://www.cosentino.com
COSENTINO LATINA LTDA,https://www.cosentino.com
COSENTINO LATINA LTDA,https://www.cosentino.com
COSENTINO LATINA LTDA,https://www.cosentino.com
COMPANHIA DE HABITACAO DO ESTADO DO PARA,https://www.cohab.pa.gov.br
TREVO LACTEOS S.A.,https://www.trevolacteos.com.br
DNITDEPARTAMENTO NACIONAL DE INFRAEST DE TRANSPORTES,https://www.dnit.gov.br
DNITDEPARTAMENTO NACIONAL DE INFRAEST DE TRANSPORTES,https://www.dnit.gov.br
DNITDEPARTAMENTO NACIONAL DE INFRAEST DE TRANSPORTES,https://www.dnit.gov.br
DNITDEPARTAMENTO NACIONAL DE INFRAEST DE TRANSPORTES,https://www.dnit.gov.br
DNITDEPARTAMENTO NACIONAL DE INFRAEST DE TRANSPORTES,https://www.dnit.gov.br
DNITDEPARTAMENTO NACIONAL DE INFRAEST DE TRANSPORTES,https://www.dnit.gov.br
DNITDEPARTAMENTO NACIONAL DE INFRAEST DE TRANSPORTES,https://www.dnit.gov.br
DNITDEPARTAMENTO NACIONAL DE INFRAEST DE TRANSPORTES,https://www.dnit.gov.br
TELTEC SOLUTIONS LTDA,https://www.teltecsolutions.com.br
ORDEP INDUSTRIA E COMERCIO LTDA,https://www.ordepagricola.com.br
HEXUS FOODS LTDA,https://www.hexusfoods.com.br
COSTAO DO SANTINHO TURISMO E LAZER S.A.,https://www.costao.com.br
MULTGRILL EXPRESS DO BRASIL INDUSTRIA E COMERCIO LTDA,https://www.multgrill.com.br
CAMARA DE MEDIACAO E ARBITRAGEM DO PARANA  CMA  PR,https://www.camaramediacaosecovipr.com.br
VENTANA SERRA DO BRASIL AGENCIAMENTO DE CARGAS LTDA,https://www.ventanaserra.com.br
UNIMEK SA,https://www.unimek.com.br
METRUM EQUIPAMENTOS DE MEDICAO E TESTES LTDA,https://www.memt.com.br
GLOBAL FLEET SERVICOS DE GERENCIAMENTO E LOCACAO DE VEICULOS LTDA,https://www.globalfleet.com.br
KYMERA COMERCIO DE JOIAS LTDA,https://www.kymerasemijoias.com.br
BRASSICADERME IND FARMACEUTICA LTDA,https://www.brassicaderme.com.br
VILLA VILELA SEMI JOIAS LTDA,https://www.villavilela.com.br
DAKSUL JEANS LTDA,https://www.daksuljeans.com.br
EDITORA ORIGINAL LTDA,https://www.pandabooks.com.br
LNG IMPORTACAO E EXPORTACAO DE AUTO PECAS LTDA,https://www.lng.com.br
PALHINHA PRODUTOS PARA SOLDA E CORTE LTDA,https://www.palhinhasoldas.com.br
VALERIO  DULTRA LTDA,https://www.doceflora.com.br
PLANSERVICE TERCEIRIZACAO DE SERVICOS LTDA,https://www.planservicos.com.br
LAVINE COMERCIO DE CALCADOS LTDA,https://www.lavinecalcados.com.br
ESCOLA TECNOLOGICA DE CURITIBA LTDA,https://www.utfpr.edu.br
WORK FER COMERCIO DE FERRAMENTAS LTDA,https://www.workfer.com.br
CARAMURU CONSTRUCOES LTDA,https://www.caramuruconstrucoes.com.br
ALLMED PRONEFRO BRASIL LTDA,https://www.allmedgroup.com.br
AVIPOL COMERCIAL LTDA,https://www.avipol.com.br
INNOCENTI ADVOGADOS ASSOCIADOS,https://www.innocenti.com.br
TERRA MOLHADA IRRIGACAO LTDA,https://www.terramolhada.com
AIRLINE AUTOMACAO INDUSTRIAL LTDA,https://www.airlineautomacao.com.br
SORAIA CALS ESCRITORIO DE ARTE LTDA,https://www.soraiacals.com.br
PRODUTOS NEW ANDREWS LTDA,https://www.newandrews.com.br
GRUPPA INDUSTRIA E COMERCIO LTDA,https://www.gruppa.com.br
HELI BRASIL  KMR GROUP LTDA,https://www.helibrasil.com.br
HELI BRASIL  KMR GROUP LTDA,https://www.helibrasil.com.br
BASTOS JUNTAS INDUSTRIA DE AUTOPECAS LTDA,https://www.bastosjuntas.com.br
OPTO ANTIRREFLEXO EM LENTES INDUSTRIA E COMERCIO LTDA.,https://www.opto.com.br
SELECT PAPER DISTRIBUIDORA LTDA,https://www.selectpaper.com.br
STARCLAVE INDUSTRIA E COMERCIO DE PECAS E  MANUTENCAO EM EQUIPAMENTOS DE  ESTERILIZACAO LTDA,https://www.starclave.com
FONOCLIN  SAUDE E SEGURANCA DO TRABALHO LTDA,https://www.fonoclinsaude.com.br
"ASSOCIACAO DE GESTAO, INOVACAO E RESULTADOS EM SAUDE",https://www.agirsaude.org.br
"ASSOCIACAO DE GESTAO, INOVACAO E RESULTADOS EM SAUDE",https://www.agirsaude.org.br
"ASSOCIACAO DE GESTAO, INOVACAO E RESULTADOS EM SAUDE",https://www.agirsaude.org.br
"ASSOCIACAO DE GESTAO, INOVACAO E RESULTADOS EM SAUDE",https://www.agirsaude.org.br
VIP BAURU SERVICOS E LOCACAO DE MAO DE OBRA LTDA,https://www.vipservicos.com.br
MALHATRIX INDUSTRIA E COMERCIO DE CONFECCOES LTDA.,https://www.malhatrix.com.br
PREFAZ PREFABRICADOS DE CONCRETO LTDA,https://www.prefaz.com.br
PREFAZ PREFABRICADOS DE CONCRETO LTDA,https://www.prefaz.com.br
DROGARIA E FARMACIA VICTORS LTDA,https://www.farmaciaedipharma.com.br
QUALITA INDUSTRIA DE ETIQUETAS LTDA,https://www.qualitabrindes.com.br
BRIGHENTTI COMERCIAL IMPORTACAO E EXPORTACAO DE ROLAMENTOS LTDA,https://www.brighentti.com.br
PAZZE INDUSTRIA DE ALIMENTOS LTDA,https://www.lojapazze.com.br
DEL PAPEIS LTDA,https://www.fidelip.com.br
LABORATORIO SANTA MARTA LTDA,https://www.labsantamarta.com.br
RMA MODAS LTDA,https://www.rmamodas.com.br
CONSELHO REGIONAL DE DESPACHANTES DOCUMENTALISTAS DO ESTADO DE MATO GROSSO DO SUL,https://www.crddms.com.br
UNIVERSIDADE FEDERAL DE CAMPINA GRANDE,https://www.ufcg.edu.br
UNIVERSIDADE FEDERAL DE CAMPINA GRANDE,https://www.ufcg.edu.br
UNIVERSIDADE FEDERAL DE CAMPINA GRANDE,https://www.ufcg.edu.br
UNIVERSIDADE FEDERAL DE CAMPINA GRANDE,https://www.ufcg.edu.br
UNIVERSIDADE FEDERAL DE CAMPINA GRANDE,https://www.ufcg.edu.br
SPINNER INDUSTRIA E COMERCIO LTDA,https://www.vulcanequipamentos.com.br
MARTINS COMERCIO E MANUTENCAO DE MAQUINAS E EQUIPAMENTOS LTDA,https://www.mmservicesupply.com.br
AUTO IMPORTS LTDA,https://www.autoimportsweb.com.br
PERFIL ALUMINIO DO BRASIL SA,https://www.perfilaluminio.com.br
EMPREZA EDUCACAO E SERVICOS LTDA,https://www.empreza.com.br
USIDUR INDUSTRIA E COMERCIO LTDA,https://www.usidur.com.br
ISLEN CALCADOS LTDA,https://www.islen.com.br
CRIATIVITA JOIAS LTDA,https://www.criativitaescolajoalheria.com.br
IVA QUIMICA DO BRASIL LTDA,https://www.ivaquimica.com.br
STRASS FASHION LTDA,https://www.strassfashion.com.br
R NETO DO BRASIL PECAS AUTOMOTIVAS LTDA,https://www.wegamotors.com.br
FILTROS PLANETA AGUA INDUSTRIA E COMERCIO LTDA,https://www.planetaagua.ind.br
MSC CRUZEIROS DO BRASIL LTDA.,https://www.msccruzeros.com
NETSCAN DIGITAL LTDA,https://www.netscandigital.com
NETSCAN DIGITAL LTDA,https://www.netscandigital.com
"GALTECOM INDUSTRIA,COMERCIO E IMPORTACAO LTDA",https://www.galtecom.com.br
FUNDACAO DE PROTECAO ESPECIAL DO RIO GRANDE DO SUL,https://www.fpe.rs.gov.br
PERLAND PHARMACOS LTDA,https://www.trihydral.com.br
TRANSPORTADORA KARAVAGGIO LTDA,https://www.karavaggio.com.br
PACIFIC HYDRO ENERGIA DO BRASIL LTDA,https://www.pacifichydro.com.br
BRASTHERM AQUECIMENTOS ELETRICOS LTDA,https://www.brasthermresistencias.com.br
VELP TECNOLOGIA LTDA,https://www.velp.com.br
NMARTINS SOLUCOES INFORMATIZADAS LTDA,https://www.gruponmartins.com.br
TOP MUSIC COMERCIO INSTRUMENTOS MUSICAIS LTDA,https://www.topmusical.com.br
FEIYUE YAMATA DO BRASIL LTDA,https://www.feiyuegroup.com.br
TECTRON IMPORTADORA E EXPORTADORA DE PRODUTOS VETERINARIOS LTDA,https://www.tectron.com
TOR OFF ROAD COMERCIO E SERVICOS LTDA,https://www.toroffroad.com.br
COMPETITION HOBBIES MODELISMO LTDA,https://www.competitionhobbies.com.br
"GUND, WIEBELLING  DALMOLIN ADVOGADOS ASSOCIADOS",https://www.gwdadvogados.com.br
DEFAMA INDUSTRIA E COMERCIO DE PRODUTOS ODONTOLOGICOS LTDA,https://www.defama.com.br
MEDSONDA  INDUSTRIA E COMERCIO DE PRODUTOS HOSPITALARES DESCARTAVEIS LTDA,https://www.medsonda.com.br
KWASAR TRADE MARKETING LTDA,https://www.kwasar.com.br
"ROCHA, MARINHO E SALES SOCIEDADE DE ADVOGADOS",https://www.rochamarinho.adv.br
"ROCHA, MARINHO E SALES SOCIEDADE DE ADVOGADOS",https://www.rochamarinho.adv.br
VIVAX  INDUSTRIA E COMERCIO DE EQUIPAMENTOS LTDA,https://www.saubern.com.br
ACRONSOFT GESTAO DA INFORMACAO LTDA,https://www.acronsoft.com.br
MATHEUS DEFINE ASSESSORIA E CONSULTORIA LTDA,https://www.matheusdefine.com.br
VERBO JEANS INDUSTRIA E COMERCIO DE CONFECCOES LTDA,https://www.verbojeans.com.br
"VIA CERTA FINANCIADORA SA  CREDITO, FINANCIAMENTO E INVESTIMENTO",https://www.viacertafinanciadora.com.br
ALFALAGOS LTDA.,https://www.alfalagos.com.br
BERTIN BEBIDAS LTDA,https://www.bertinbebidas.com.br
GRANCOURO INDUSTRIA E COMERCIO LTDA,https://www.grancouro.com.br
AFIRMA  ENGENHARIA E PROJETOS LTDA,https://www.afirmaevias.com.br
HIGHLAS DO BRASIL LTDA,https://www.orlightlaser.com.br
GLOW TECIDOS LTDA,https://www.glowtec.com.br
HANNE PRINT ETIQUETAS ADESIVAS LTDA,https://www.hanneprint.com.br
COOPERATIVA DE CREDITO SICOOB PRIMAVERA,https://www.sicoob.com.br
DISPOFIX INDUSTRIA E COMERCIO LTDA,https://www.dispofix.com.br
MACPEREDUCA  SERVICOS DE EDUCACAO PROFISSIONAL LTDA,https://www.ceapes.com.br
CONTROL PLAST INDUSTRIA DE PRODUTOS GRAFICOS LTDA,https://www.controlplastind.com.br
SIMIX CONTROLE DE PONTO LTDA,https://www.simix.com.br
HT NUTRI INDUSTRIA DE ALIMENTOS LTDA.,https://www.htnutri.com.br
ABSTRATTO ESTOFADOS LTDA,https://www.abstratto.com.br
ZYDUS NIKKHO FARMACEUTICA LTDA,https://www.zydus.com
UNIMEDIC FARMACIA DE MANIPULACAO LTDA,https://www.unimed.coop.br
TECHNORT SOLUTIONS LTDA,https://www.technort.com.br
LUCIA MARTHA CAMPOS  ACRILICO.COM,https://www.acrilico.com
ARCKPACK INDUSTRIA E COMERCIO DE EMBALAGENS LTDA,https://www.arckpack.com.br
CHANDER FIRE DO BRASIL EQUIPAMENTOS DE SEGURANCA LTDA,https://www.chanderfiredobrasil.com.br
TQI CONSULTORIA E DESENVOLVIMENTO LTDA,https://www.tqi.com.br
DANILLA FOODS BRASIL LTDA,https://www.danilla.com.br
PLANETA TENIS ARTIGOS ESPORTIVOS LTDA,https://www.planetatenis.com.br
COOPERATIVA DE TRANSPORTE DE ASTORGA  CTA,https://www.cootrast.com.br
AVELAN MOVEIS LTDA,https://www.avelanmoveis.com.br
BALL HORTICULTURAL DO BRASIL LTDA,https://www.ball.com.br
BALL HORTICULTURAL DO BRASIL LTDA,https://www.ball.com.br
ASSOCIACAO BRASILEIRA DE MELHORIA EM TECNOLOGIA DA INFORMACAO  ABRAMTI,https://www.abramti.org.br
COWBOYS COMERCIAL DE PRESIDENTE PRUDENTE LTDA,https://www.cowboys.com.br
OZOXI  INDUSTRIA E COMERCIO DE EQUIPAMENTOS PARA SISTEMAS AMBIENTAIS LTDA,https://www.ozoxi.com.br
ARTESOL  ARTESANATO SOLIDARIO,https://www.artesol.org.br
TEMPEST SERVICOS DE INFORMATICA S.A.,https://www.tempest.com.br
TECNOTEXTIL CONFECCOES LTDA,https://www.tecnotextil.com.br
ARQUIMEDES AUTOMACAO E INFORMATICA LTDA,https://www.arquimedesmg.com.br
CRISTAL MASTER INDUSTRIA E COMERCIO LTDA,https://www.cristalmaster.com.br
QUALITA COFFEE MACHINES COMERCIO E LOCACAO DE MAQUINAS DE CAFE LTDA,https://www.cafequalita.com.br
DIGA TECNOLOGIA EM ATENDIMENTO LTDA,https://www.diga.com.br
"PAINEL PESQUISAS, CONSULTORIA E PUBLICIDADE LTDA",https://www.painelpesquisas.com.br
EMPORIO VERTENTES LTDA,https://www.emporiovertentes.com.br
NOVO PONTO DIGITAL COMERCIO LTDA,https://www.novopontodigital.com.br
GTR EQUIPAMENTOS LTDA,https://www.gtrequipamentos.com.br
ITEST  MEDICAO E AUTOMACAO LTDA,https://www.itest.com.br
ARAUZ  ADVOGADOS ASSOCIADOS,https://www.arauz.com.br
VILA ERVAS E ALIMENTOS COMERCIAL LTDA,https://www.vilaervas.com.br
INSTITUTO INHOTIM,https://www.inhotim.org.br
INST INHOTIM,https://www.inhotim.org.br
POLICO COMERCIAL DE ALIMENTOS LTDA,https://www.polico.com.br
PORTORROL DISTRIBUIDORA LTDA,https://www.portorrol.com.br
KALAY DO BRASIL LTDA,https://www.kalay.com.br
NAXOS INDUSTRIA E COMERCIO DE UTILIDADES DOMESTICAS LTDA,https://www.naxos.net.br
BRASIL MED CARTOES LTDA,https://www.brasilmedcard.com.br
PAGRISA PARA PASTORIL E AGRICOLA SA,https://www.pagrisa.com.br
HIDROTINTAS LTDA.,https://www.hidrotintas.com.br
TEMON SERVICOS DE ENGENHARIA E MANUTENCAO LTDA,https://www.temonservicos.com.br
SUBPREFEITURA PARELHEIROS,https://www.prefeitura.sp.gov.br
ORTOBIG COMERCIO DE EQUIPAMENTOS ORTOPEDICOS LTDA,https://www.orotobig.com.br
TECHNO SUPPLY IMPORT E EXP LTDA,https://www.technosupply.com.br
CAFE EDITORA LTDA,https://www.cafeeditora.com.br
SUBPREFEITURA M BOI MIRIM,https://www.prefeitura.sp.gov.br
TEMPERMAX INDUSTRIA E COMERCIO DE VIDROS TEMPERADOS LTDA,https://www.tempermax.com.br
LABORATORIO SABIN DE ANALISES CLINICAS EM CGDE LTDA,https://www.laboratoriosabinbirigui.com.br
TECNOPAV ENGENHARIA LTDA,https://www.tecnopav.com.br
TECNOPAV ENGENHARIA LTDA,https://www.tecnopav.com.br
GALLICA MANIPULACAO FARMACEUTICA LTDA,https://www.gallica.com.br
PIACENTINI DO BRASIL CONSTRUCOES LTDA,https://www.piacentinibrasil.com
SUBPREFEITURA VILA MARIAVILA GUILHERME,https://www.prefeitura.sp.gov.br
TINTA NO PANO ETIQUETAS LTDA,https://www.tintanopano.com.br
SANEX COMERCIO E INDUSTRIA VETERINARIA LTDA,https://www.sanex.com.br
SUBPREFEITURA CIDADE TIRADENTES,https://www.prefeitura.sp.gov.br
PRODATA MOBILITY BRASIL S.A.,https://www.prodatamobility.com.br
SUBPREFEITURA SAO MIGUEL PAULISTA,https://www.prefeitura.sp.gov.br
SUBPREFEITURA PERUSANHANGUERA,https://www.prefeitura.sp.gov.br
CAIAPO CARGAS LTDA,https://www.caiapocargas.com.br
USIFRESA INDUSTRIA E COMERCIO DE MAQUINAS E EQUIPAMENTOS LTDA,https://www.usifresa.com.br
HUHTAMAKI EMBALAGENS FLEXIVEIS DO BRASIL LTDA,https://www.huhtamaki.com.br
ONEDA INDUSTRIA TEXTIL LTDA,https://www.onedatextil.com.br
VIVA AMBIENTAL E SERVICOS S.A. EM RECUPERACAO JUDICIAL,https://www.vivaambiental.com.br
VIVA AMBIENTAL E SERVICOS S.A. EM RECUPERACAO JUDICIAL,https://www.vivaambiental.com.br
VIVA AMBIENTAL E SERVICOS S.A. EM RECUPERACAO JUDICIAL,https://www.vivaambiental.com.br
VIVA AMBIENTAL E SERVICOS S.A. EM RECUPERACAO JUDICIAL,https://www.vivaambiental.com.br
VIVA AMBIENTAL E SERVICOS S.A. EM RECUPERACAO JUDICIAL,https://www.vivaambiental.com.br
VIVA AMBIENTAL E SERVICOS S.A. EM RECUPERACAO JUDICIAL,https://www.vivaambiental.com.br
KANGAROO TOURS OPERADORA TURISTICA LTDA,https://www.kangaroo.com.br
SUBPREFEITURA DO ITAIM PAULISTA,https://www.prefeitura.sp.gov.br
SUBPREFEITURA CIDADE ADEMAR,https://www.prefeitura.sp.gov.br
RESERPLASTIC INDUSTRIA E COMERCIO DE AUTO PECAS LTDA,https://www.reserplastic.com.br
SUBPREFEITURA CAMPO LIMPO,https://www.prefeitura.sp.gov.br
SHV CALOR LATIN AMERICA B.V.,https://www.shv.com
SUBPREFEITURA ERMELINO MATARAZZO,https://www.prefeitura.sp.gov.br
PLATINA INDUSTRIA E COM DE MAT ELET LTDA,https://www.platinaautomacao.com.br
MULLER DIESEL  COMERCIO DE PECAS LTDA,https://www.mullerdiesel.com.br
VINHAS E REDENSCHI ADVOGADOS,https://www.vradv.com.br
LASERLINE INDUSTRIA E COMERCIO DE EQUIPAMENTOS ELETRONICOS LTDA,https://www.laserline.com.br
SUBPREFEITURA IPIRANGA,https://www.prefeitura.sp.gov.br
POLIPLAC INDUSTRIA DE PLASTICOS LTDA,https://www.poliplac.com.br
VYVEDAS COSMETICOS DO BRASIL LTDA,https://www.vyvedas.com.br
SUBPREFEITURA SAO MATEUS,https://www.prefeitura.sp.gov.br
AZUL QUIMICA  PRODUTOS QUIMICOS LTDA,https://www.azulquimica.com.br
TCT BRASIL SOLUCOES ELETRONICAS LTDA,https://www.tctbrasil.com.br
SUBPREFEITURA DE JACANATREMEMBE  SUBJT,https://www.prefeitura.sp.gov.br
SMSUB  SUBPREFEITURA LAPA,https://www.prefeitura.sp.gov.br
SMSUB  SUBPREFEITURA CAPELA DO SOCORRO,https://www.prefeitura.sp.gov.br
SUBPREFEITURA JABAQUARA,https://www.prefeitura.sp.gov.br
SUBPREFEITURA DE GUAIANASES,https://www.prefeitura.sp.gov.br
ABITEC INDUSTRIA COMERCIO E IMPRESSOES TECNICAS SERIGRAFICAS LTDA,https://www.abitecteclados.com.br
SHV ENERGY NV,https://www.shv.com
MOSARTE INDUSTRIA E COMERCIO DE MOSAICOS LTDA,https://www.mosarte.com.br
NOVA CORANTES INDUSTRIA E COMERCIO LTDA,https://www.novacorantes.com
TECHBIZ FORENSE DIGITAL LTDA,https://www.techbiz.com.br
KRYPTUS SEGURANCA DA INFORMACAO S.A.,https://www.kryptus.com
TOTAL PERFORMANCE INDUSTRIA DE COSMETICOS LTDA,https://www.totalperformance.com.br
DECORTEXTIL DO BRASIL LTDA,https://www.decortextil.com.br
HOSPITAL 22 DE OUTUBRO SOCIEDADE LTDA,https://www.hospital22deoutubro.com.br
"ODONTO ATUAL COMERCIO DE EQUIPAMENTOS ODONTOLOGICOS, ESTETICA, FISIOTERAPIA, HOSPITALAR LTDA",https://www.odontoatual.com.br
ENXUTO SUPERMERCADOS LTDA,https://www.enxuto.com.br
"JW EQUIPAMENTOS, ACESSORIOS E SERVICOS PARA CLINICA VETERINARIA LTDA",https://www.jwequipamentos.com.br
VITAMAIS NUTRICAO ANIMAL LTDA,https://www.agrovitamais.com.br
MIRO PRODUTOS AUTOMOTIVOS LTDA,https://www.miromi.com.br
GATI  SERVICOS MEDICOS LTDA,https://www.gatiemergencia.com.br
CAMERITE SISTEMAS S.A,https://www.camerite.com
VILLARTA EQUIPAMENTOS DE ELEVACAO LTDA.,https://www.villarta.com.br
FINOCCHIO E USTRA SOCIEDADE DE ADVOGADOS,https://www.fius.com.br
IPACOL MAQUINAS AGRICOLAS LTDA,https://www.ipacol.com.br
CASA PUBLICADORA PAULISTA EDITORA E GRAFICA LTDA,https://www.cppeditora.com.br
AMVAC DO BRASIL 3P LTDA,https://www.amvac.com.br
REJOS INDUSTRIA DE INJETADOS LTDA,https://www.rejosmaxiplast.com.br
RDG JEANS LTDA,https://www.rdgjeans.com.br
SOLAB EQUIPAMENTOS PARA LABORATORIOS LTDA,https://www.solabcientifica.com.br
"IMUNODOT DESENVOLVIMENTO, INDUSTRIA E COMERCIO DE IMUNOGENOS E PRODUTOS DE DIAGNOSTICOS VETERINARIOS LTDA",https://www.imunodot.com.br
PAITO COMERCIO DE VEICULOS LTDA,https://www.paitomotors.com.br
FIAMON INDUSTRIA E COMERCIO DE PLASTICOS LTDA,https://www.fiamon.com.br
STECK INDUSTRIA ELETRICA LTDA,https://www.steck.com.br
CADARTEX INDUSTRIA E COMERCIO LTDA,https://www.cadartex.com.br
CONSELHO REGIONAL DE ODONTOLOGIA DE RONDONIA,https://www.cro12.org.br
GR COLORS INDUSTRIA E COMERCIO DE COSMETICOS LTDA,https://www.grcolors.com.br
CONSELHO REGIONAL DE PSICOLOGIA 20 REGIAO,https://www.crp20.org.br
CORALIS COMERCIAL E SERVICOS EM COLORIMETRIA L TDA,https://www.coralis.com.br
LACTOSUL INDUSTRIA DE LATICINIOS LTDA,https://www.centrooestelaticinios.com.br
"SETEX IMP, EXP, IND, COM E SERVICOS EM TELECOMUNICACOES LTDA",https://www.setexcabos.com.br
FIRST LINE MEDICAL DEVICE SA,https://www.firstlinemedical.com.br
ORTHO DENTAL JF LTDA,https://www.orthodentaljf.com.br
CMA CGM DO BRASIL AGENCIA MARITIMA LTDA,https://www.cma-cgm.com
M2M TELEMETRIA LTDA,https://www.m2mtelemetria.com.br
KELLER EMPRESA DE SANEAMENTO E ECOLOGIA LTDA,https://www.kellerambiental.com.br
CONSELHO REGIONAL DE MEDICINA VETERINARIA DO ESTADO DE RONDONIA,https://www.crmv11.org.br
"TUI ALIMENTOS INDUSTRIA, COMERCIO, EXPORTACAO E IMPORTACAO LTDA",https://www.tuialimentos.com.br
QUALIMEDICA SAUDE OCUPACIONAL LTDA,https://www.qualimedicasaude.com.br
IPEC INDUSTRIA E COMERCIO DE EQUIPAMENTOS ELETRONICOS LTDA,https://www.ipec.ind.br
CONDUFIBRA DISTRIBUIDORA DE CABOS E CONECTIVIDADE LTDA,https://www.condufibra.com.br
BEM BRASIL ALIMENTOS SA,https://www.bembrasil.com.br
STEVIA NATUS PRODUTOS NATURAIS LTDA,https://www.stevianatus.com.br
BROKETTO MATERIAIS ELETRICOS LTDA,https://www.broketto.com.br
JOVIAL ABRASIVOS FABRICACAO DE ESCOVAS LTDA,https://www.jovialindustria.com.br
ATRIA LUB COMERCIO DE LUBRIFICANTES S.A.,https://www.atrialub.com.br
HOT TEC ELETRONICA TECNOLOGIA PREDITIVA LTDA,https://www.hottec.com.br
ENGEBAG INDUSTRIA DE EMBALAGENS LTDA,https://www.engebag.com.br
CONSTRUTORA COLMEIA SA,https://www.colmeia.com.br
CONSTRUTORA COLMEIA SA,https://www.colmeia.com.br
DANFAB PECAS E ACESSORIOS LTDA,https://www.danfab.com.br
ENERGISAPREV  FUNDACAO ENERGISA DE PREVIDENCIA,https://www.energisa.com.br
ITAPAGIPE BIOENERGIA LTDA.,https://www.bpbioenergy.com
SESG  SOCIEDADE DE EDUCACAO SUPERIOR GUAIRACA LTDA,https://www.faculdadeguairaca.edu.br
GENIALFLEX MOVEIS LTDA,https://www.genialflex.com.br
REAL RECUPERADORA  COMERCIO DE BOMBAS LTDA,https://www.realebombas.com.br
UNIMED OS BANDEIRANTES COOPERATIVA DE TRABALHO MEDICO,https://www.unimed.coop.br
FUCAPE PESQUISA E ENSINO SA,https://www.fucape.br
EVERQUEST SPORTS COMERCIAL IMPORTADORA LTDA,https://www.everquestsports.com.br
VIVAMED EQUIPAMENTOS MEDICOHOSPITALARES LTDA,https://www.vivamedhospitalar.com.br
ALAMEDA CASA EDITORIAL LTDA,https://www.alamedaeditorial.com.br
JAEPEL PAPEIS E EMBALAGENS S.A,https://www.jaepel.com.br
ADITEX INDUSTRIA E COMERCIO DE ADITIVOS QUIMICOS LTDA,https://www.aditex.com.br
APISNUTRI PRODUTOS ALIMENTICIOS LTDA,https://www.apisnutri.com.br
BIGOLAR INDUSTRIA DE MAQUINAS E EQUIPAMENTOS LTDA,https://www.bigolar.com.br
BIO LOGICA DISTRIBUIDORA LTDA,https://www.biologicadistribuidora.com.br
MAMUTH MANGUEIRAS E CONEXOES LTDA,https://www.mamuthmangueiras.com.br
DE VALERIOS INDUSTRIA E COMERCIO DE ERVA MATE LTDA.,https://www.ervamatevalerio.com.br
SEIDOR - TECNOLOGIA DA INFORMACAO LTDA,https://www.seidorbrasil.com.br
WORLD VETERINARIA COMERCIO E INDUSTRIA LTDA,https://www.worldveterinaria.com.br
PONZAN  INDUSTRIA E COMERCIO DE PRODUTOS ALIMENTICIOS LTDA,https://www.ponzan.com.br
SENSOPH INDUSTRIA E COMERCIO DE SENSORES LTDA,https://www.sensoglass.com.br
SEAL LACRES INDUSTRIA E COMERCIO DE LACRES LTDA,https://www.seallacres.com.br
NUTRACEUTICA PRAIAMAR LTDA,https://www.nutraceuticapraiamarmkt.com.br
"CASA DO ASFALTO DISTRIBUIDORA, INDUSTRIA E COMERCIO DE ASFALTO LTDA",https://www.casadoasfalto.com
SHARK MAQUINAS PARA CONSTRUCAO LTDA,https://www.sharkmaquinas.com.br
SHARK MAQUINAS PARA CONSTRUCAO LTDA,https://www.sharkmaquinas.com.br
LUMINAL PRODUTOS MEDICOS LTDA,https://www.luminal.com.br
COOPERATIVA DOS AGRICULTORES FAMILIARES DE POCO FUNDO E REGIAO LTDA  COOPFAM,https://www.coopfam.org.br
MACROLUB ATACADO AUTOMOTIVO LTDA,https://www.macrolub.com.br
SCHUTZ VASITEX INDUSTRIA DE EMBALAGENS LTDA,https://www.schuetz-vasitex.net
TRANSPPASS TRANSPORTE DE PASSAGEIROS LTDA.,https://www.transppass.com.br
TRANSPPASS TRANSPORTE DE PASSAGEIROS LTDA.,https://www.transppass.com.br
FIOCAR INDUSTRIA E COMERCIO DE FIOS TEXTEIS LTDA,https://www.fiocar.com.br
MILLENIUN COMERCIO E SERVICOS DE INFORMATICA LTDA,https://www.milleniuntecnologia.com.br
TEMPERSOL INDUSTRIA E COMERCIO DE AQUECEDORES LTDA,https://www.tempersol.com.br
TECHNOMODA ROUPAS PROFISSIONAIS LTDA,https://www.technomoda.com.br
NOBRE ONLINE INDUSTRIA E COMERCIO DE PRODUTOS AUTOMOTIVOS LTDA,https://www.automotivoshop.com.br
"MULTINET  TECNOLOGIA, PROCESSAMENTO E SERVICOS LTDA.",https://www.redemultinet.com.br
UNISSUL SUPERMERCADOS SA,https://www.redeunissul.com.br
UNISSUL SUPERMERCADOS SA,https://www.redeunissul.com.br
UNISSUL SUPERMERCADOS SA,https://www.redeunissul.com.br
UNISSUL SUPERMERCADOS SA,https://www.redeunissul.com.br
UNISSUL SUPERMERCADOS SA,https://www.redeunissul.com.br
REGRA LOGISTICA EM DISTRIBUICAO LTDA,https://www.gruporegra.com.br
EASTWEST SEED (BRASIL) LTDA,https://www.eastwestseed.com
THOREB DO BRASIL SISTEMAS ELETRONICOS LTDA,https://www.thoreb.com
FUNDACAO DE APOIO CIENTIFICO E TECNOLOGICO DO TOCANTINS,https://www.fapto.org.br
MAXSOY ALIMENTOS LTDA,https://www.maxsoy.com.br
ROUSSELOT GELATINAS DO BRASIL LTDA,https://www.roussellot-gelatin.com
ROUSSELOT GELATINAS DO BRASIL LTDA,https://www.roussellot-gelatin.com
ROUSSELOT GELATINAS DO BRASIL LTDA,https://www.roussellot-gelatin.com
AGRES SISTEMAS ELETRONICOS SA,https://www.agres.com.br
MUNDO ZA COMERCIO  SERVICOS LTDA,https://www.mundoza.com.br
FAZENDAO INDUSTRIA E COMERCIO DE PRODUTOS AGROPECUARIOS LTDA,https://www.fazendaoagronegocio.com.br
MELFEX INDUSTRIA E COMERCIO DE MATERIAIS ELETRICOS LTDA,https://www.melfex.com.br
SEMEAR ECOTEXTIL LTDA,https://www.semearecotextil.com.br
AGA LOGISTICA LTDA,https://www.agalogistica.com.br
ASSOCIACAO PIAUIENSE DE COMBATE AO CANCER ALCENOR ALMEIDA,https://www.saomarcos.org.br
UNISOL AQUECEDORES SOLARES LTDA,https://www.unisolaquecedores.com.br
COOPERATIVA DE CREDITO DE LIVRE ADMISSAO DE SANTA CRUZ DAS PALMEIRAS E REGIAO,https://www.credicucar.com.br
TRANSMAION TRANSPORTES DE CARGAS LTDA,https://www.transmaion.com.br
ARBORGEN TECNOLOGIA FLORESTAL LTDA.,https://www.arborgen.com
PP PRINT EMBALAGENS SA,https://www.ppprint.com.br
CASA PIO CALCADOS LTDA,https://www.casapio.com.br
NINECON CONSULTORES ASSOCIADOS LTDA.,https://www.ninecon.com.br
PORKAO INDUSTRIA DE ALIMENTOS LTDA,https://www.porkao.com.br
BR MALLS PARTICIPACOES S.A.,https://www.brmalls.com.br
RESISTEN INDUSTRIA E COMERCIO DE RESISTENCIAS LTDA,https://www.resisten.com.br
CTC  CENTRO DE TECNOLOGIA CANAVIEIRA S.A.,https://www.ctc.com.br
INDUSTRIA BRASILEIRA DE BALOES LTDA.,https://www.happyday.ind.br
WANA INDUSTRIA E COMERCIO DE PRODUTOS QUIMICOS LTDA,https://www.agrowan.com.br
4 BIO MEDICAMENTOS S.A.,https://www.4bio.com.br
PLASTITAPE  IMPORTACAO E EXPORTACAO DE PRODUTOS DE EMBALAGEM LTDA,https://www.grupoplastitape.com.br
COOPERATIVA DE CREDITO DE LIVRE ADMISSAO SICOOB ARENITO PARANA  SAO PAULO,https://www.sicoob.com.br
MVF LAVADORAS INDUSTRIA E COMERCIO LTDA,https://www.mvflavadoras.com.br
COMPANHIA DE AGUA E ESGOTO DO CEARA CAGECE,https://www.cagece.com.br
ATA SISTEMAS DE ENERGIA LTDA,https://www.ataups.com.br
MINATTOGLASS PRODUTOS PARA CERAMICA LTDA.,https://www.minattoglass.com.br
ZANONI EQUIPAMENTOS AGRICOLAS LTDA,https://www.zanoniequipamentos.com.br
GENEC AUTOMACAO INDUSTRIAL LTDA,https://www.genec.com.br
POTENCIA MAXIMA RESISTENCIAS LTDA,https://www.pmrresistencias.com.br
CONSELHO REGIONAL DE MEDICINA VETERINARIA DO ESTADO DO PIAUI,https://www.crmv-pi.org.br
KADE LINGERIE LTDA,https://www.kadelingerie.com.br
ALUTAL CONTROLES INDUSTRIAIS LTDA,https://www.alutal.com.br
C.E.I.  ENERGETICA INTEGRADA LTDA,https://www.ceienergetica.com.br
ALTO COMISSARIADO DAS NACOES UNIDAS PARA REFUGIADOS,https://www.br.unhcr.org
FERTSANAAR ESPECIALIDADES AGRICOLAS LTDA,https://www.fertsana.com.br
DGOIAS INDUSTRIA DE ALIMENTOS LTDA,https://www.dgoias.com.br
BINATURAL ENERGIAS RENOVAVEIS S.A,https://www.binatural.com.br
ZONE DIET BRASIL  IMPORTACAO E COMERCIO DE PRODUTOS NUTRICIONAIS E SPA LTDA,https://www.zonediet.com.br
EDELMANN BRAZIL EMBALAGENS LTDA,https://www.edelmann-group.com
DURIN INDUSTRIA DE PLASTICOS LTDA,https://www.durin.com.br
ENZO COMERCIO DE FERRAGENS LTDA,https://www.enzoferragens.com.br
"SUCAFINA BRASIL INDUSTRIA, COMERCIO E EXPORTACAO LTDA.",https://www.sucafina.com
TOYOTA MAQUINAS TEXTEIS BRASIL LTDA.,https://www.toyota-industrial.com
PEC ENERGIA S.A.,https://www.pecenergia.com.br
ZAPP METAIS PRODUTOS METALURGICOS LTDA,https://www.zappmetais.com.br
"PRIVATE BRASIL INDUSTRIA, COMERCIO E IMPORTACAO DE PECAS AUTOMOTIVAS LTDA",https://www.perfectbrasil.com.br
CENTRAL IT TECNOLOGIA DA INFORMACAO SA,https://www.centralit.com.br
"SEXING TECHNOLOGIES DO BRASIL COMERCIO, CONSULTORIA E TECNOLOGIA DE MATERIAL GENETICO ANIMAL LTDA.",https://www.sexing.com
VALGROUP MG INDUSTRIA DE EMBALAGENS FLEXIVEIS LTDA,https://www.valgroupco.com
METALDIN INDUSTRIA E COMERCIO DE FERRAMENTAS LTDA,https://www.metaldin.ind.br
QUANTA PREVIDENCIA COOPERATIVA,https://www.quantaprevidencia.com.br
MATIC INDUSTRIA DE MOVEIS LTDA.,https://www.maticmoveis.com.br
UNITEXTIL UNIAO INDUSTRIAL TEXTIL S A,https://www.unitextil.com.br
ORDEMAX SISTEMAS DE ORDENHA LTDA,https://www.ordemax.com.br
COOPERATIVA DE CREDITO E INVESTIMENTO COM INTERACAO SOLIDARIA ALTERNATIVA - CRESOL ALTERNATIVA,https://www.cresol.coop.br
LOWELL COSMETICOS DO BRASIL LTDA,https://www.lowell.com.br
VINNI COFFEE LTDA,https://www.vinnicoffee.com.br
TOYOLEX AUTOS S.A,https://www.toyolex.com.br
UNIMED TERESINA COOPERATIVA DE TRABALHO MEDICO,https://www.unimed.coop.br
OREGON LABWARE INDUSTRIA IMPORTACAO E EXPORTACAO DE PRODUTOS PARA LABORATORIOS LTDA.,https://www.oregonlabware.com.br
MEDITERRANEAN LOGISTICA ADUANEIRA LTDA,https://www.mediterraneanlogistica.com.br
TCEPAK INDUSTRIA DE EQUIPAMENTOS AUTOMATICOS LTDA,https://www.tcepak.com.br
INSTITUTO DO CANCER DO CEARA,https://www.icc.org.br
DOCES FORNO VELHO LTDA,https://www.fornovelho.com.br
APRENDER EDITORA CEARENSE DE MATERIAL DE ENSINO LTDA,https://www.aprendereditora.com.br
CERAMFIX INDUSTRIA COMERCIO DE ARGAMASSAS E REJUNTES SA,https://www.ceramfix.com.br
PASSAMANARIA DO NORDESTE SA,https://www.stik.com.br
COMM5 TECNOLOGIA INDUSTRIA E COMERCIO DE PRODUTOS ELETROELETRONICOS LTDA,https://www.comm5.com.br
GERTRAN CONSULTORIA LTDA,https://www.gertran.com.br
CHIC EMBALAGENS LTDA,https://www.chicembalagens.com.br
CRONOSERV LOCACAO DE EQUIPAMENTOS LTDA,https://www.cronoserv.com.br
ACCIAX PRODUTOS PARA SAUDE E CORRELATOS LTDA,https://www.acciax.com.br
BE8 S.A.,https://www.be8energy.com
MAJUSS ELETROELETRONICA LTDA,https://www.majuss.com.br
VETHERM INDUSTRIA E COMERCIO DE VEDACOES LTDA,https://www.vetherm.com.br
CONSELHO REGIONAL DE QUIMICA DA 10A REGIAO,https://www.crqx.org.br
ATTA INDUSTRIAL LTDA,https://www.attaindustrial.com.br
ETIKTEX ETIQUETAS E ADESIVOS LTDA.,https://www.etiktex.com.br
HANDHELP SOLUCOES E INFORMATICA LTDA,https://www.handhelp.com.br
ICONACY ORTHOPEDIC IMPLANTS INDUSTRIA E COMERCIO DE PRODUTOS MEDICO HOSPITALARES LTDA.,https://www.iconacy.com.br
FUNDACAO EDSON QUEIROZ,https://www.unifor.br
BR TENIS COMERCIO DE CALCADOS E ARTIGOS ESPORTIVOS LTDA,https://www.brtenisoficial.shop
GP EMISSAO INSTANTANEA E GESTAO DE DOCUMENTOS LTDA,https://www.gruponpositiva.com
SKY LIFE INDUSTRIA E COMERCIO DE CONFECCOES LTDA,https://www.skylifejeans.com.br
PHYTOBIOTICS BRASIL - COMERCIO DE PRODUTOS AGROPECUARIOS LTDA,https://www.phytobiotics.com
KOMPORT COMERCIAL IMPORTADORA S.A.,https://www.komport.com.br
MARCO TEXTIL INDUSTRIA E COMERCIO DE ARTIGOS DO VESTUARIO LTDA,https://www.marcotextil.com.br
CRV INDUSTRIAL PARAFUSOS LTDA,https://www.crvindustrial.com
HBR AVIACAO S.A.,https://www.hbraviacao.com.br
KTR GROUP IMPORTACAO E EXPORTACAO LTDA,https://www.grupoktr.com.br
GLOBAL ERA INTERNATIONAL EXPORTACAO E IMPORTACAO LTDA.,https://www.globalera.com.br
ACTION AGENCIAMENTO DE CARGAS LTDA.,https://www.actioncargo.com.br
DOR CONSULTORIA EM CORRETAGEM DE SEGUROS E BENEFICIOS LTDA.,https://www.dorconsultoria.com.br
CJ DO BRASIL INDUSTRIA E COMERCIO DE PRODUTOS ALIMENTICIOS LTDA.,https://www.biomin.com.br
CALENDULA - CALCADOS E ACESSORIOS LTDA,https://www.calendulacalcados.com.br
"LUMA SERVICOS, MANUTENCAO E COMERCIO LTDA",https://www.lumaservice.com.br
SEDAN COMERCIO E IMPORTACAO DE VEICULOS LTDA,https://www.newsedan.com.br
MONTE AZUL ENGENHARIA AMBIENTAL LTDA,https://www.monteazulambiental.com.br
PARANA LATEX IND E COM DE ARTEFATOS DE,https://www.paranalatex.com.br
ART DESCART COMERCIO DE EMBALAGENS E CONFECCAO LTDA,https://www.artuniformes.com.br
TOTAL BIOTECNOLOGIA INDUSTRIA E COMERCIO SA,https://www.totalbio.com.br
MEDIA INTERNATIONAL DISTRIBUICAO DE PUBLICACOES LTDA,https://www.mediainternational.com.br
SIEGWERK BRASIL INDUSTRIA DE TINTAS LTDA,https://www.siegwerk.com
DANLEX SERVICOS LTDA,https://www.danlex.com.br
GENEX GENETICA BRASIL LTDA,https://www.genexbrasil.com.br
"AME AUDIOLOGIA, CALIBRACAO E MANUTENCAO EM EQUIPAMENTOS AUDIOLOGICOS LTDA",https://www.ameaudiologia.com.br
COOPERATIVA DE CREDITO E INVESTIMENTO COM INTERACAO SOLIDARIA DO VALE EUROPEU  CRESOL VALE EUROPEU,https://www.cresol.coop.br
FLORA LONDRINA VIVEIRO FLORESTAL LTDA,https://www.floralondrina.com.br
SERVICO NACIONAL DE APRENDIZAGEM DO COOPERATIVISMO NO ESTADO DE PERNAMBUCO,https://www.pernambucocooperativo.coop.br
LUMIX ILUMINACAO LTDA,https://www.lumixiluminacao.com.br
CASCO SOLUCOES LOGISTICAS LTDA,https://www.grupocasco.com.br
MICROL INFORMATICA LTDA,https://www.microl.com.br
INSTITUTO MINEIRO DE EDUCACAO SUPERIOR,https://www.faculdadeimes.org.br
AMPLA ADMINISTRADORA DE CARTOES LTDA.,https://www.amplacard.com.br
CHOLMED COMERCIAL HOSPITALAR LTDA,https://www.cholmed.com.br
LEONFER  COMERCIO E LOGISTICA LTDA,https://www.leonfer.com.br
RHJ INDUSTRIA E COMERCIO DE EQUIPAMENTOS MEDICOS LTDA,https://www.maternmilk.com.br
DIFATY GLASSES COMERCIAL LTDA,https://www.difaty.com.br
OTD BRASIL LOGISTICA SA,https://www.otdbrasil.com.br
GLOBOAVES SAO PAULO AGROAVICOLA LTDA,https://www.globoaves.com.br
"OSTEO SOLUTION  COMERCIO, IMPORTACAO E EXPORTACAO DE ARTIGOS HOSPITALARES LTDA.",https://www.osteos.com.br
ZONA LESTE COMERCIO DE BALANCAS E PECAS LTDA,https://www.zonalestepecas.com.br
DICOLORE COSMETICOS LTDA,https://www.dicolore.com.br
PRINTBAG EMBALAGENS LTDA,https://www.printbag.com.br
COOPERATIVA DE CREDITO DE LIVRE ADMISSAO DA REGIAO METROPOLITANA DE GOIANIA LTDA.,https://www.secovicred.com.br
GAMAS COMERCIO DE MATERIAIS DE COMUNICACAO SA,https://www.meiosemetas.com.br
YOKOHAMA TWS BRAZIL INDUSTRIA E COMERCIO DE BORRACHAS E POLIMEROS LTDA.,https://www.yokohama-tws.com
ACQUILA INDUSTRIA E COMERCIO DE VERNIZES LTDA,https://www.acquila.com.br
"CARVAL IMPORTACAO, EXPORTACAO, INDUSTRIA E COMERCIO DE MATERIAIS ESPORTIVOS LTDA",https://www.carval.com.br
GEO ACQUA PRODUTOS PARA MONITORAMENTO AMBIENTAL LTDA.,https://www.geoacqua.com.br
MEGACABOS INDUSTRIA E COMERCIO DE FIOS E CABOS LTDA,https://www.megatron.com.br
COFACE DO BRASIL SEGUROS DE CREDITO S.A.,https://www.coface.com.br
MASTERPONTO EQUIPAMENTOS E SISTEMAS LTDA,https://www.masterponto.com.br
A. W. FABERCASTELL AMAZONIA S. A.,https://www.faber-castell.com.br
FUNDACAO DEMOCRITO ROCHA,https://www.fdr.org.br
SINDICATO DOS SERVIDORES DO MINISTERIO PUBLICO DO ESTADO DE MINAS GERAIS SINDSEMPMG,https://www.sindsempmg.org.br
TEKLA IND TEXTIL LTDA,https://www.tekla.com.br
SERSIN E CECOB SERVICOS DE COBRANCA LTDA,https://www.cecobsersin.com.br
BANCO TOPAZIO S.A.,https://www.bancotopazio.com.br
BONTHER PRODUTOS E EQUIPAMENTOS PARA LABORATORIO LTDA,https://www.bonther.com.br
WISH S.A.,https://www.wish.com
AKEMI BRASIL INDUSTRIA E COMERCIO LTDA.,https://www.akemibrasil.com.br
TALISMA ADMINISTRADORA DE SHOWS E EDITORA MUSICAL LTDA,https://www.talisma.art.br
LABEL MINAS COMERCIO E SERVICOS GRAFICOS LTDA,https://www.labelminas.com.br
TECNOGLOBO EQUIPAMENTOS LTDA,https://www.tecnoglobo.com.br
FERRANTE COMERCIO DE RADIOCOMUNICACAO LTDA.,https://www.grupoferrante.com.br
AUDIBEL SANTA CATARINA APARELHOS AUDITIVOS LTDA,https://www.audibel.com.br
IRRIGAPLAN INDUSTRIA E COMERCIO DE EQUIPAMENTOS DE IRRIGACAO LTDA,https://www.irrigaplan.com.br
GIASSI COMERCIO DE FERRO E ACO LTDA.,https://www.giassiferroeaco.com.br
FUNDACAO UNIVERSIDADE FEDERAL DO ABC  UFABC,https://www.ufabc.edu.br
MIPEL COMERCIO E INDUSTRIA DE PECAS TECNICAS LTDA,https://www.mipel.com.br
TOP LINE FORMATURAS LTDA,https://www.toplineformaturas.com.br
UNIAO AVICOLA AGROINDUSTRIAL LTDA,https://www.uniaoavicola.ind.br
FECHADURAS HELA DE FRIBURGO FERRAGENS LTDA,https://www.hela.com.br
DEIF DO BRASIL COMERCIO DE CONTROLES E EQUIPAMENTOS LTDA.,https://www.deif.com
TEOMAC GEOTECNOLOGIAS LTDA,https://www.teomac.com.br
LIGA RETRO COMERCIO DE ARTIGOS ESPORTIVOS LTDA,https://www.ligaretro.com.br
DEXON TECNOLOGIAS DIGITAIS LTDA,https://www.dexon.ind.br
FUNDACAO UNIVERSIDADE FEDERAL DA GRANDE DOURADOS,https://www.portal.ufgd.edu.br
FUNDACAO UNIVERSIDADE FEDERAL DA GRANDE DOURADOS,https://www.portal.ufgd.edu.br
UNIVERSIDADE FEDERAL DO RECONCAVO DA BAHIA  UFRB,https://www.ufrb.edu.br
VEXPENSES S.A.,https://www.vexpenses.com.br
ETIBAND INDUSTRIA E COMERCIO DE ETIQUETAS LTDA,https://www.etiband.com.br
FUHRMANN INDUSTRIA DE EQUIPAMENTOS ELETRONICOS LTDA,https://www.fuhrmann.com.br
"ENERWATT ENGENHARIA, INDUSTRIA E COMERCIO LTDA",https://www.enerwatt.com.br
"ENERWATT ENGENHARIA, INDUSTRIA E COMERCIO LTDA",https://www.enerwatt.com.br
GAHOTECH SISTEMAS AUTOMOTIVOS LTDA,https://www.gahotech.com.br
INSTITUTO BRASILEIRO DE EDUCACAO CONTINUADA LTDA,https://www.inbec.com.br
MULTIPLAN EMPREENDIMENTOS IMOBILIARIOS SA,https://www.multiplan.com.br
UNIVERSIDADE ESTADUAL VALE DO ACARAU,https://www.uvanet.br
AAK DO BRASIL INDUSTRIA E COMERCIO DE OLEOS VEGETAIS LTDA,https://www.aak.com
SYSTEMPACK DO BRASIL INDUSTRIA DE MAQUINAS LTDA,https://www.systempackdobrasil.com.br
CEMAG  CEARA MAQUINAS AGRICOLAS LTDA,https://www.cemag.com.br
THORBAT BATERIAS E COMPONENTES LTDA,https://www.thorbat.com.br
KOBOLD GESTORA DE FUNDOS LTDA,https://www.kobold.com.br
CESCONETTO MAGAZINE LTDA,https://www.cesconetto.com.br
SUPERAGRI INDUSTRIA E COMERCIO DE MAQUINAS AGRICOLAS LTDA,https://www.superagri.com.br
SUZANFAC INDUSTRIA E COMERCIO DE FACAS INDUSTRIAIS LTDA,https://www.suzanfac.com.br
HALITO PURO  CENTRO DE TRATAMENTO DA HALITOSE E COMERCIO DE PRODUTOS DE HIGIENE ORAL LTDA.,https://www.halitopuro.com.br
SAFE TRACE SISTEMAS DE RASTREABILIDADE S.A,https://www.agrotransparencia.com.br
ADECOAGRO VALE DO IVINHEMA S.A.,https://www.adecoagro.com
WATSONMARLOW BREDEL INDUSTRIA E COMERCIO DE BOMBAS LTDA.,https://www.watson-marlow.com.br
SHOPPING DO CIDADAO SERVICOS E INFORMATICA S.A.,https://www.shopcidadao.com.br
COOPERATIVA DE CREDITO E INVESTIMENTO COM INTERACAO SOLIDARIA MEIO OESTE  CRESOL MEIO OESTE,https://www.cresol.coop.br
MERCK SHARP  DOHME SAUDE ANIMAL LTDA,https://www.msd-saude-animal.com.br
COOPERATIVA DE CREDITO E ECONOMIA COM INTERACAO SOLIDARIA  CRESOL SERRA MAR,https://www.cresol.coop.br
RQ PARTICIPACOES SA,https://www.rqparticipacoes.com.br
HADASSAH  COSMETICOS LTDA,https://www.hadass.com.br
LITORAL MED SERVICOS MEDICOS LTDA,https://www.litoralmed.com.br
EUROLAF VEICULOS ESPECIAIS LTDA,https://www.eurolaf.com.br
BIRUTEC INDUSTRIA E COMERCIO DE SINALIZADORES HORIZONTAIS LTDA,https://www.estol.com.br
BIOGEN BRASIL PRODUTOS FARMACEUTICOS LTDA,https://www.biogenidec.com.br
SAGA MEDICAO SA,https://www.sagamedicao.com.br
INSTITUTO DE PROMOCAO E DE ASSISTENCIA A SAUDE DE SERVIDORES DO ESTADO DE SERGIPE  IPESAUDE,https://www.ipesaude.se.gov.br
INSTITUTO BIOSISTEMICO,https://www.biosistemico.org.br
ZKTECO DO BRASIL S.A.,https://www.zkteco.com.br
BRENCO  COMPANHIA BRASILEIRA DE ENERGIA RENOVAVEL,https://www.brenco.com.br
SOB SCHURTER  OKW DO BRASIL COMPONENTES ELETRONICOS LTDA.,https://www.okw.com
ARVENSIS COSMETICOS LTDA,https://www.arvensis.com.br
A. LACIOLI ARTESANAIS LTDA,https://www.lacioli.com.br
OCYAN S.A.,https://www.ocyan-sa.com
CAIXA DE ASSISTENCIA DOS EMPREGADOS DA EMPRESA BRASILEIRA DE PESQUISA AGROPECUARIA CASEMBRAPA,https://www.casembrapa.com.br
DOMINISOLO IND QUIMICA LTDA,https://www.dominisolo.com.br
PANICORT INDUSTRIA DE LAMINAS ESPECIAIS LTDA,https://www.panicort.com.br
JF CITRUS AGROPECUARIA SA,https://www.jfcitrus.com.br
COPAMAR DISTRIBUIDORA E ATACADISTA DE FRALDAS E PRODUTOS DE HIGIENE LTDA,https://www.copamarfraldas.com.br
NATCOFARMA DO BRASIL LTDA,https://www.natcofarma.com
MIRKA BRASIL LTDA.,https://www.mirka.com
VIEMAQ EQUIPAMENTOS LTDA,https://www.viemaq.com.br
NATURAL ONE S.A.,https://www.natone.com.br
NATURAL ONE S.A.,https://www.natone.com.br
ENGEGROUP ENGENHARIA LTDA,https://www.engegroup.com.br
UNIODONTORNCOOPERATIVA ODONTOLOGICA DO RIO GRANDE DO NORTE,https://www.uniodonto.com.br
IDEMA  INSTITUTO DE DESENVOLVIMENTO SUSTENTAVEL E MEIO AMBIENTE DO RIO GRANDE DO NORTE,https://www.idema.rn.gov.br
FROMM SISTEMAS DE EMBALAGENS LTDA,https://www.fromm.com.br
PROMIP MANEJO INTEGRADO DE PRAGAS LTDA,https://www.promip.agr.br
SOFTWAREONE COMERCIO E SERVICOS DE INFORMATICA LTDA,https://www.softwareone.com
MARCO ZERO ARTIGOS ESPORTIVOS E MILITARES LTDA,https://www.marcozeromilitar.com.br
NATURALLIS PRODUTOS NATURAIS SUPLEMENTOS PARA ATLETAS LTDA,https://www.naturallisuplementos.com.br
DATANORTE CIA DE PROCESSAMENTO DE DADOS DO R G DO NORTE,https://www.datanorte.com.br
CERRADINHO BIOENERGIA S.A.,https://www.cerradinhobio.com.br
COGNIZANT SERVICOS DE TECNOLOGIA E SOFTWARE DO BRASIL LTDA,https://www.cognizant.com
SEITEC TECNOLOGIA EM EQUIPAMENTOS LIMITADA,https://www.seitec.ind.br
PLATINOX COMERCIO DE EQUIPAMENTOS PARA GASTRONOMIA LTDA,https://www.platinox.com.br
CONSELHO REGIONAL DE ENFERMAGEM DE MATO GROSSO,https://www.coren-mt.com.br
AGILITY INDUSTRIA DE ALIMENTOS PARA ANIMAIS LTDA,https://www.grupoagility.com
SINDICATO DOS EMPREGADOS EM ESTABELECIMENTOS BANCARIOS E INSTITUICOES FINANCEIRAS DO RIO GRANDE DO NORTE  SEEBRN,https://www.seebrn.com.br
COMPONEW LTDA,https://www.componew.com
FORTLINE INDUSTRIA E COMERCIO DE MOVEIS LTDA,https://www.fortline.ind.br
COSTA MARINE INDUSTRIA E COMERCIO DE PRODUTOS ALIMENTICIOS LTDA.,https://www.costamarine.com.br
EDITORA BRASILEIRA DE ESTUDOS INTERIORES LTDA.,https://www.ebeieditora.com.br
POLIT INDUSTRIA DE EMBALAGENS FLEXIVEIS LTDA,https://www.politampas.com.br
BREU DO BRASIL INDUSTRIA E COMERCIO DE FERRAMENTAS LIMITADA,https://www.breu-diatools.com
VEMAG DO BRASIL EQUIPAMENTOS E SERVICOS PARA INDUSTRIA ALIMENTICIA LTDA,https://www.vemagdobrasil.com.br
AR2M COSMETICOS DISTRIBUIDORA LTDA,https://www.ar2mcosmeticos.com.br
AR2M COSMETICOS DISTRIBUIDORA LTDA,https://www.ar2mcosmeticos.com.br
LIGA NORTE RIOGRANDENSE CONTRA O CANCER,https://www.ligacontraocancer.com.br
CONSELHO REGIONAL DE ODONTOLOGIA DO RIO GRANDE DO NORTE,https://www.crorn.org.br
ORDEM DOS ADVOGADOS DO BRASIL SECAO RIO GRANDE DO NORTE,https://www.oabrn.org.br
BIOEQUIMICA INDUSTRIA E COMERCIO LTDA,https://www.beqservices.com.br
FVO BRASILIA INDUSTRIA E COMERCIO DE ALIMENTOS S.A.,https://www.fvoalimentos.com.br
RIO G DO NORTE ASSEMBLEIA LEGISLATIVA DO RIO G DO NORTE,https://www.ale.rn.gov.br
PARTIDO LIBERAL (PL),https://www.partidoliberal.com.br
LAMIQUALI INDUSTRIA E COMERCIO DE INSTRUMENTOS CIRURGICOS LTDA,https://www.lamiquali.com.br
AUTOMA POWER  UTILITIES S.A.,https://www.automa.com.br
"BRASIL BIO FUELS REFLORESTAMENTO, INDUSTRIA E COMERCIO SA",https://www.grupobbf.com.br
"KRATOS EMBALAGENS,SERVICOS E ANALISES DE MATERIAIS LTDA",https://www.kratosembalagens.com.br
STEELBRAS ANTENAS INDUSTRIA E COMERCIO LTDA EM RECUPERACAO JUDICIAL EM RECUPERACAO JUDICIAL,https://www.steelbras.com.br
NORTRON COMERCIO DE ELETROELETRONICOS LTDA.,https://www.nortronne.com.br
AMATEC AMAZONIA TECNOLOGIA E SISTEMAS LTDA,https://www.amatec.com.br
JUNES MAQUINAS LTDA,https://www.junesmaquinas.com.br
CONSELHO REGIONAL DE MEDICINA VETERINARIA 12 REGIAO,https://www.crmv12.org.br
MSC MEDITERRANEAN LOGISTICA LTDA.,https://www.msc.com
ACRIBOM PLASTICOS LTDA,https://www.acribom.com.br
PETROISA IRRIGACAO LTDA.,https://www.petroisa.com.br
BRADEL ELETROELETRONICOS LTDA.,https://www.bradel.com.br
SHIMANO LATIN AMERICA REPRESENTACAO COMERCIAL LTDA.,https://www.shimano.com.br
ELEMAR ARMAZENS GERAIS LTDA,https://www.elemareag.com.br
BOLSAS BAUARTE ACESSORIOS DA MODA LTDA.,https://www.bauarte.com.br
GOIASMAQ  MAQUINAS AGRICOLAS LTDA,https://www.goiasmaq.com.br
SOINVIE DO BRASIL LTDA,https://www.soinvieonline.com.br
CONAIR COMERCIALIZACAO DO BRASIL LTDA,https://www.conair.com
AEROGLOBO REVENDEDORA DE PRODUTOS AERONAUTICOS LTDA,https://www.aeroglobo.com.br
AFIATECH EQUIPAMENTOS E ACESSORIOS PARA AFIACAO LTDA,https://www.afiatech.com.br
CARBUSS INDUSTRIA CATARINENSE DE CARROCERIAS LTDA,https://www.busscar.net
TRANSFORMADORES E SERVICOS DE ENERGIA DAS AMERICAS S.A.,https://www.tsea.com.br
LAMIECCO PLASTICOS S.A.,https://www.lamiecco.com.br
BEVFOODS INDUSTRIA E COMERCIO DE ADITIVOS PARA ALIMENTOS E COSMETICOS LTDA,https://www.bevfoods.com
FUNDACAO APOLONIO SALES DE DESENVOLVIMENTO EDUCACIONAL,https://www.fadurpe.com.br
DYNAMOX SA,https://www.dynamox.net
KAILASCH EDITORA E LIVRARIA LTDA,https://www.luiza-kehl.lojaintegrada.com.br
FUNDACAO LAURO CAMPOS E MARIELLE FRANCO,https://www.flcmf.org.br
GENOMMA LABORATORIES DO BRASIL LTDA.,https://www.genommalab.com.br
CONFEDERACAO NACIONAL DE AUDITORIA COOPERATIVA  CNAC,https://www.cnac.coop.br
CONFEDERACAO NACIONAL DE AUDITORIA COOPERATIVA  CNAC,https://www.cnac.coop.br
CONFEDERACAO NACIONAL DE AUDITORIA COOPERATIVA  CNAC,https://www.cnac.coop.br
KALLAS INCORPORACOES E CONSTRUCOES S.A.,https://www.kallasnet.com.br
SERENA GERACAO S.A,https://www.srna.co
FUNDACAO DE APOIO A FACULDADE DE MEDICINA DE MARILIA E AO HOSPITAL DAS CLINICAS DA FACULDADE DE MEDICINA DE MARILIA  FAMAR,https://www.famar.org.br
INSTITUTO DE PREVIDENCIA DOS SERVIDORES PUBLICOS DO MUNICIPIO DE VARGINHA  INPREV,https://www.inprev.varginha.mg.gov.br
CONSELHO REGIONAL DE PSICOLOGIA DA 17 REGIAO  CRP17RN,https://www.crp17.org.br
AZUL LINHAS AEREAS BRASILEIRAS S.A.,https://www.azul.com
AZUL LINHAS AEREAS BRASILEIRAS S.A.,https://www.azul.com
AZUL LINHAS AEREAS BRASILEIRAS S.A.,https://www.azul.com
SENSYMED EQUIPAMENTOS MEDICOS LTDA,https://www.sensymed.com.br
COMPANHIA DE DESENVOLVIMENTO HABITACIONAL DO DISTRITO FEDERAL  CODHABDF,https://www.codhab.df.gov.br
SDORF SCIENTIFIC DO BRASIL LTDA,https://www.sdorf.com.br
MIOLO WINE GROUP VITIVINICULTURA S.A.,https://www.miolo.com.br
EMPRESA PARAIBANA DE COMUNICACAO S.A.  EPC,https://www.correiodaparaiba.com.br
EXPEDIA DO BRASIL AGENCIA DE VIAGENS E TURISMO LTDA,https://www.expedia.com.br
KINFRA RODOVIA DO ACO S.A.,https://www.rodoviadoaco.com.br
FUNDACAO CIDADE VIVA,https://www.cidadeviva.org
COMUSA  SERVICOS DE AGUA E ESGOTO DE NOVO HAMBURGO,https://www.comusa.rs.gov.br
MABRA FARMACEUTICA LTDA,https://www.mabra.com.br
VIASOL INDUSTRIA E COMERCIO DE AQUECEDORES SOLAR LTDA,https://www.shopviasol.com.br
ALMENARA EDITORIAL LTDA,https://www.almenaraeditorial.com.br
TURATTI  TURATTI LTDA,https://www.turattimadeiras.com
OMETTO  CIA EQUIPAMENTOS DE RADIOPROTECAO E INSPECAO LTDA,https://www.omettoequipamentos.com.br
HOTELARIA ACCOR BRASIL SA,https://www.accor.com
JAGUAR E LAND ROVER BRASIL INDUSTRIA E COMERCIO DE VEICULOS LTDA,https://www.jaguarlandrover.com
IMPERVEG POLIMEROS INDUSTRIA E COMERCIO LTDA,imperveg.com.br
FARMADIGITAL COMERCIO VAREJISTA DE MEDICAMENTOS LTDA,farmadigital.com.br
HOSPITAL MILITAR DE AREA DE PORTO ALEGRE,hmapa.eb.mil.br
MATRON INFORMATICA LTDA,matron.com.br
A2 TECNOLOGIA LTDA.,a2tecnologia.net.br
AWSHOES INDUSTRIA DE CALCADOS LTDA,awshoes.com.br
GEOLOGIA BR  COMERCIO E SERVICOS LTDA,geologiabr.com
VIA BIRIGUI CALCADOS LTDA,viabirigui.com.br
DESCOMPLICA TECNOLOGIA E EDUCACAO S.A.,descomplica.com.br
AVIVATEC SOLUCOES EM TECNOLOGIA DA INFORMACAO LTDA,avivatec.com.br
ROCOCO BABY CONFECCAO DE ARTIGOS PARA BEBES LTDA,rococoateliedobebe.prepi.com.br
EXODO CIENTIFICA QUIMICA FINA INDUSTRIA E COMERCIO LTDA,exodocientifica.com.br
FEBRUCE CONSTRUCOES EM ACO LTDA,februce.com.br
AUTO TREK VEICULOS LTDA,valence.com.br
SBM OFFSHORE DO BRASIL LTDA.,sbmoffshore.com
FERREIRA  PEREIRA CONFECOES LTDA,pereiraconfeccoes.com.br
LEMARC INDUSTRIA E COMERCIO DE REFRIGERACAO LTDA,lemarcrefrigeracao.com.br
TRUSTLY BRAZIL SOFTWARE LTDA,trustly.com
GAMA CONSTRUCOES IMOBILIARIAS LTDA,ecocil.com.br
ECOCIL 09 INCORPORACOES IMOBILIARIAS LTDA,ecocil.com.br
ECOCIL  SANTOS DUMONT INCORPORACOES LTDA.,ecocil.com.br
ECOCIL BELLA VISTA INCORPORACOES IMOBILIARIAS LTDA,ecocil.com.br
ECOCIL  SOLIMAR INCORPORACOES LTDA.,ecocil.com.br
ECOCIL  PIPA LAGOON INCORPORACOES LTDA.,ecocil.com.br
AUVO TECNOLOGIA S.A.,auvo.com
BRASCAM COMERCIAL LTDA,brascamdistribuidora.com.br
COMPRE CONOSCO COMERCIO ELETRONICO LTDA,compreconosco.com.br
ECOCIL  PORTO ARENA INCORPORACOES LTDA,ecocil.com.br
CERENTINI  CERENTINI LTDA,lojascerentini.com.br
TOOL FAST REFORMA DE MAQUINAS CNC LTDA,toolfast.com.br
GALLARDO  COMERCIO DE EQUIPAMENTOS ODONTO MEDICOS LTDA,dentalstilo.com.br
"ARMAZEM 4 X 4 IMPORTACAO, EXPORTACAO E COMERCIO DE ACESSORIOS AUTOMOTIVOS LTDA",armazem4x4.com.br
ASSOCIACAO O PODER DO DESEJO,makeawish.org.br
CONSELHO REGIONAL DE NUTRICIONISTAS DA DECIMA REGIAO (CRN10),crn10.org.br
EMBALA BRASIL INDUSTRIA E COMERCIO DE MAQUINAS LTDA,embalabrasilrs.com.br
RCK ETIQUETAS E BRINDES LTDA,rcketiquetas.com.br
SCOLARI NETO E OLIVEIRA FILHO SOCIEDADE DE ADVOGADOS,snof.com.br
PENA INDUSTRIA E COMERCIO LTDA,pena.com.br
CENTRO OTICO DE UBERABA LTDA,oticamodernaprime.com.br
CONSELHO REGIONAL DE MEDICINA DO ESTADO DO CEARA,cremec.org.br
GDAQ  COMERCIO DE EQUIPAMENTOS E PRODUTOS PARA INDUSTRIA LTDA,gdaq.com.br
WL COMERCIO E CALIBRACAO EM PESOS PADRAO LTDA. ME,wlpesospadrao.com.br
LAFER DISTRIBUIDORA DE PECAS INDUSTRIAIS E AGRICOLAS LTDA,laferrolamentos.com.br
REDE PLUS SUPERMERCADOS LTDA,redeplus.com
BAHER INDUSTRIA E COMERCIO DE MAQUINAS LTDA,baher.com.br
ALQUIMIDAS PRATEACOES LTDA,alquimidas.com.br
POP SHOP COMERCIO DE INFORMATICA LTDA,popshopinformatica.com.br
AGREX DO BRASIL LTDA.,agrex.com.br
AGREX DO BRASIL LTDA.,agrex.com.br
AGREX DO BRASIL LTDA.,agrex.com.br
AGREX DO BRASIL LTDA.,agrex.com.br
FEV AMERICA LATINA LTDA.,fev.de
CRISTAL IMAGE PRESENTES LIMITADA,cristalimage.com.br
LOBO ATIVIDADES ESPORTIVAS LTDA,loboassessoria.com.br
NEORAMA FILMES LTDA,neoramastudio.com
DOSSEL AMBIENTAL CONSULTORIA E PROJETOS LTDA,dosselambiental.com
DOSETEC ELETROELETRONICA INDUSTRIAL LTDA,dosetec.com.br
ALR INDUSTRIA E COMERCIO DE EQUIPAMENTOS ELETRONICOS LTDA,abstelemetria.com
VCTEC INDUSTRIA E COMERCIO DE PECAS LTDA,vctecestetica.com.br
MORAES ADMINISTRACAO DE CONDOMINIOS E TREINAMENTOS EMPRESARIAIS LTDA,moraes.com
NOROMIX CONCRETO SA,noromix.com.br
VIA LANCE CONFECCOES LTDA,vialance.com.br
INTERLIGACAO ELETRICA DO MADEIRA SA,iemadeira.com.br
DACAPO REVESTIMENTOS ESPECIAIS LTDA.,dacapo.com.br
SANTO ANTONIO DI PADOVA INDUSTRIA E COMERCIO LTDA,padova.ind.br
MARI GIULIANI ACESSORIOS LTDA,marigiuliani.com.br
EAGRI SUL INDUSTRIA E COMERCIO DE MAQUINAS E EQUIPAMENTOS LTDA,eagri.com.br
ONCOVIT DISTRIBUIDORA DE MEDICAMENTOS LTDA,oncovit.com.br
ONCOVIT DISTRIBUIDORA DE MEDICAMENTOS LTDA,oncovit.com.br
GRIMP EQUIPAMENTOS DE SEGURANCA LTDA,grimp.com.br
DENTAL SUL PRODUTOS ODONTOLOGICOS LTDA,dentalsul.com.br
EMBRATECC REPRESENTACAO COMERCIO E SERVICO DE EQUIPAMENTOS ELETROELETRONICOS LTDA,embratecc.com.br
HST CARD TECHNOLOGY  DESENVOLVIMENTO DE SISTEMAS LTDA,hst.com.br
MARCANTE EVENTOS LTDA,marcanteeventos.com.br
"OXXY.NET COMERCIO, CONSULTORIA E DESENVOLVIMENTO DE SOFTWARES LTDA",https://www.oxxy.net
MEGAGRAPHIC PECAS E SUPRIMENTOS DE INFORMATICA LTDA,megagraphic.com.br
AMBIENTALLIS AROMAS LTDA,ambientallis.com.br
OESTE MARINE LTDA,oestemarine.com.br
"INSTITUTO FEDERAL DE EDUCACAO, CIENCIA E TECNOLOGIA DO SUL DE MINAS GERAIS",ifsuldeminas.edu.br
BIOBRINDES INDUSTRIA E COMERCIO DE BRINDES LTDA,biobrindes.com.br
GRAFICA CS LTDA,graficacs.com.br
SANDICE REPRODUCAO DE IMAGENS E COMERCIO LTDA.,sandice.com.br
CENBRAP  CENTRO BRASILEIRO DE POS GRADUACOES LTDA,cenbrap.com.br
ACETPLACE COMERCIAL LTDA,acetplace.com.br
WECOM COMERCIO DISTRIBUICAO E SERVICOS EM TECNOLOGIA DA INFORMACAO S.A.,wecom.com.br
VIABAHIA CONCESSIONARIA DE RODOVIAS S.A.,viabahiasa.com.br
"STROBEL DO BRASIL COMERCIAL, EXPORTADORA E IMPORTADORA DE ARTIGOS TEXTEIS LTDA",strobelbrasil.com.br
T4A PRODUTOS DE BELEZA LTDA,lojadabela.com.br
GELCO GELATINAS DO BRASIL LTDA,gelco-s-a.com.br
WME SISTEMAS DE INFORMATICA LTDA,wmesistemas.com.br
COMPANHIA DOS RELES  COMPONENTES LTDA,ciadosreles.com.br
SR GRAFICA LTDA,graficasr.com.br
TECNORED REDUTORES E COMERCIO DE TRANSMISSOES MECANICAS LTDA,redutorestecnored.com.br
SERVICO DO OFICIO UNICO DO MUNICIPIO DE LEVY GASPARIAN,levygasparian.rj.gov.br
REDE IDEIA SOLUCOES TECNOLOGICAS LTDA,redeideia.com.br
BAIKAL CONSTRUCOES E INSTALACOES LTDA,baikalconstrucoes.com.br
FILPAR INDUSTRIA E COMERCIO LTDA,filpar.com.br
VALLE RECURSOS HUMANOS TRABALHOS TEMPORARIOS LTDA,vallerh.com.br
"INSTITUTO FEDERAL DE EDUCACAO, CIENCIA E TECNOLOGIA DE SERGIPE",ifs.edu.br
"INSTITUTO FEDERAL DE EDUCACAO, CIENCIA E TECNOLOGIA DE SERGIPE",ifs.edu.br
ALFA ENGENHARIA E MONTAGENS INDUSTRIAIS LTDA,alfaeng.com.br
"DRUCKENT INDUSTRIA, COMERCIO, IMPORTACAO E EXPORTACAO LTDA",kentdobrasil.com.br
WEST TELECOM TECNOLOGIA LTDA,westtelecom.net
A FORMULA SERVICOS E FRANCHISE LTDA.,aformulabr.com.br
LUKDIESEL COMERCIO DE PECAS PARA CAMINHOES LTDA.,lukdiesel.com.br
LUKDIESEL COMERCIO DE PECAS PARA CAMINHOES LTDA.,lukdiesel.com.br
HOPE TECH TELECOMUNICACOES COMERCIO E SERVICOS LTDA,hopetech.com.br
IRMAOS HALULI LTDA,irmaoshaluli.com.br
OPUSPAC INDUSTRIA E COMERCIO DE MAQUINAS LTDA,opuspac.com
O3NT PRODUTOS DE HIGIENE E BEM ESTAR LTDA,o3nt.com
"INSTITUTO FEDERAL DE EDUCACAO, CIENCIA E TECNOLOGIA DA PARAIBA",ifpb.edu.br
"INSTITUTO FEDERAL DE EDUCACAO, CIENCIA E TECNOLOGIA DA PARAIBA",ifpb.edu.br
"INSTITUTO FEDERAL DE EDUCACAO, CIENCIA E TECNOLOGIA DA PARAIBA",ifpb.edu.br
"INSTITUTO FEDERAL DE EDUCACAO, CIENCIA E TECNOLOGIA DE MATO GROSSO",ifmt.edu.br
"INSTITUTO FEDERAL DE EDUCACAO, CIENCIA E TECNOLOGIA DE MATO GROSSO",ifmt.edu.br
"INSTITUTO FEDERAL DE EDUCACAO, CIENCIA E TECNOLOGIA DE MATO GROSSO",ifmt.edu.br
"INSTITUTO FEDERAL DE EDUCACAO, CIENCIA E TECNOLOGIA DE MATO GROSSO",ifmt.edu.br
"INSTITUTO FEDERAL DE EDUCACAO, CIENCIA E TECNOLOGIA DE MATO GROSSO",ifmt.edu.br
"INSTITUTO FEDERAL DE EDUCACAO, CIENCIA E TECNOLOGIA DE MATO GROSSO",ifmt.edu.br
"INSTITUTO FEDERAL DE EDUCACAO, CIENCIA E TECNOLOGIA DE MATO GROSSO",ifmt.edu.br
"INSTITUTO FEDERAL DE EDUCACAO, CIENCIA E TECNOLOGIA DE MATO GROSSO",ifmt.edu.br
"INSTITUTO FEDERAL DE EDUCACAO, CIENCIA E TECNOLOGIA DE MATO GROSSO",ifmt.edu.br
"INSTITUTO FEDERAL DE EDUCACAO, CIENCIA E TECNOLOGIA DE MATO GROSSO",ifmt.edu.br
"INSTITUTO FEDERAL DE EDUCACAO, CIENCIA E TECNOLOGIA DE MATO GROSSO",ifmt.edu.br
"INSTITUTO FEDERAL DE EDUCACAO, CIENCIA E TECNOLOGIA DE MATO GROSSO",ifmt.edu.br
"INSTITUTO FEDERAL DE EDUCACAO, CIENCIA E TECNOLOGIA DE MATO GROSSO",ifmt.edu.br
"INSTITUTO FEDERAL DE EDUCACAO, CIENCIA E TECNOLOGIA DE MATO GROSSO",ifmt.edu.br
"INSTITUTO FEDERAL DE EDUCACAO, CIENCIA E TECNOLOGIA DE MATO GROSSO",ifmt.edu.br
TORO ABRASIVOS INDUSTRIA E COMERCIO LTDA,toroabrasivos.com.br
INSTITUTO FEDERAL DO AMAZONAS,ifam.edu.br
FAIRFAX BRASIL SEGUROS CORPORATIVOS SA,fairfax.com.br
CONDOR IMPORTADOR  OPERADOR LOGISTICO LTDA,condorimportador.com.br
CITADEL EDITORIAL SA,citadeleditora.com.br
ORIGAMI MARKETING E EVENTOS LTDA,origamieventos.com.br
BUEU VALVULAS E ACESSORIOS INDUSTRIAIS LTDA,bueu.com.br
JAV DA AMAZONIA COMERCIAL DE ELETRONICOS LTDA,jav.com.br
SPAKATO CONFECCOES ESPORTIVAS LTDA,spakato.com.br
BRC INGREDIENTES LTDA,brcingredientes.com.br
LAMS COMERCIO DE PRODUTOS LTDA,lamsperfumes.com.br
ITAGUAI CONSTRUCOES NAVAIS SA,icnavais.com
ITAGUAI CONSTRUCOES NAVAIS SA,icnavais.com
RUEDA  RUEDA ADVOGADOS,ruedaerueda.com.br
"INSTITUTO FEDERAL DE EDUCACAO, CIENCIA E TECNOLOGIA DO SERTAO PERNAMBUCANO",ifsertaope.edu.br
ASSOCIACAO CLUBE DA CASA,clubedacasa.com.br
FUNDACAO SAUDE DO ESTADO DO RIO DE JANEIRO,rj.gov.br/fundacaosaude
AR DIRETO COMERCIAL LTDA,ardireto.com.br
MRV PRIME VILLAGE GRAN CASTEL INCORPORACOES SPE LTDA,mrv.com.br
MRV PRIME PARQUE SEVILHA INCORPORACOES SPE LTDA,mrv.com.br
"TOYNG IMPORTACAO, EXPORTACAO E COMERCIO DE BRINQUEDOS E UTILIDADES DOMESTICAS LTDA.",toyng.com.br
I9GESTAO DE DOCUMENTOS LTDA,i9ged.com.br
SANGIOGO ADVOGADOS ASSOCIADOS,sangiogoadvogados.com.br
FBF DO BRASIL LTDA,fbfdobrasil.com.br
NOVA HIDRAULICA INDUSTRIA E COMERCIO DE PECAS E SERVICOS PARA MAQUINAS AGRICOLAS LTDA,novahidraulica.com.br
"INSTITUTO FEDERAL DE EDUCACAO, CIENCIA E TECNOLOGIA DO RIO GRANDE DO NORTE",ifrn.edu.br
"INSTITUTO FEDERAL DE EDUCACAO, CIENCIA E TECNOLOGIA DO RIO GRANDE DO NORTE",ifrn.edu.br
"INSTITUTO FEDERAL DE EDUCACAO, CIENCIA E TECNOLOGIA DO RIO GRANDE DO NORTE",ifrn.edu.br
"INSTITUTO FEDERAL DE EDUCACAO, CIENCIA E TECNOLOGIA DO RIO GRANDE DO NORTE",ifrn.edu.br
"INSTITUTO FEDERAL DE EDUCACAO, CIENCIA E TECNOLOGIA DO RIO GRANDE DO NORTE",ifrn.edu.br
"INSTITUTO FEDERAL DE EDUCACAO, CIENCIA E TECNOLOGIA DO RIO GRANDE DO NORTE",ifrn.edu.br
"INSTITUTO FEDERAL DE EDUCACAO, CIENCIA E TECNOLOGIA DO RIO GRANDE DO NORTE",ifrn.edu.br
"INSTITUTO FEDERAL DE EDUCACAO, CIENCIA E TECNOLOGIA DO RIO GRANDE DO NORTE",ifrn.edu.br
"INSTITUTO FEDERAL DE EDUCACAO, CIENCIA E TECNOLOGIA DO RIO GRANDE DO NORTE",ifrn.edu.br
"INSTITUTO FEDERAL DE EDUCACAO, CIENCIA E TECNOLOGIA DO RIO GRANDE DO NORTE",ifrn.edu.br
"INSTITUTO FEDERAL DE EDUCACAO, CIENCIA E TECNOLOGIA DO RIO GRANDE DO NORTE",ifrn.edu.br
"INSTITUTO FEDERAL DE EDUCACAO, CIENCIA E TECNOLOGIA DO RIO GRANDE DO NORTE",ifrn.edu.br
"INSTITUTO FEDERAL DE EDUCACAO, CIENCIA E TECNOLOGIA DO RIO GRANDE DO NORTE",ifrn.edu.br
"INSTITUTO FEDERAL DE EDUCACAO, CIENCIA E TECNOLOGIA DO RIO GRANDE DO NORTE",ifrn.edu.br
"INSTITUTO FEDERAL DE EDUCACAO, CIENCIA E TECNOLOGIA DO RIO GRANDE DO NORTE",ifrn.edu.br
"INSTITUTO FEDERAL DE EDUCACAO, CIENCIA E TECNOLOGIA DO RIO GRANDE DO NORTE",ifrn.edu.br
"INSTITUTO FEDERAL DE EDUCACAO, CIENCIA E TECNOLOGIA DO RIO GRANDE DO NORTE",ifrn.edu.br
CONSELHO REGIONAL DE MEDICINA DO ESTADO DE ALAGOAS,cremal.org.br
PLASMEDIX PECAS PLASTICAS LTDA,plasmedix.com.br
FLEX MAKER PRODUCAO E COMERCIO LTDA,flexmaker.com.br
HOSPITAL HOME COMERCIO ATACADISTA DE PRODUTOS HOSPITALARES EM GERAL LTDA,hospitalhome.com.br
ABRASEG COMERCIO ATACADISTA E IMPORTACAO LTDA,abrasegcomercial.com.br
DESTRA BRASIL LTDA,destrabrasil.com.br
INDFER INDUSTRIA DE FERRAMENTAS DIAMANTADAS LTDA,indfer.com.br
MUNDO DAS ESSENCIAS COMERCIO DE OLEOS E EMBALAGENS LTDA,mundodasessencias.com
PREVICALC CALCULOS PREVIDENCIARIOS LTDA,previcalc.com
ADVANTA COMERCIO DE SEMENTES LTDA.,advantaseeds.com
ADVANTA COMERCIO DE SEMENTES LTDA.,advantaseeds.com
ADVANTA COMERCIO DE SEMENTES LTDA.,advantaseeds.com
HARD ADVENTURE INDUSTRIA E COMERCIO DE ROUPAS E EQUIPAMENTOS LTDA,lojahard.com.br
AMANN GIRRBACH BRASIL COMERCIO E DISTRIBUICAO DE EQUIPAMENTOS E PRODUTOS DE USINAGEM LTDA,amann-girrbach.com
COM NIPPON AJI LTDA,nipponaji.com
ECOGRANITO INDUSTRIA E COMERCIO LTDA.,ecogranito.com
MRV PRIME GRAN OLYMPUS INCORPORACOES SPE LTDA,mrv.com.br
CHRIS MEDIC PRODUTOS MEDICOS HOSPITALARES E COSMETICOS LTDA,chrismedic.com.br
SMC  COMERCIAL E EXPORTADORA DE CAFE SA,smccafe.com.br
EUROGERM BRASIL PRODUTOS ALIMENTICIOS LIMITADA,eurogerm.com
IKA EMBORRACHADOS LTDA,ikaemborrachados.com.br
FS SECURITY SERVICOS DE TECNOLOGIA S.A.,fs.com.br
LINK MONITORAMENTO LTDA,linkmonitoramento.com.br
MORADA DA FLORESTA SOLUCOES ECOLOGICAS LTDA,moradadafloresta.eco.br
RODOLEVE TRANSPORTES LTDA,rodoleve.com.br
2 FLEX TELECOM LTDA,2flex.com.br
COMERCIAL MADP EQUIPAMENTOS HOSPITALARES LTDA,comercialmadp.com.br
RENTCARS LTDA,rentcars.com
CONTROLLER FIOS E CABOS LTDA,controllerfiosecabos.com.br
VATICANO PROMO DE VENDAS LTDA,portalvaticano.com.br
CONFEITARIA ADALGISA ALMEIDA LTDA.,adalgisaalmeida.com.br
PRESTES CONSTRUTORA E INCORPORADORA LTDA,prestes.com
TITCS INFORMATICA LTDA,titcs.com.br
FUNDACAO UNIVERSIDADE DE PERNAMBUCO,funape.org.br
HIGIPLUS INDUSTRIA DE PRODUTOS HIGIENICOS LTDA,higiplus.com.br
META E TREINAMENTOS LTDA,metatreinamentos.emp.br
PERFORMAIT CONSULTORIA E DESENVOLVIMENTO DE SOFTWARES LTDA,performait.com
FUNDACAO DE SAUDE PUBLICA DE NOVO HAMBURGO  FSNH,fsnh.net.br
TAGGPROMO MARKETING PROMOCIONAL LTDA,taggpromo.com.br
MULTIVIX SERRA  ENSINO PESQUISA E EXTENSAO LTDA,multivix.edu.br
"RIO NEW PET COMERCIO, IMPORTACAO E EXPORTACAO LTDA",rionewpet.com.br
TIKEBUM COMERCIO DE ETIQUETAS LTDA,tikebum.com.br
VINCI CAPITAL GESTORA DE RECURSOS LTDA,vincipartners.com
"CARMONA MAYA, MARTINS E MEDEIROS SOCIEDADE DE ADVOGADOS",cmmm.com.br
AZ ROLAMENTOS LTDA,azrolamentos.com
GLASSTECK FERRAGENS E ACESSORIOS LTDA,glassteckferragem.com.br
"PERSE EDITORA, AUTOPUBLICACAO E COMERCIO ELETRONICO LTDA.",perse.com.br
2DH COMERCIO E CONFECCAO LTDA,2dh.com.br
"RPC  IMPORTACAO, EXPORTACAO, COMERCIO, MANUTENCAO E LOCACAO LTDA.",rpc-imp-exp.com.br
TJW COMERCIO DE PECAS E ACESSORIOS AUTOMOTORES LTDA,bravinhosperformanceparts.commercesuite.com.br
PDV POSITIVA LOGISTICA E TRANSPORTE LTDA,pdvpositiva.com.br
PK9 TECNOLOGIA E SERVICOS LTDA,pk9tecnologia.com.br
LAMIL ESPECIALIDADES MINERAIS LTDA,lamil.com.br
CANOA ARTE INDIGENA LTDA,canoaarteindigena.com
COBERCHAPAS COMERCIO DE PLACAS LTDA,coberchapas.com.br
CAMARGO CORREA INFRA LTDA,construtoracamargocorrea.com.br
SOS SUL INDUSTRIA E COMERCIO LTDA,sossul.com.br
TOOLSFER COMERCIO E INDUSTRIA DE FERRAMENTAS DE PRECISAO LTDA,toolsfer.com.br
ESTAF EQUIPAMENTOS SA,estaf.com.br
ELETRON TELECOM LTDA,eletrontelecom.com.br
PAULO REPASSES DE VEICULOS LTDA,paulorepasses.com.br
ROIT INNOVATION DESENVOLVIMENTO SA,roit.com.br
AGEOH MAQUINAS E FERRAMENTAS LTDA,ageoh.com.br
"DECORPATHI DECORACOES, SUVENIRES E IMPORTACAO LTDA",azulejosretro.com.br
RADAR ROLAMENTOS LTDA,radarrolamentos.com.br
DESTRAMED MEDICINA OCUPACIONAL LTDA,destramed.com.br
PRIME2P SOLUCOES EM TI E REPRESENTACAO COMERCIAL LTDA,prime2p.com.br
BRAENGENHARIA E MEDICINA DO TRABALHO LTDA,braengenharia.com.br
VILA CLEAN COMERCIO DE PRODUTOS DE LIMPEZA LTDA,vilaclean.com.br
EDITORA CIDADANIA LTDA,editoracidadania.com.br
QI MED  ENGENHARIA HOSPITALAR LTDA,qimed.com.br
CMPC IGUACU EMBALAGENS LTDA,cmpc.com
CMPC IGUACU EMBALAGENS LTDA,cmpc.com
CMPC IGUACU EMBALAGENS LTDA,cmpc.com
CMPC IGUACU EMBALAGENS LTDA,cmpc.com
CMPC IGUACU EMBALAGENS LTDA,cmpc.com
CMPC IGUACU EMBALAGENS LTDA,cmpc.com
CMPC IGUACU EMBALAGENS LTDA,cmpc.com
CMPC IGUACU EMBALAGENS LTDA,cmpc.com
IZOLTEC EQUIPAMENTOS INDUSTRIAIS LTDA,izoltec.com.br
CASA DO TERMOMETRO LTDA,casadotermometro.com.br
IRRITEC DO BRASIL INDUSTRIA E COMERCIO DE EQUIPAMENTOS PARA IRRIGACAO LTDA,irritec.com
HARDHU INDUSTRIA DE COMPONENTES ELETRICOS E ELETRONICOS LTDA,hardhu.com.br
ETIQUETAS MAIS INDUSTRIA E COMERCIO LTDA,etiquetasmais.com.br
ORGANIZACAO FRATERNIDADE SEM FRONTEIRAS,fraternidadesemfronteiras.org.br
PROVITAL DO BRASIL COMERCIO DE INSUMOS PARA COSMETICOS LTDA.,weareprovital.com
ELETRONET TELEMEDICINA DIGITAL LTDA,eletronet.com
INNOVATION OPTICAL COMERCIO OPTICO LTDA,innovationoptical.com.br
INNOVATION OPTICAL COMERCIO OPTICO LTDA,innovationoptical.com.br
MERCADO DA AVIACAO SERVICOS LTDA,mercadodaaviacao.com.br
FMX COMERCIO DE VEDACOES LTDA,fmxvedacoes.com.br
ACIMEL COMERCIO DE REVESTIMENTOS E CONSTRUCOES LTDA,acimel.com.br
A C G ASSESSORIA OCUPACIONAL LTDA.,acgassessoria.com.br
EVOLUCAO PET COMERCIO DE EQUIPAMENTOS MEDICOS E VETERINARIO LTDA,evolucaopet.com.br
BROADTEC TECNOLOGIA E SERVICOS LTDA,broadtec.com.br
EXATA SERVICOS METROLOGICOS LTDA,exatametrologia.com.br
MEGA TELEINFORMATICA LTDA,megalinkpiaui.com.br
SPPECAS COMERCIO DE PECAS DE REPOSICAO TEXTIL LTDA,sppecas.com.br
"GREVE, PEJON  SOCIEDADE DE ADVOGADOS",grevepejon.adv.br
ALVES MELLO ASSESSORIA CONTABIL LTDA,bhcbmello.com
POSIMEC  INDUSTRIA E COMERCIO DE MAQUINAS E EQUIPAMENTOS LTDA,posimec.com.br
MJ INDUSTRIA E COMERCIO DE PRODUTOS HOSPITALARES E LABORATORIAIS LTDA,mj.ind.br
DOC9  DIGITALIZACAO E GERENCIAMENTO DE ARQUIVOS LTDA,doc9.com.br
FORTEMAC MAQUINAS PARA CONSTRUCAO LTDA,fortemac.com.br
J I DOS SANTOS TOTAL FILTROS LTDA,totalfiltros.com.br
DAVIMED COMERCIO E SERVICOS DE EQUIPAMENTOS MEDICOS LTDA,davimed.med.br
CARNEIRO SOCIEDADE INDIVIDUAL DE ADVOCACIA,acarneiro.adv.br
AUTOMINAS FRANCE COMERCIO DE VEICULOS LTDA,saganet.com.br
PECASMAQ COMERCIO DE PECAS E MAQUINAS LTDA,pecasmaq.com.br
BORDALASER BORDADOS LTDA,bordalaser.com.br
JOELIK INDUSTRIA E COMERCIO DE CONFECCOES LTDA,joelik.com
LOOP PROPAGANDA LTDA,looppropaganda.com.br
SOUZA COMPANY LTDA,souzacompany.com.br
MAILBIZ TECNOLOGIA DA INFORMACAO LTDA,mailbiz.com.br
COLABORE  SERVICOS DE VIGILANCIA ARMADA LTDA,colaboreservicos.com.br
ATOMO AUTOMACAO E COMERCIO DE MATERIAIS ELETRICOS LTDA,atomo.eng.br
CENDI ADMINISTRACAO E GERENCIAMENTO DE CONDOMINIOS LTDA,cendicondominios.com.br
VIDEOGASTRO DE TERESOPOLIS COMERCIO DE EQUIPAMENTOS ELETRONICOS LTDA,videogastro.com
BLUE AR COMERCIO E SERVICOS DE MANUTENCAO E INSTALACAO DE AR CONDICIONADO LTDA,bluear.com.br
VIRA COMUNICACAO LTDA,viracomunicacao.com.br
KANEFUSA DO BRASIL COMERCIO DE SERRAS LTDA.,kanefusa.net
WSM COMERCIO DE COSMETICOS LTDA,wscosmeticos.com
DEMAZON COSMETICOS DA AMAZONIA UNIPESSOAL LTDA,demazon.com.br
NEOMILITAR DESENVOLVIMENTO TECNOLOGICO LTDA,neomilitar.com.br
CASA ORANGE S.A. EM RECUPERACAO JUDICIAL,casaorange.com.br
FAST INOX PRODUTOS MEDICOS HOSPITALARES LTDA,fastinox.com.br
INSTITUTO DE TERRAS E REFORMA AGRARIA DO ESTADO DE PERNAMBUCO  ITERPE,iterpe.pe.gov.br
BLOG GAROTAS ESTUPIDAS E COMERCIO DE VESTUARIO LTDA,garotasestupidas.com
PM  COFRES LTDA.,pmcofres.com.br
ELOSAUDE  ASSOCIACAO DE ASSISTENCIA A SAUDE,elosaude.com.br
UMBANDA EAD CURSOS E LIVROS LTDA,umbandaead.com.br
CARAVANTE E VIEIRA COMERCIO E MANUTENCAO EM GERADORES LTDA,tecmaxgeradores.com.br
TRINCA LTDA,trinca.com
BM IMPORTACAO E EXPORTACAO LTDA,bfilters.com.br
LAVI MANIPULACAO E PRODUTOS VETERINARIOS E HUMANOS LTDA,saudelavi.com
LUBY TECNOLOGIA S.A,luby.com.br
COPYUSA COMERCIAL LTDA,copyusa.com.br
AZUL ESPORTES COMERCIAL LTDA,azulesportes.com.br
BW AVIAMENTOS E ACESSORIOS LTDA,bwaviamentos.com
VIATRIS FARMACEUTICA DO BRASIL LTDA,viatrissite.com.br
ALTERNATIVA SOLUCOES ELETRICAS LTDA,alternativasolucoes.com
DOCE BRINQUEDO INDUSTRIA E COMERCIO DE BRINQUEDOS LTDA,docebrinquedo.com.br
NOTESKY  COMERCIO DE INFORMATICA LTDA,notebookecia.net
LIFETRONIK MEDICAL IMPORTADORA E EXPORTADORA LTDA,lifetronikmedical.com.br
CARMENATTO CONFECCOES LTDA,carmenatto.com.br
"AGF IMPORTACAO, EXPORTACAO E COMERCIALIZACAO DE MAQUINAS E ACESSORIOS LTDA",agfequipamentos.com.br
RUCKER SOCIEDADE DE ADVOGADOS,rucker.adv.br
MINAS MAIS ALIMENTOS LTDA,minasmais.net.br
ROUDRILL MAQUINAS E AUTOMACAO INDUSTRIAL LTDA,roudrill.com.br
HARTS  ALIMENTOS NATURAIS LTDA,hartsnatural.com.br
ESCOBRAS INDUSTRIA E COMERCIO DE MAQUINAS LTDA,escobras.com.br
GRUPO PRC SOLUCOES EM PROPRIEDADE INDUSTRIAL E INTELECTUAL LTDA,grupoprc.com.br
FUNDACAO DE ATENDIMENTO SOCIOEDUCATIVO,funase.pe.gov.br
E2A TELECOMUNICACOES E SERVICOS LTDA,e2atelecom.com.br
TRI-COLOR INDUSTRIA E COMERCIO DE ETIQUETAS ADESIVAS LTDA,tricoloretiquetas.com.br
PRATATEXTIL COMERCIO E MANUFATURAS DE TAPETES LTDA.,pratatextil.com.br
MARTIN SPROCKET  GEAR BRASIL ENGRENAGENS LTDA,martinsprocket.com
MADAMA INDUSTRIA E COMERCIO DE CONFECCOES LTDA,madama.com.br
FORTEST INDUSTRIA E COMERCIO DE FORMAS E FERRAGENS LTDA,fortest.com.br
MKM  METAIS LTDA,mkmmetais.com.br
JULIANA BICUDO INDUSTRIA DE CALCADOS LTDA,julianabicudo.com.br
BEACH PARK HOTEIS E TURISMO SA,beachpark.com.br
BEACH PARK HOTEIS E TURISMO SA,beachpark.com.br
BEACH PARK HOTEIS E TURISMO SA,beachpark.com.br
BEACH PARK HOTEIS E TURISMO SA,beachpark.com.br
BEACH PARK HOTEIS E TURISMO SA,beachpark.com.br
SOROPET SOROCABA COMERCIO DE EQUIPAMENTOS PARA BANHO E TOSA LTDA,soropet.com.br
ADMIRARE DECORACOES COMERCIO DE PRODUTOS DE USO DOMESTICO LTDA,admirare.com.br
INSTITUTO FENACON,fenacon.org.br
INSTITUTO FENACON,fenacon.org.br
ESTACAO GERAES COMERCIO E SERVICOS LTDA,geraes.net
BRUNO TECIDOS LTDA,brunotecidos.com.br
ASSOCIACAO FRANCISCANA DE SOLIDARIEDADE,sefras.org.br
CONSELHO REGIONAL DE SERVICO SOCIAL 4 REGIAO,cresspe.org.br
MELBRAS IMPORTADORA E EXPORTADORA AGROINDUSTRIA LTDA,melbras.com.br
PLASTER COMERCIAL LTDA,plastercomercial.com.br
MASSEI INDUSTRIA E COMERCIO DE UNIFORMES E EPIS LTDA,massei.com.br
MASSEI INDUSTRIA E COMERCIO DE UNIFORMES E EPIS LTDA,massei.com.br
UNIVERSO DA PELUCIA LTDA,universodapelucia.com.br
DINOCOCO AGRO INDUSTRIAL LTDA,dinococo.com.br
"VOLCANO INDUSTRIA, COMERCIO E IMPORTACAO DE RODAS LTDA",volcanowheels.com.br
REDE CRED AUTO SERVICOS LTDA,redecredauto.com.br
ESTACAO DOS GRAOS LTDA,estacaodosgraos.com.br
ORION ENGINEERED CARBONS LTDA.,orioncarbons.com
NUTRATUS INDUSTRIA E COMERCIO DE COSMETICOS E ALIMENTOS LTDA,nutratus.com.br
ECO AUTOMACAO INDUSTRIAL LTDA,ecoautomacao.com.br
CLEAN MEDICAL COMERCIO E LOCACAO DE EQUIPAMENTOS HOSPITALARES S.A.,cleanmedical.com.br
TOYS4FUN COMERCIO DE BRINQUEDOS E COLECIONAVEIS LTDA,lojatoys4fun.com.br
NFLORA FARMACIA DE MANIPULACAO LTDA,nflora.com.br
CLIMA SOLIS AR CONDICIONADO E ENERGIA SOLAR LTDA,climasolis.com.br
LOJA DO AVO COMERCIO DE PRODUTOS ESPECIALIZADOS PARA TERCEIRA IDADE LTDA,lojadoavo.com.br
FRANCISCO ROCHA IMOVEIS LTDA,franciscorochaimoveis.com.br
JMA VEDACOES LTDA,jmavedacoes.com.br
MEDICAL CLEAN MEDICINA LTDA,medicalclean.com.br
TOCA DOS BRINDES COMERCIO DE BRINDES LTDA,brindeforte.com.br
MODALLE INDUSTRIA E COMERCIO DE MOVEIS LTDA,modalle.com.br
ALLIANCE USINAGEM LTDA,alliancesp.com.br
POLISENSORES DO BRASIL  SENSORES DE DIAGNOSTICO DO SONO LTDA,polisensores.com.br
ELITE AIRGUNS LTDA,eliteairguns.com.br
COMERCIAL DE SUPLEMENTOS NETSTORE LTDA,suplementostore.com.br
CHAIN TECNOLOGIA E SERVICOS LTDA,chaintech.com.br
ALIANCA GERACAO DE ENERGIA S.A.,aliancaenergia.com.br
ORQUIDARIO MARIPA E CIA LTDA,orquidariomaripa.com.br
CALBRAS EQUIPAMENTOS DE PROTECAO LTDA.,calbrasoficial.com.br
MEDICAL ONE EQUIPAMENTOS MEDICOS LTDA,medicalone.com.br
MRD TOOLS INDUSTRIA E COMERCIO LTDA,mrdtools.com.br
MEDICALDECK COMERCIO DE PRODUTOS MEDICOS LTDA,medicaldeck.com.br
ONL JEANS LTDA,onljeans.com.br
ASSOCIACAO PARANAENSE DE ASSISTENCIA A SAUDE DOS MEMBROS DO MINISTERIO PUBLICO DO PARANA  PROMED,promedpr.org.br
"SQM VITAS BRASIL AGROINDUSTRIA, IMPORTACAO E EXPORTACAO LTDA",vitasbrasil.com.br
EJMOVEIS DE JACI INDUSTRIA E COMERCIO DE MOVEIS LTDA.,ejmoveis.com.br
RENFERT DO BRASIL COMERCIO INTERNACIONAL LTDA,renfert.com
INSTITUTO DE ESTUDOS DE PROTESTO DE TITULOS DO BRASIL  SECAO DE SANTA CATARINA  IEPTBSC,ieptb.com.br
SANCHES  SANCHES RODOS DE ALUMINIO LTDA,sanchesrodos.com.br
CIRCO HIBRIDO - ARTE EM MOVIMENTO LTDA,circohibrido.com.br
ARGUS PRODUTOS E SISTEMAS CONTRA INCENDIO LTDA,argus-engenharia.com.br
EDITORA ELEFANTE LTDA,editoraelefante.com.br
KOPPERS PERFORMANCE CHEMICALS BRASIL COMERCIO DE PRESERVANTES LTDA,koppers.com
LATICINIOS SUCESSO LTDA,laticiniosucesso.com.br
SUPERTELA ARTEFATOS DE MADEIRA LTDA,industriasupertela.com
AIQ FERRAMENTAS E INSTRUMENTOS LTDA,aiq.com.br
CISTEK EQUIPAMENTOS DE MEDICAO LTDA,cistek.com.br
ELETROCAN   COMERCIO DE PRODUTOS E MANUTENCAO INDUSTRIAL LTDA,eletrocan.com.br
LUCCALAB  COMERCIO DE ALIMENTOS LTDA,luccalab.com.br
ZAGODONI EDITORA LTDA,zagodoni.com.br
IMPACTO AUTOMACAO LTDA,impactoautomacao.com.br
WINTERHALTER BRASIL COMERCIO DE LAVA LOUCAS E SISTEMAS DE LAVAGEM INDUSTRIAL LTDA.,winterhalter.com
VLP INDUSTRIA ELETRONICA LTDA,vlp.com.br
GREYLOGIX BRASIL MAQUINAS LTDA,greylogix.com.br
S A USINA CORURIPE ACUCAR E ALCOOL,usinacoruripe.com.br
OTIMIZA UGC CONSULTORIA EM TECNOLOGIA DA INFORMACAO LTDA,grupootimiza.com.br
ELLOFLEX EMBALAGENS LTDA.,elloflex.com.br
"SIMPLES GPS  MONITORAMENTO VEICULAR, PATRIMONIAL E PESSOAL LTDA",simplesgps.net.br
CONTROLPLAST CONTROLES ELETRONICOS PARA INDUSTRIA LTDA,controlplast.ind.br
MSD VEDACOES INDUSTRIA E COMERCIO LTDA,phillaborvedacoes.com.br
NORTE ENERGIA SA,norteenergiasa.com.br
ESCOLA WEB UNOVA CURSOS LTDA,unovacursos.com.br
EMBATOL INDUSTRIA E COMERCIO DE EMBALAGENS LTDA,embatol.com.br
OCEANO TI DISTRIBUIDORA DE PRODUTOS PARA TELECOMUNICACOES LTDA,fusimec.com.br
BIOZENTHI BIOTECNOLOGIA LTDA,biozenthi.com.br
ALUV INDUSTRIA E COMERCIO DE MOVEIS DE METAL LTDA,aluv.com.br
NOY.COM COMERCIO DE BRINQUEDOS LTDA,https://www.noy.com
ORDEM DOS ADVOGADOS DO BRASIL,https://www.oab.org.br
BAHIATECH MATERIAIS ELETRICOS LTDA,bahiatechbrasil.com.br
DESNU LINGERIE LTDA,lojadesnulingerie.lojavirtualnuvem.com.br
ANIMALIAFARMA  FARMACIA DE MANIPULACAO VETERINARIA LTDA,animaliafarma.com.br
BETTER INFORMATICA E TELEFONIA LTDA.,betterinformatica.com.br
CONSELHO REGIONAL DOS REPRESENTANTES COMERCIAIS NO ESTADO DE ALAGOAS,core-al.org.br
PR BABY COMERCIO DE MOVEIS LTDA,prmoveis.com.br
ATX TECIDOS LTDA,atxtecidos.com.br
CM HOSPITALAR S.A.,mafrasaude.com.br
CM HOSPITALAR S.A.,mafrasaude.com.br
DIVINA MULHER COMERCIO DE ROUPAS LTDA,divinamulher.com.br
M S ESCOVAS INDUSTRIAIS LTDA,msescovasindustriais.com.br
REGICAR AUTOPECAS LTDA,regicarautopecas.com.br
MR2 COMUNICACAO LTDA,mr2comunicacao.com.br
STRELA DO MAR E CIA LTDA,streladomar.com
FLEX BRASIL ELETRICA ELETRONICA IMPORTACAO E EXPORTACAO LTDA,flexxbrasil.com.br
SALUS COMERCIO DE PRODUTOS DE SAUDE E NUTRICAO ANIMAL S.A.,salusgroup.com.br
SJP CARGO LOGISTICA E TRANSPORTE LTDA,sjpcargo.com.br
"ELECTRONIC PRINTING TECHNOLOGIES , IMPORTACAO E EXPORTACAO LTDA",elecprint.com.br
PROCURADORIA GERAL DE JUSTICA DO ESTADO DE ALAGOAS,mpal.mp.br
QUALYBLESS DO BRASIL LTDA,qualybless.com.br
COOPERATIVA CENTRAL DO CERRADO LTDA,centraldocerrado.org.br
SYLIKONFLEX  INDUSTRIA E COMERCIO DE SILICONE E BORRACHA LTDA,sylikonflex.com.br
ZION ROTULOS E ETIQUETAS AUTO ADESIVAS LTDA,zionrotulos.com.br
FERREIRA GOMES ENERGIA S.A.,ferreiragomesenergia.com.br
SEA GRAFITE COMERCIAL LTDA ME,seagrafite.com.br
ROCHA SALLES COMERCIO DE MATERIAIS ESPORTIVOS LTDA,rochaesportes.com.br
BRUN  BRUN SOCIEDADE DE ADVOGADOS,brunadvocacia.com.br
"PANFLIGHT INDUSTRIA, COMERCIO E SERVICOS DE MAQUINAS INDUSTRIAIS LTDA",panflight.com
HSR  SHOPPING DOS LUSTRES LTDA,shoppingdoslustres.com.br
PONTO DA LINGERIE SAO PAULO LTDA,pontodalingerie.com.br
ALPHA7 DESENVOLVIMENTO DE SOFTWARE LTDA,a7.net.br
RANGE MED ASSISTENCIA TECNICA DE EQUIPAMENTOS HOSPITALARES LTDA,rangemed.com.br
SELAZ INDUSTRIA E COMERCIO DE APARELHOS BIOMECANICOS LTDA,selaz.com.br
HIPER SOFTWARE S.A.,hiper.com.br
PERFILARE INDUSTRIA E COMERCIO LTDA,perfilare.com.br
MESTRIA INDUSTRIA E COMERCIO DE EQUIPAMENTOS ELETRONICOS LTDA,mestria.com.br
POLIVIDA  CLINICA MEDICA SS LTDA,polivida.com.br
ROTA INOX EQUIPAMENTOS INDUSTRIAIS LTDA,rotainox.com.br
LEDIFRAN LOGISTICA LTDA,ledifran.com.br
PRESS METROLOGIA COMERCIO DE EQUIPAMENTOS DE MEDICAO LTDA,pressmedicao.com.br
FROMTHERM SISTEMAS TERMICOS LTDA,fromtherm.com.br
SEO BORGES ROLAMENTOS E EQUIPAMENTOS LTDA,seoborges.com.br
CIMARA LA BELLE LTDA,cimaralabelle.com.br
SALVADORI RACING MODELISMO LTDA,salvadoriracing.com.br
UP EVENTOS LTDA,upeventosabc.com.br
SHOP ANTENAS COMERCIO LTDA,shopantenas.com.br
RGOLDEN COMERCIO DE FERRAMENTAS E TREINAMENTO EM MANUTENCAO DE VEICULOS LTDA,rgolden.com.br
NORAC DO BRASIL INDUSTRIA E COMERCIO DE PRODUTOS ALIMENTICIOS LTDA,noracfoods.com.br
CLIMEB SERVICOS MEDICOS ESPECIALIZADOS LTDA,climeb.com.br
CALIBRACOM CONTROLE DE PROCESSOS INDUSTRIAIS LTDA,calibracom.com.br
SIN CARD CARTOES LTDA,sincard.com.br
CWB COM DE SCOOTERS LTDA,motorino.com.br
TI AUTOMACAO E SERVICOS LTDA.,tiautomacao.com.br
SOPRO DIVINO MUSICAL COMERCIO DE INSTRUMENTOS MUSICAIS LTDA,soprodivinomusical.com.br
MAURICEA ALIMENTOS DO NORDESTE LTDA,mauricea.com.br
UTECH TECNOLOGIA LTDA,utech.com.br
NOSSA CLINICA MEDICA LTDA,nossaclinicamedica.com.br
TOP SPORT CONFECCOES LTDA,topsportcb.com.br
ASSOCIACAO HOSPITALAR SAO JOSE DE JARAGUA DO SUL,hmsj.org.br
DAKMARK COMERCIO LTDA,dakmark.com.br
BE CARE COMERCIO DE PRODUTOS MEDICO HOSPITALARES LTDA,becaremat.com.br
INVENT SOFTWARE LTDA,inventsoftware.com.br
ASUKA MOTORS LTDA,asuka.com.br
DIVINA SEDUCAO LTDA,divinaseducaosexshop.com.br
AVANTI LOGISTICA E TRANSPORTES LTDA,avantilogistica.com.br
NTW FRANQUIA CONTABIL LTDA,ntwcontabilidade.com.br
MODAL MARCAS E PATENTES LTDA,modalmarcas.com.br
FESO COMERCIO DE ARTIGOS PARA PESCA E CAMPING LTDA,fesoshop.com.br
COMPANHIA ESTADUAL DE HABITACAO E OBRAS PUBLICAS,cehab.pe.gov.br
FURTADO ADVOGADOS ASSOCIADOS,furtadoadvogados.com.br
SOCIEDADE DE EDUCACAO TIRADENTES S.A,unit.br
COMPANHIA DO SONO CONFECCOES LTDA,ciadosonopijamas.com.br
GLOBAL VISION OPTICAL INDUSTRIA E COMERCIO OPTICO LTDA,globalvisionoptical.com.br
NATURELLE COSMETICOS LTDA,naturellecosmeticos.com.br
ADDENS TECNOLOGIA COMERCIAL E IMPORTADORA  LTDA,addens.com.br
"FSA BRASIL INDUSTRIA, COMERCIO E DISTRIBUICAO LTDA.",fsacajons.com.br
FACILITA TELECOM LTDA,facilitatelecom.com.br
"CHACON, MACEDO, OLIVEIRA SOCIEDADE DE ADVOGADOS",cmo.adv.br
CLLICK SOLUTIONS LTDA,cllick.com.br
TECGPS SISTEMAS DE RASTREAMENTO LTDA,tecnologiagps.com.br
EMISSORA E GERENCIADORA DE CARTOES BRASIL LTDA.,livcard.com.br
ARTE Q FACO LTDA,arteqfaco.com.br
ATP SUPLEMENTOS LTDA,redeatp.com.br
VITRINE DOS IMPORTADOS COMERCIO ELETRONICO LTDA,vitrinedosimportados.com.br
CLIMEDI  CLINICA DE MEDICINA NUCLEAR ENDOCRINOLOGIA E DIABETE SOCIEDADE SIMPLES,climedi.com.br
ALTERNATIVA NAUTICA LTDA,alternativanautica.com.br
ZANDOMAX DISTRIBUIDORA DE PRODUTOS ELETRONICOS LTDA,zandomax.com.br
SAINT VALLEN BIOTECNOLOGIA LTDA,saintvallen.com
HP ODONTOTEC PECAS E SERVICOS LTDA,hpodontotec.com.br
DONA PELE  INDUSTRIA E COMERCIO DE COSMETICOS LTDA,ceradonapele.com.br
GRANDE CORRETORA DE SEGUROS DO BRASIL SA,gcseg.com.br
FULL TURBOS  COMERCIO E SERVICO DE PECAS AUTOMOTIVAS LTDA,fullturbos.com.br
C4 CIENTIFICA BRAZIL IMPORTACAO E EXPORTACAO LTDA,c4cientifica.com.br
ORLA LOCACOES LTDA,orlalocacoes.com.br
GLOVIS BRASIL LOGISTICA LTDA,glovis.com.br
PHOUSE ALIMENTOS LTDA,pophouse.com.br
FLASH AUTOMOTIVE COMERCIO ATACADISTA DE SOM E ACESSORIOS AUTOMOTIVOS LTDA,flashautomotive.com.br
NEOPROSPECTA PESQUISA E CONSULTORIA S.A.,neoprospecta.com
EADBOX TECNOLOGIA PARA EDUCACAO S.A,eadbox.com
RECH  ROSA METAIS SANITARIOS LTDA.,ecaza.com.br
RIQUETA CALCADOS LTDA,riqueta.com.br
LOGTEK  AUTOMACAO E SISTEMAS LTDA,logtek.com.br
GTA TURBOS COMERCIO E SERVICOS LTDA,gtaturbos.com.br
NOVAES ENGENHARIA E CONSTRUCOES LTDA,novaesengenharia.com.br
PAULINHO COUROS E SINTETICOS LTDA,paulinhocouros.com.br
FUNDACAO HOSPITAL SANTA LYDIA,hospitalsantalydia.com.br
LUMI PRINT COMERCIO DE ETIQUETAS E ROTULOS LTDA,lumiprint.com.br
EXPRESSO BRASILEIRO TRANSPORTES LTDA.,expressobrasileiro.com.br
SUBLIMAR PRODUTOS LIOFILIZADOS LTDA,sublimar.com.br
ADAP BRASIL INDUSTRIA E COMERCIO DE PECAS E ACESSORIOS PARA AUTOS LTDA,adapbrasil.com.br
ROSA TATUADA INDUSTRIA E COMERCIO DE CONFECCOES LTDA,rosatatuada.com.br
HAMARYS COSMETICOS LTDA,hamaryscosmeticos.com.br
DINNI CALCADOS LTDA,dinni.com.br
AGILLE TECNOLOGIA DA INFORMACAO LTDA,agillesolucoes.com.br
LOGCOMEX LTDA.,logcomex.com
LOCSOLO LOCADORA DE EQUIPAMENTOS LTDA,locsolo.com.br
PRIME LACRES BRASIL LTDA,primelacres.com.br
VITAE SOLUCOES EM ENGENHARIA LTDA,vitaesolucoes.com.br
CLINICA MEDICA MATER PRIME LTDA,materprime.com.br
HOSPITAL DAS CLINICAS DE ALAGOINHAS LTDA,hca.med.br
PELE ROSADA CONFECCOES LTDA,pelerosada.com.br
CPMH  COMERCIO E INDUSTRIA DE PRODUTOS MEDICO  HOSPITALARES E ODONTOLOGICOS LTDA,cpmh.com.br
"EECOO SUSTENTABILIDADE  COMERCIO, IMPORTACAO E EXPORTACAO LTDA",eecoo.com.br
CABOTHERM INDUSTRIA E COMERCIO LTDA.,cabotherm.com.br
CONSELHO REGIONAL DE FISIOTERAPIA E TERAPIA OCUPACIONAL DA 13.REGIAO,crefito13.org.br
CARTUCHO.COM LTDA,https://www.cartucho.com
KANGAROO TOURS VIAGENS LTDA,kangaroo.com.br
"VITA FLORAIS INDUSTRIA, IMPORTACAO E EXPORTACAO DE SUPLEMENTOS LTDA",vitaflorais.com.br
LOG20 LOGISTICA SA,log20.com.br
HELPER TECNOLOGIA DE SEGURANCA SA,helpertecnologia.com.br
VESTESACRA CONFECCOES LTDA,vestesacra.com
FRIELO DO BRASIL INDUSTRIA E COMERCIO DE COSMETICOS LTDA,frielo.com.br
RELOX COMERCIO DE RELOGIOS E APARELHOS ELETRONICOS LTDA,relox.com.br
H.E. TECNOLOGIA LTDA,hetecnologia.com.br
BOM NEGOCIO ATIVIDADES DE INTERNET LTDA,bomnegocio.com.br
SUL CELL COMERCIO DE EQUIPAMENTOS ELETRONICOS E DE INFORMATICA LTDA,sulcell.com.br
REUE COMERCIAL LTDA,reue.com.br
LUS ACESSORIOS LTDA,lusacessorios.com.br
QMC TELECOM DO BRASIL CESSAO DE INFRAESTRUTURA S.A.,qmctelecom.com.br
GOTALIMPA COMPANY BRASIL LTDA,gotalimpa.com.br
S.A ROBOTICA EDUCACIONAL BRASIL LTDA,roboticaeducacional.art.br
BULLET MOTO SYSTEMS LTDA,bulletmoto.com
ALTAVISION VISAO COMPUTACIONAL LTDA,altavision.com.br
FABRICA DE BOTONS LTDA,fabricadeboton.com.br
BETO INDUSTRIA E COMERCIO DE MOVEIS LTDA,betomoveisoficial.com.br
PERALLIS CONSULTORIA E CAPACITACAO EM TI LTDA.,perallis.com
DZR COMERCIO DE CONFECCOES LTDA,hocks.com.br
AXYS ANALISESDIAGNOSTICO VETERINARIO E CONSULTORIA LTDA,axysanalises.com
COBRA CNC COMERCIO DE MAQUINAS LTDA,cobracnc.com.br
INDUSTRIA E COMERCIO DE COUROS ALLAS LTDA,courosallas.com.br
BELLA CHICA COMERCIO DE CALCADOS E CONFECCOES LTDA,storebellachica.com.br
LEKE ALIMENTOS LTDA,lekealimentos.com.br
CCS SERVICOS DE IMPRESSAO LTDA,ccsartesgraficas.com.br
ESPACO EDUCAMENTE COMERCIO E SERVICOS LTDA,educamente.com.br
SCS COMERCIO VAREJISTA DE ROUPAS E CALCADOS LTDA,canalstore.com.br
MIX DA JO LTDA,mixdajo.com.br
INTERFACE INDUSTRIAL LTDA,interfacepaineis.com.br
MULT LENTES NATAL LTDA,multlentes.com.br
ECOCIL  HORIZONTAL INCORPORACOES LTDA,ecocil.com.br
INDICE TOKYO COMERCIO IMPORTACAO E EXPORTACAO LTDA,indicetokyo.com.br
ECOCIL  NOVA PRUDENTE INCORPORACOES LTDA,ecocil.com.br
RKP ENGENHARIA CLINICA LTDA,rkpengehnaria.com.br
MEU COPO ECO COMERCIO E LOCACOES LTDA,meucopoeco.com.br
"ITO, RECHE, XAVIER  ADVOGADOS ASSOCIADOS",irx.adv.br
TVLAR COMERCIO DE MOTOS LTDA,tvlar.com.br
MOBLY COMERCIO VAREJISTA LTDA.,mobly.com.br
BM COMERCIO E DISTRIBUICAO LTDA,decdistribuidora.com.br
RITZ FERRAMENTAS LTDA.,ritzbrasil.com
SEMELLE HAIR COMERCIO DE COSMETICOS LTDA,semellehair.com.br
POESIE COMERCIO DE ARTIGOS DE JOALHERIA LTDA,poesie.com.br
K10 FERRAMENTAS E REPRESENTACOES LTDA,k10ferramentas.com.br
SOUZA FILHO IMPERMEABILIZANTES LTDA,souzafilho.com.br
GEOGIS GEOTECNOLOGIA LTDA,geogis.com.br
CARTONAGEM FRASPAPER PACK LTDA.,fraspaperpack.com.br
REALCAFE RESERVA LTDA,realcafe.com.br
PANAMBY PLASTICOS UTILIDADES E ARTIGOS INFANTIS LIMITADA,panamby.ind.br
LOTEADORA 4 IRMAOS LTDA,loteadora4irmaos.com.br
TERMON INDUSTRIA E COMERCIO LTDA,termon.com.br
LUSUTURE SOLUCOES EM PRODUTOS MEDICOS HOSPITALARES LTDA,lusuture.com.br
PERSONAL BRECHO LTDA.,personalbrecho.com
G7 LOG TRANSPORTES LTDA,g7log.com.br
MODELLI INDUSTRIA E COMERCIO DE SACHES DE CAFE E MAQUINAS LTDA,modelli.com.br
CONFIDENCE SEMIJOIAS LTDA,confidencesemijoias.com.br
CONSELHO REGIONAL DE MEDICINA DO ESTADO DO AMAZONAS,cremam.org.br
AGUAS DE VOTORANTIM SA,aguasdevotorantim.com.br
HYGSYSTEMS INGREDIENTES INDUSTRIA E COMERCIO LTDA,hygflavors.com.br
MENDES E CUNHA SOCIEDADE DE ADVOGADOS,mendesecunha.net.br
MADEIREIRA PASSA PERTO LTDA,mesasbar.com.br
SAMARA DE SOUZA ZOCCAL  CIA. LTDA,samarazoccal.com.br
AMBIPAR RESPONSE ENVIRONMENTAL REMEDIATION LTDA,ambipar-response.com
BRENNER COMERCIO DE QUEIMADORES LTDA,brennersolucoes.com
HEXAIT SERVICOS E TECNOLOGIA DA INFORMACAO LTDA,hexait.com.br
GUSETEC COMERCIO E IMPORTACAO DE PECAS E EQUIPAMENTOS ELETRONICOS LTDA,gusetec.com.br
AMENIX IMPORTADORA E EXPORTADORA LTDA,amenix.com.br
SC COMERCIO DE MOTOCICLETAS LTDA,floripahd.com.br
CASA DO DAMASCO DOCES ARTESANAIS LTDA,casadodamasco.com.br
AUTOZONE BRASIL COMERCIO DE AUTOPECAS LTDA.,autozone.com.br
POLYNDIA FOTO E VIDEO LTDA,polyndia.com.br
LUMMY SERVICOS EMPRESARIAIS LTDA,lummy.com.br
ECONSERVATION ESTUDOS E PROJETOS AMBIENTAIS LTDA,econservation.com.br
MAXXY LOGISTICA LTDA,maxxylogistica.com.br
SOLMILLENNIUM BRASIL IMPORTACAO E EXPORTACAO LTDA,sol-m.com
YVU INDUSTRIA DE CONFECCOES LTDA,yvu.com.br
FAMARII LABORATORIO DE MANIPULACAO LTDA,famariimanipulacao.com.br
COMERCIAL GERBI LTDA,comercialgerbi.com.br
PROSOLUTION MARKETING INTEGRADO LTDA,prosolutionmkt.com.br
COMPANHIA DAS DOCAS DO ESTADO DA BAHIA  CODEBA,codeba.com.br
EDITORA VOO LTDA,editoravoo.com.br
TOOLS WORLD LLC MUNDO DAS FERRAMENTAS D,toolsworld.com.br
BRASILFRIGO PECAS E EQUIPAMENTOS LTDA,brasilfrigo.com.br
HENDOTHEC MANUTENCAO E DISTRIBUICAO DE MATERIAIS CIRURGICOS HOSPITALARES LTDA,hendothec.com.br
TRACK 7 SERVICOS DE TELEMETRIA E GESTAO FROTAS LTDA,track7.com.br
FLRS DISTRIBUIDORA DE PNEUS LTDA,distribuidorapneutop.com.br
METAPERFIL SERVICOS DE PINTURA ELETROSTATICA LTDA,metaperfil.com.br
HORIZON INOVACAO E TECNOLOGIA LTDA,hrzon.com.br
EIXOPRINT TECNOLOGIA GRAFICA LTDA,eixoprint.com
KREST CYMBALS INSTRUMENTOS MUSICAIS LTDA,krestcymbals.com.br
F.L.T. FASTLINK TELECOM IMPORTACAO E EXPORTACAO LTDA.,fastlinktelecom.com.br
GS COMERCIO DE MOTOS E VEICULOS LTDA,bmwmunique.com.br
GS COMERCIO DE MOTOS E VEICULOS LTDA,bmwmunique.com.br
NEW WAY MATERIAIS PARA COPIADORAS LTDA,newwaycopiadoras.com.br
GALLETTE CHOCOLATES LTDA.,gallette.net
MEDCOM MEDICAMENTOS E MATERIAIS HOSPITALARES LTDA,medcom.net.br
CRH EQUIPAMENTOS DE SEGURANCA LTDA,crhequipamentos.com.br
COOPERATIVA CENTRAL DE ECONOMIA E CREDITO SICOOB UNIMAIS RIO LTDA,https://www.sicoob.com.br
ATHON PLASTOMEROS E ELASTOMEROS ESPECIAIS DE ALTA PERFORMANCE S.A,athon.ind.br
F L DECORE FACIL MARILIA LTDA,lojadecorefacilshop.com.br
"SORVETES ROCHINHA INDUSTRIA,COMERCIO,IMPORTACAO E EXPORTACAO LTDA",sorvetesrochinha.com.br
HARS CELULARES E ACESSORIOS LTDA.,hars.com.br
BUCHI BRASIL LTDA.,buchi.com
OLIVEIRA E RONDELLI ADVOGADOS ASSOCIADOS,oliveiraerondelli.com.br
MBOAH COSMETICOS LTDA,usemboah.com.br
BRASCARE COSMETICOS LTDA,brascare.com.br
SACARIA SAO FRANCISCO DE ASSIS LTDA,asacaria.com.br
RAMEBEL INDUSTRIA E COMERCIO DE PRODUTOS MEDICOS E BELEZA LTDA,loja.ramebel.com.br
BARISTANDO  CAFES PERSONALIZADOS LTDA,baristando.com.br
WT COMANDOS ELETRONICOS LTDA,wtcomandoseletronicos.com.br
ATA AEROTAXI ABAETE LTDA,abaete.com.br
PROSCI BRASIL LTDA,prosci.com.br
TECNOSENIOR COMERCIO E SERVICOS EM TECNOLOGIA LTDA,tecnosenior.com
IBRESP  INSTITUTO BRASILEIRO DE EDUCACAO PROFISSIONAL DO ESTADO DE SAO PAULO LTDA,ibresp.com.br
CADEIRAS INC COMERCIO DE MOVEIS E DECORACAO LTDA,cadeirasinc.com.br
FB CROMO METALIZACAO E INJECAO LTDA,fbcromo.com.br
MOBIL SAUDE COMERCIAL LTDA,mobilsaude.com.br
GSETE PROMOTORA DE VENDAS LTDA,gsetepromotora.com.br
COSTA  TAVARES TRANSPORTES RODOVIARIOS DE CARGAS LTDA,sudoestetransportes.com
BOMBASHOPPING COMERCIO E MANUTENCAO DE BOMBAS LTDA,bombashopping.com.br
MBS PRO GROOMING COMERCIAL LTDA,mbsprogrooming.com.br
ASSOCIACAO DE VEICULOS PESADOS DE CONTAGEM  MG,avepbrasil.com.br
CONSELHO DE ARQUITETURA E URBANISMO DO PARANA  CAUPR,caupr.gov.br
STN ONLINE COMERCIO DE FERRAMENTAS LTDA,stnonline.com.br
NEWSEDAN COMERCIO DE VEICULOS LTDA,newsedan.com.br
SCHUNK INTEC TECNOLOGIA DE FIXACAO E SISTEMAS DE GARRAS LTDA.,schunk.com
TOOLSBR COMERCIO DE FERRAMENTAS E EQUIPAMENTOS DE INFORMATICA LTDA,toolsbr.com.br
PET NUTRITION IND. E COM. DE ALIMENTOS PARA ANIMAIS LTDA.,petnutrition.com.br
TARGET INSTITUICAO DE PAGAMENTO E SECURITIZADORA DE CREDITOS S.A,targetbank.com.br
AS CONFECCOES E COMERCIO LTDA,retromania.com.br
CAURNCONSELHO DE ARQUITETURA E URBANISMO DO RIO GRANDE DO NORTE,caurn.gov.br
MEGA POWER AMORTECEDORES LTDA,megapoweramortecedores.com.br
"INOVATRI LOCACOES, COMERCIO E SERVICOS LTDA",inovatri.com.br
DOM - COMERCIO ATACADISTA DE PRODUTOS ODONTOLOGICOS LTDA,dentaldom.com.br
ADALTA ENGENHARIA LTDA,adalta.com.br
CERALTEC CERAMICA TECNICA LTDA,ceraltec.com.br
O TATUADOR SUPPLY LTDA,otatuador.com.br
GALLETH CALCADOS E ACESSORIOS LTDA,galleth.com.br
BULGARI DO BRASIL LTDA,bulgari.com
MAGIS PROMOCOES E EVENTOS LTDA,magispromocoes.com.br
AKAD SEGUROS S.A.,akadseguros.com.br
BELLA MODA INTIMA LTDA,bellamodaintima.com.br
FABRIKA DE FESTA E ARTIGOS LTDA,fabrikadefesta.com.br
ITEC INDUSTRIA DE CABINES LTDA,iteccabines.com.br
PURIFIKAR COMERCIO E DISTRIBUIDORA LTDA,purifikar.com.br
BRAVO MIX COM ELETR LTDA,bravomixeletronicos.com.br
CONSELHO DE ARQUITETURA E URBANISMO DO ESTADO DO PIAUI  CAUPI,caupi.gov.br
FAMILLY CARD ADMINISTRADORA DE CARTOES LTDA,famillycard.com.br
HDF SOLUCOES PROFISSIONAIS EM HIGIENE E LIMPEZA LTDA,essencialclean.com.br
MERCADAO DAS PORTAS INDUSTRIA E COMERCIO  SOCIEDADE UNIPESSOAL LIMITADA,mercadodasportas.com.br
LIFETIME  AGENTES AUTONOMOS DE INVESTIMENTOS LTDA.,lftm.com.br
AQUALAX COMERCIO DE BANHEIRAS LTDA,aqualax.com.br
CONSELHO DE ARQUITETURA E URBANISMO DO CEARA  CAU  CE,cauce.gov.br
INUSITTA MODAS LTDA,inusitta.com.br
CDMA CENTRO DE DIAGNOSTICO E MONITORAMENTO ANIMAL LTDA,cdmalaboratorio.com.br
INSTITUTO LACHATRE,lachatre.com.br
CONSELHO DE ARQUITETURA E URBANISMO DO DISTRITO FEDERAL,caudf.gov.br
SHPY COMERCIO DE MATERIAL ELETRICO LTDA,shpyhub.com
SOCAGE DO BRASIL INDUSTRIA E COMERCIO DE EQUIPAMENTOS LTDA,socage.com.br
DUTRA ORNAMENTOS LTDA,dutraornamentos.com.br
FRONTAL EPI LTDA,frontalepi.com.br
PREMIERSOFT SOLUCOES EM TECNOLOGIA LTDA,premiersoft.net
GERAIS DISTRIBUICAO LTDA,geraisdistribuidora.com
ASSOCIACAO DOS CRIADORES DE MATO GROSSO,acrimat.org.br
LOTE 42 LTDA,lote42.com.br
ECOCIL  VERTICAL INCORPORACOES E CONSTRUCOES LTDA,ecocil.com.br
DEODE INOVACAO E EFICIENCIA EM ENERGIA LTDA,deodenergia.com
NANUQUE DISTRIBUIDORA DE ACESSORIOS LTDA,distribuidorananuque.com
SANTRACK TECNOLOGIA E RASTREAMENTO LTDA,santrack.com.br
PACHAMAMA INDUSTRIA E COMERCIO DE PRODUTOS DE ECOLOGIA FEMININA LTDA,amopachamama.com.br
ALEGRA FESTA LTDA,alegrafesta.com.br
ALIANCA MILITAR INDUSTRIA E COMERCIO LTDA,aliancamilitar.com.br
"GAMMA SULAMERICANA COMERCIO, IMPORTACAO, EXPORTACAO E DISTRIBUICAO LTDA",gammaferramentas.com.br
EMBAUBA FILMES LTDA,embaubafilmes.com.br
OMS BRASIL MAQUINAS E EQUIPAMENTOS LTDA,omsbrasil.com.br
LIGA ALVARO BAHIA CONTRA A MORTALIDADE INFANTIL,martagaogesteira.com.br
"RSA SENSORES , CONTROLES, VALVULAS , ATUADORES E EQUIPAMENTOS LTDA",rsa-sensors.com.br
COMANDO G8 SERVICOS ADMINISTRATIVOS E TRANSPORTES LTDA,comandog8.com.br
L. L. RESINAS LTDA,llresinas.com.br
HL CAPS INDUSTRIA LTDA,hlcaps.com.br
TECNOTOM INFORMATICA LTDA,tecnotominformatica.com.br
SACRA JOIAS COMERCIO LTDA,sacrajoias.com
DONNA GUERRIERA BOLSAS ARTESANAIS LTDA,donnaguerriera.com.br
PROTMED COMERCIAL E SERVICOS LTDA,protmed.com.br
LM CONSTRUTORA LTDA,lmconstrutoras.com.br
IDOT PRODUTOS PROFISSIONAIS E EDITORA LTDA,lojaidot.com.br
CRISTAL POOL COMERCIO LTDA,cristalpool.com.br
CULLIGAN SOLUTIONS COMERCIO DE INSUMOS PARA ESCRITORIOS LTDA,culliganlatam.com.br
DESEMATEC MOVEIS HOSPITALARES LTDA,desematec.com.br
QUALITY MEDICINA E ENGENHARIA DO TRABALHO LTDA.,qualitymedicina.com.br
INICIATIVA FITNESS COMERCIO DE ARTIGOS ESPORTIVOS LTDA,iniciativafitness.com.br
TBP IMPORTACAO E COMERCIO DE COSMETICOS LTDA.,kao.com.br
NOVA GARAGEM LTDA,novagaragem.com.br
ACQUALIVE SUL LTDA,acqualive.com.br
AXIGRAM LABORATORIO LTDA,axigram.com
V.R. VALADARES SUPRIMENTOS LTDA,americanasaude.com
ENGESPENGENHARIA EM SISTEMA DE PROTECAO LTDA,engespengenharia.com.br
MULTI EQUIPAMENTOS AGRICOLAS E INDUSTRIAIS LTDA.,multiconexoes.com
SOLUTION CONTABILIDADE LTDA.,solutioncontabilidade.com
DR. SCHAR BRASIL INDUSTRIA E COMERCIO DE ALIMENTOS LTDA.,schaer.com.br
SCJ SEGURANCA DIGITAL LTDA,impactoinfoseg.com.br
SOAMER PONTEIRAS AUTOMOTIVAS LTDA,soamer.com.br
CILIA TECNOLOGIA S.A.,cilia.com.br
CLUBE DE PERMUTA FRANQUEADORA LTDA.,clubedepermuta.com.br
BRCHEMICAL REPRESENTACAO COMERCIAL LTDA,brchemical.com
TOYO SETAL EMPREENDIMENTOS LTDA,toyosetal.com
MANZAUTO DISTRIBUIDORA DE PECAS E ACESSORIOS PARA VEICULOS LTDA,manzautocintos.com.br
HZTEC SERVICOS DE TECNOLOGIA LTDA,hztec.com.br
BARENBRUG DO BRASIL SEMENTES LTDA,barenbrug.com.br
TACC ILUMINACAO COMERCIO E SERVICOS LTDA,tacciluminacao.com.br
COOPERATIVA DOS TRANSPORTADORES RODOVIARIOS DE CARGAS DE CAPINZAL  COOTRACAP LOGISTICA,cootracap.com.br
PYRAMID CONSULTORIA EDUCACIONAL DO BRASIL LTDA.,pecs-brazil.com
ECOCIL 01 INCORPORACOES LTDA,ecocil.com.br
LA BELY LINGERIE LTDA,labelylingerie.com.br
CAIXA DE ASSISTENCIA DOS ADVOGADOS DO ESTADO DA BAHIA,caaba.org.br
ZURICH ADMINISTRADORA DE CREDITO E COBRANCA LTDA,zurichcreditos.com.br
OTICAS FABRILEN SETE DE SETEMBRO LTDA,oticasfabrilen.com.br
JBJ AGROPECUARIA LTDA,jbjagropecuaria.com.br
OXITEC DO BRASIL TECNOLOGIA DE INSETOS LTDA.,oxitec.com
Ensolar Energia LTDA,ensolarenergia.com.br
LOME CARD LTDA,lomecard.com.br
A.S.P.J. COMERCIO E SERVICOS LTDA,centercoisas.com.br
EOLIAS HEALTH COMERCIO E IMPORTACAO LTDA.,eolias.com.br
MOTO ONE MOTOPECAS LTDA,motoone.com.br
DIAMANLAN FERRAMENTAS COMERCIAL LTDA,diamanlanferramentas.com
MKT LOG LOGISTICA INTEGRADA LTDA,mktlogistica.com.br
MARCOS ROBERTO DIAS SOCIEDADE DE ADVOGADOS,marcosrdias.com.br
VETMOL PRESTACOES DE SERVICOS EM CONSULTORIA E DIAGNOSTICO EM PATOLOGIA MOLECULAR VETERINARIA E PESQUISA LTDA,vetmol.com.br
CELMI INSTRUMENTOS ELETRONICOS LTDA,celmiusa.com
BRAS 555 COMERCIO DE ROUPAS LTDA,brasoutlet.com.br
"CULTIVAR AGRICOLA  COMERCIO, IMPORTACAO E EXPORTACAO S.A.",cultivaragricola.com.br
REMOTOX COMERCIO E IMPORTACAO DE PECAS E ACESSORIOS PARA MOTOCICLETAS LTDA,remotox.com.br
"CALEFFI BRASIL IMPORTACAO, EXPORTACAO, COMERCIO E SERVICOS EM COMPONENTES HIDROTERMICOS LTDA",caleffi.com.br
TR FARMA MEDICAMENTOS LTDA,trfarma.com.br
ECOCIL 03 INCORPORACOES LTDA,ecocil.com.br
ECOCIL 04 INCORPORACOES LTDA,ecocil.com.br
DENTAL ADELAR LTDA,dentaladelar.com.br
SISPROFE  CAPACITACAO PROFISSIONAL LTDA,sispe.com.br
HOBBY 21 MODELISMO COMERCIO DE BRINQUEDOS LTDA,hobby21.com.br
ECOCIL 02 INCORPORACOES LTDA,ecocil.com.br
ECOCIL 05 INCORPORACOES LTDA,ecocil.com.br
ESFRIAR COMERCIO DE REFRIGERACAO LTDA,esfriar.com
V7 ACESSORIOS INDUSTRIAIS LTDA.,v7vedacoes.com.br
SOLO FERTIL SP COMERCIAL AGRICOLA LTDA,solofertil.com
DINS COUROS INDUSTRIA E COMERCIO LTDA,dinscouros.com.br
EMAIS URBANISMO INCORPORACOES LTDA,emais.com.br
CHEF DI SERIO GASTRONOMIA E EVENTOS LTDA,chefdiserio.com.br
ARKEMA COATEX BRASIL INDUSTRIA E COMERCIO LTDA.,arkema.com
RESIDENCIAL PARK DOS BURITIS LTDA,btsa.com.br
LASS MAQUINAS E EQUIPAMENTOS LTDA,lass.com.br
SALVABRAS SOLUCOES EM PROTECAO LTDA,salvabras.com.br
CASA DOS FUSIVEIS E MONTAGEM LTDA,casadosfusiveis.com.br
FAST COMERCIO DE AUTO PECAS LTDA,fastautopecas.com.br
GSP METAIS LTDA,gspmetais.com.br
UP BOX EMBALAGENS ESPECIAIS LTDA,upboxembalagens.com.br
SUMTTEX INDUSTRIA E COMERCIO LTDA,sumttex.com.br
EDANTEX COMERCIO IMPORTACAO E EXPORTACAO LTDA.,edantex.com.br
BESSERDRUCK COMERCIO DE PECAS INDUSTRIAIS LTDA,besserdruck.com
ENOQUE INFORMATICA LTDA,enqsolucoes.com.br
SINERGIA COMERCIO E REPRESENTACAO DE PRODUTOS PARA LABORATORIOS LTDA,sinergiacientifica.com.br
G2C ADMINISTRADORA DE BENEFICIOS LTDA.,g2cadministradora.com.br
DOMAMA INDUSTRIA E COMERCIO DE UTILIDADES LTDA,domama.com.br
GARANTE PAULISTANA SERVICOS CONDOMINIAIS LTDA,garantepaulistana.com.br
MOONLIGHT SEMIJOIAS LTDA,moonlightsemijoias.com
TRITON  INDUSTRIA E COMERCIO DE ALTOFALANTES LTDA,tritonaltofalantes.com.br
CASA GERALDO INDUSTRIA VITIVINICOLA LTDA.,casageraldo.com
SAO MARCOS  SAUDE E MEDICINA DIAGNOSTICA SA,saomarcoslaboratorio.com.br
UNICENTER PHARMA INDUSTRIA E COMERCIO LTDA.,unicenterpharma.com.br
BH BAND  IDENTIFICACAO E CONTROLE DE PUBLICO LTDA,bhband.com.br
MEDJUGORJE BRASIL COMERCIO LTDA,medjugorjebrasil.com.br
DIMON LOG LTDA,dimonlogistica.com.br
ANUDAL DO BRASIL INDUSTRIA E COMERCIO DE ACESSORIOS DE ALUMINIO LTDA,anudal.com
BMX SERVICOS LTDA,bmxservicos.com
JEDEL FERRAMENTAS INDUSTRIA E COMERCIO LTDA,jedel.com.br
AROMAS DO RIO COMERCIO DE AROMATIZANTES LTDA,aromasdorio.com.br
SIINGULO SOLUCOES EM IMPRESSOES DE SEGURANCA LTDA,siingulo.com.br
UNIVERSIDADE FEDERAL DOS VALES DO JEQUITINHONHA E MUCURI,ufvmg.edu.br
DIGITALSIGN CERTIFICACAO DIGITAL LTDA.,digitalsigncertificadora.com.br
HAND TALK TECNOLOGIA S.A.,handtalk.com.br
PRISMA EMBALAGENS LTDA,prismaembalagens.com.br
FUNDACAO HOSPITALAR DE MONTES CLAROS,aroldotourinho.com.br
UNIMED MONTES CLAROS COOPERATIVA TRABALHO MEDICO LTDA,https://www.unimed.coop.br
DECALX  COMERCIO DE ADESIVOS LTDA,decalx.com.br
MINASLIGAS S.A.,minasligas.com.br
MAIS ORIENTAL COMERCIO DE PRODUTOS ALIMENTICIOS E  NATURAIS LTDA,maisoriental.com.br
SOLUBIO TECNOLOGIAS AGRICOLAS SA,solubio.agr.br
TERRABEL EMPREENDIMENTOS LTDA,terrabel.com.br
IBR TECNOLOGIA LTDA.,ibrsoft.com
YLLER BIOMATERIAIS S.A.,yller.com.br
LOKAMIG RENT A CAR LTDA,lokamig.com.br
IMPERIO DA DANCA COMERCIO DE ARTIGOS DO VESTUARIO LTDA,imperiodadanca.com.br
ALLOXY ESPECIALIDADES QUIMICAS LTDA,alloxy.com.br
I9 STORE DO BRASIL LTDA,i9store.com
REALIZA CONSTRUTORA LTDA.,realizaconstrutora.com.br
TROPA 4X4 COMERCIO DE PECAS E SERVICOS LTDA.,tropa4x4.com.br
PIETRO TECH NUTRICAO ANIMAL LTDA,pietrotech.ind.br
"ANTON PAAR BRASIL IMPORTACAO, EXPORTACAO E COMERCIO DE INSTRUMENTOS ANALITICOS LTDA.",anton-paar.com/br-pt
PIMENTA COMUNICACAO E PROJETOS CULTURAIS LTDA,pimenta.com
SPL ENGENHARIA LTDA,spl.eng.br
PROSPERA  AGRICOLA  LTDA,prosperasolucoesagronomicas.com
VALE SISTEMAS AUTOMACAO E ELETRICA INDUSTRIAL LTDA,valesistemas.store
BR COSMETIC COMERCIAL LTDA,brcosmetic.com
PINBANK BRASIL INSTITUICAO DE PAGAMENTO S.A.,pinbank.com.br
NEXOMED HOSPITALAR LTDA,nexomed.com.br
LC VIOLOES LTDA,lcvioloes.com.br
COISAS DI MARIA COMERCIO DE ARTIGOS DO VESTUARIO ME LTDA,coisasdimaria.com.br
BRAVI INDUSTRIA E COMERCIO DE PRODUTOS ODONTOLOGICOS S.A.,bravi.gabassi.com.br
LABORATORIO GLOBO SA,laboratorioglobo.com.br
CEREJA ROSA CALCADOS LTDA,cerejarosacalcados.com.br
COMERCIAL MARUKOM LTDA,marukom.com.br
CO. INDUSTRIA E COMERCIO DE COSMETICOS LTDA,andco.ind.br
ILUSOES INDUSTRIAIS COMERCIO DE ALIMENTOS E PRODUTOS ELETRONICOS LTDA,lojailusoes.com.br
ANNA PRADO SEMIJOIAS LTDA,annaprado.com.br
PRATICA ADMINISTRADORA DE BENEFICIOS LTDA,flexgrupo.com
RT  SOLUCOES EM TECNOLOGIA LTDA.,rtsolucoes.com
VALLOUREC TUBOS DO BRASIL LTDA.,vallourec.com
HYPOFARMA INSTITUTO DE HYPODERMIA E FARMACIA LTDA,hypofarma.com.br
FUNDACAO EDUCACIONAL LUCAS MACHADO FELUMA,feluma.org.br
FUNDACAO EDUCACIONAL LUCAS MACHADO FELUMA,feluma.org.br
FUNDACAO EDUCACIONAL LUCAS MACHADO FELUMA,feluma.org.br
FUNDACAO EDUCACIONAL LUCAS MACHADO FELUMA,feluma.org.br
FUNDACAO EDUCACIONAL LUCAS MACHADO FELUMA,feluma.org.br
ORMIMAQ ORGANIZACAO MINEIRA DE MAQUINAS LTDA.,ormimaq.com.br
EGLEDITORES GRAFICOS LTDA.,egleditores.com
CORAGE INDUSTRIA E COMERCIO DE CONFECCOES LTDA.,lutlingerie.com.br
BOCUTTI DENTAL CONCEPT LAB TRAINING LTDA,bocutti.com.br
TORC TERRAPLENAGEM OBRAS RODOVIARIAS E CONSTRUCOES LTDA,torc.com.br
CATMYPET COMERCIO DE PRODUTOS PET SLU LTDA,catmypet.com
ASSOCIACAO BRASILEIRA DOS CRIADORES DE JUMENTO PEGA  A.B.C.J.P,abcjpega.org.br
CENTRO FEDERAL DE EDUCACAO TECNOLOGICA DE MINAS GERAIS,cefetmg.br
LOJAS RPM MOVEIS LTDA,lojasrpm.com.br
EPOCH MAGIA IMPORTADORA DISTRIBUIDORA DE BRINQUEDOS LTDA.,epochmagia.com.br
CANAL AUTOMACAO LTDA,canalautomacao.com.br
LEOPAR TERMOPARES LTDA,leopar.com.br
O LAVANDARIO CULTIVO DE LAVANDA E ERVAS AROMATICAS  INDUSTRIA E COMERCIO LTDA,lavandario.com.br
FUNDACAO MINEIRA DE EDUCACAO E CULTURA,fumec.br
EDITORA LABRADOR LTDA,editoralabrador.com.br
FISHFIRE COMUNICACAO E EVENTOS LTDA,fishfire.com.br
SF PAGAMENTOS LTDA,stafebank.com.br
DIARIO DO COMERCIO EMPRESA JORNALISTICA LTDA,diariodocomercio.com.br
RACING RABBIT IMPORTACAO E COMERCIO LTDA,racingrabbit.com.br
ORGAFARMA ORGANIZACAO FARMACEUTICA LTDA,orgafarma.com.br
MARIA DONDOCA INDUSTRIA E COMERCIO DE CONFECCOES LTDA,mariadondocaoficial.com.br
INDUSTRIA E COMERCIO DE EQUIPAMENTOS MF DO BRASIL LTDA,mfdobrasil.com.br
TECNOWATT ILUMINACAO LTDA,tecnowatt.com.br
CANADIAN SOLAR BRASIL COMERCIALIZACAO IMPORTACAO E EXPORTACAO DE PAINEIS SOLARES LTDA.,csisolar.com/br
CECM EMP ACO MG SA ACOMINAS EMP SUB O B LTDA COOPACO,coopaco.com.br
MEU PET MAIS INDUSTRIA E COMERCIO DE ALIMENTOS ANIMAL LTDA,meupetmais.com
TALLINE SAPATILHAS ATACADO LTDA,sapatilhasatacado.com.br
MORRO DO CHAPEU GOLFE CLUBE,morrodochapeu.com.br
"ASSOCIACAO NACIONAL DOS APOSENTADOS, PENSIONISTAS, FUNCIONARIOS E EXFUNCIONARIOS DO CONGLOMERADO BEMGE  AJUBEMGE",ajubemge.com.br
ANAS COMERCIO DE CALCADOS E VESTUARIO LTDA.,anas.com.br
CEATECH CAR SERVICE LTDA,ceatechparts.com.br
OUTPLAY UNIFORMES LTDA,outplayuniformes.com.br
FEDERACAO DOS TRABALHADORES NA AGRIC DO ESTADO M GERAIS,fetaemg.org.br
ANFIPMG ASSOCIACAO DOS AUDITORES FISCAIS DA RECEITA FEDERAL DO BRASIL EM MINAS GERAIS,anfipmg.org.br
VMG AIRES INDUSTRIA E COMERCIO DE CLIMATIZACAO LTDA.,vmgaires.com.br
ROCKIMPORTE INFORMATICA E CONFECCOES COMERCIAL LTDA,rockimporte.com.br
INSTITUTO DONATO DE OFTALMOLOGIA LTDA,institutodonato.com.br
FSCHEIB INDUSTRIA E COMERCIO DE EQUIPAMENTOS ELETRONICOS LTDA.,fscheib.com.br
SINDICATO DOS TRABALHADORES EM EMPRESAS DE TELECOMUNICACOES DO ESTADO DE MINAS GERAIS  SINTTELMG,sinttelmg.org.br
TECNOISO TECNOLOGIA E SOLUCOES INDUSTRIAIS LTDA,tecnoiso.com
SOUL LEVE INDUSTRIA DE PRODUTOS NATURAIS LTDA,fazendasoulleve.com.br
MONTARTE LOCACOES LTDA,montarte.com.br
WW ETIQUETAS COMERCIO E SERVICOS LTDA,wwetiquetas.com.br
CONVENIA ATIVIDADES DE INTERNET E CORRETORA DE SEGUROS S.A.,convenia.com.br
CONECT COMERCIAL E SERVICOS LTDA,conectcomercial.com.br
STRAPTEC SOLUCOES EM EMBALAGENS LTDA,straptec.net
DROGAMAXI DROGARIA LTDA,drogamaxi.com.br
TERERE SHOP COMERCIO LTDA,terereshop.com.br
AGILITY.COM COMERCIAL LTDA,https://www.agility.com
RADARHOSP PRODUTOS PROFISSIONAIS LTDA,radarhospitalar.com.br
PSX SOLUCOES PARA IMPRESSORA DIGITAL LTDA,psxsolucoes.com.br
LIA COMERCIO DE ROUPAS E ACESSORIOS LTDA,lojalia.com.br
C.A.A.R. DO BRASIL CONSULTORIA TECNICA LTDA,caardobrasil.com
MASTERVEDA SOLUCOES EM VEDACOES LTDA,vedamaster.com.br
PLOOMES SISTEMAS EMPRESARIAIS S.A.,ploomes.com
TAPEVAS SOLUCOES INTEGRADAS LTDA,grupotapevas.com.br
ARGUS DO BRASIL TECNOLOGIA LTDA,argusdobrasil.com.br
"VEDMETAL COMERCIO DE VEDACOES, METAIS E ACESSORIOS INDUSTRIAIS LTDA.",vedmetal.com.br
CBYK CONSULTORIA EM GESTAO EMPRESARIAL LTDA,cbyk.com.br
BABY ENXOVAL LTDA,babyenxoval.com.br
3DJ INDUSTRIA E COMERCIO DE PECAS DE METAIS LTDA,3dj.ind.br
SANTA PASSION INDUSTRIA E COMERCIO DE CONFECCOES LTDA,santapassion.com.br
DENTAL UAI LTDA,dentaluai.com.br
AGROCP INDUSTRIA E COMERCIO DE FERTILIZANTES LTDA,agrocp.agr.br
VIA REABILITACAO LTDA,viareabilitacao.com.br
OZONIOBRAS INDUSTRIA DE EQUIPAMENTOS GERADORES DE OZONIO LTDA,ozoniobras.ind.br
GRUPO SALTA EDUCACAO SA,gruposaltaedu.com
SAURER TEXTIL SOLUCOES LTDA.,saurer.com
DECLA TRACK TECNOLOGIA EM RASTREAMENTO VEICULAR LTDA,declatrack.com.br
ENTER LIGHT DO BRASIL COMERCIO ELETRONICO LTDA,enterlight.com.br
M2 COMERCIO ELETRONICO DE MOVEIS LTDA,mercadodsmoveis.com.br
KM ALIMENTOS DO BRASIL LTDA,kmalimentos.com.br
MERCADO SUPLEMENTO IMP E EXP LTDA,mercadosuplemento.com.br
TWE CONTROL EQUIPAMENTOS DE CONTROLE E TEMPERATURA INDUSTRIA COMERCIO E REPRESEN,twecontrol.com.br
SUPERMERCADOS ALVORADA LTDA,supermercadosalvorada.com
FULLPLAS EMBALAGENS PLASTICAS LTDA,fullplas.com.br
CLUBE ITAJUBENSE,clubeitajubense.com.br
PISOM ENDOSERVICE LTDA,pisomendoservice.com
DIGESTO PESQUISA E BANCO DE DADOS LTDA,digesto.com.br
MULTCRED RN SERVICOS LTDA,multcred.com.br
SUPLEMA CLICHES LTDA,suplemacliches.com.br
NANDIN SOUND PRESIDENTE PRUDENTE LTDA,nandinsound.com.br
CORGHI DO BRASIL COMERCIO DE EQUIPAMENTOS PARA VEICULOS AUTOMOTORES LTDA.,corghidobrasil.com.br
ELITE RETIFICA DE MOTORES LTDA,eliteretifica.com.br
VERSATIL RADIOCOMUNICACAO LTDA,versatilradio.com.br
MAGAZINE DO SUPLEMENTO COMERCIO DE PRODUTOS ALIMENTICIOS LTDA,magazinedosuplemento.com.br
SAUDE COM BELEZA LTDA,saudecombeleza.com.br
GCL MODA PROFISSIONAL LTDA,gclmodas.com.br
INAESP EDUCACIONAL LTDA,inaesp.com.br
AGUIASAT SISTEMAS LTDA,aguiasat.com
SINDICATO DOS PRODUTORES RURAIS DE PASSOS,sinrural.com.br
BTFLEX INDUSTRIA E COMERCIO LTDA,btflex.com.br
SEMPRELAR UTILIDADES LTDA,semprelar.com.br
LUIZA ROGI INDUSTRIA E COMERCIO DE BIJUTERIAS LTDA,luizarogi.com
SCHNEIDER  ZIMMERMANN COMERCIO DE BRINQUEDOS LTDA,brumarpelucias.com.br
MAIS QUIMICA LTDA,maisquimica.com
MOC AUTOMACAO HIDRAULICA E PNEUMATICA LTDA,mocautomacao.com.br
99 TECNOLOGIA LTDA,99app.com
IQFER COMERCIO E REPRESENTACAO DE FERRAMENTAS LTDA,iqfer.com.br
AUTO CLIMA BRASIL DISTRIBUIDORA DE PECAS LTDA,autoclima.com.br
BSG COMPONENTES ELETRO ELETRONICOS LTDA,bsgcomponentes.com.br
SABER  INSTITUTO BRASILEIRO DE APRENDIZAGEM,saberaprendizes.org.br
EXTENSO MAQUINAS LTDA,extensomaquinas.com.br
AGROPECUARIA FIGUEIREDO LTDA,fazendafigueiredo.com.br
JENSENGROUP BRASIL COMERCIO E SERVICOS DE EQUIPAMENTOS DE LAVANDERIA LTDA,jensen-group.com
JUJUBA KIDS MODAS LTDA,jujubakidslaranjeiras.com.br
BRASIL AO CUBO S.A.,brasilaocubo.com
INDIAS DO BRASIL INDUSTRIA E COMERCIO LTDA,indiasdobrasil.com.br
LIGAMAGIC PORTAL DE COMPRAS LTDA,ligamagic.com.br
ESSENCIALE SEMI JOIAS LTDA.,essenciale.com.br
AUTORIZADA CURITIBA COMERCIO E MANUTENCAO LTDA,autorizadacuritiba.com.br
CLINICA VERA CRUZ LTDA,clinicaveracruz.com.br
LIVRARIA FEBRACIS LTDA,febracis.com.br
LIVRARIA FEBRACIS LTDA,febracis.com.br
LIVRARIA FEBRACIS LTDA,febracis.com.br
LIVRARIA FEBRACIS LTDA,febracis.com.br
LIVRARIA FEBRACIS LTDA,febracis.com.br
HOSPITAL MATERNIDADE SAO LUCAS DE EXTREMA LTDA,hmsaolucas.com.br
DATELO TELECOMUNICACOES LTDA,datelo.com.br
TERMOTECNICA INDUSTRIA E COMERCIO LTDA,termotecnica.com.br
TRISETE PARTS DISTRIBUIDORA DE PECAS E ACESSORIOS LTDA,triseteparts.com.br
EME ELLE CONFECCAO E COMERCIO DE ROUPAS LTDA,emeelle.com.br
CODDA METAIS COMERCIO DE PRODUTOS HIDRAULICOS LTDA,coddametais.com.br
LVI INDUSTRIA DO VESTUARIO LTDA,liravie.com.br
GOLDMED SERVICO ESPECIALIZADO EM PREPARACAO DE DOCUMENTOS LTDA,goldmed.com.br
KSR BRASIL MUSIC LTDA,ksrbrasil.com.br
CHACK CONFECCOES E COMERCIO LTDA,chack.com.br
SOROCAMP TECNOLOGIA LTDA,sorocamp.com.br
EMPORIO DOS MOTORES ELETRICOS LTDA,emporiodosmotores.com.br
SUNBRINDES PERSONALIZADOS LTDA,sunbrindes.com.br
AVALIAR PSICOLOGIA LTDA,avaliarpsicologia.com.br
MODULUM ADMINISTRACAO DE CONDOMINIOS LTDA,modulum.com.br
BIOPORA CAMINHO VIVO INDUSTRIA E COMERCIO DE ALIMENTOS LTDA,biopora.com
Zener Componentes Eletronicos LTDA,zenercomponentes.com.br
CERTIDAO NA MAO  CERTIDOES PELA INTERNET LTDA,certidaonamao.com.br
TECNO NUTRICAO VEGETAL E BIOTECNOLOGIA S.A,tecnonutricao.com.br
ORANGE DO BRASIL INDUSTRIA E COMERCIO DE MAQUINAS LTDA,orangedobrasil.com
EXATI TECNOLOGIA E DESENVOLVIMENTO DE SISTEMAS LTDA,exati.com.br
CARLITO TECIDOS LTDA,carlitotecidos.com
NOVA RASTREADORES SOLUCOES ELETRONICAS LTDA,novarastreadores.com
OMIEXPERIENCE LTDA.,omie.com.br
CITY COMERCIO EXTERIOR LTDA,citycomex.com
WK VISION COMERCIO LTDA,visionwk.com.br
FILTROS CURITIBA LTDA,filtroscuritiba.com.br
RODOXISTO TRANSPORTES LTDA,rodoxisto.com.br
MUSICAL PAGANINI INDUSTRIA E COMERCIO LTDA.,musicalpaganini.com.br
MORENA TROPYCANA CONFECCOES LTDA,morenatropycana.com
AROMA SELEZIONE COMERCIO DE CAFE LTDA,aromaselezione.com
AGROMINAS PRODUTOS AGROPECUARIOS LTDA,agrominas.com
JMA DROGARIA E FORMULA MANIPULADA LTDA.,farmatotall.com.br
"RRN IMPORTACAO, EXPORTACAO DISTRIBUICAO E COMERCIO DE EMBALAGENS E ARTIGOS DE ARTESANATO LTDA",rnembalagens.com.br
LOAN CONDOMINIOS LTDA.,loancondominios.com.br
UNIMED ARAGUARI COOPERATIVA DE TRABALHO MEDICO,https://www.unimed.coop.br
COOPERATIVA DE CREDITO CREDICAMPO LTDA  SICOOB CREDICAMPO,https://www.sicoob.com.br
"REQUINTH.COM COMERCIO, IMPORTACAO E EXPORTACAO DE PRODUTOS OPTICOS LTDA",https://www.requinth.com
RUEDA  RUEDA ADVOGADOS,ruedaerueda.com.br
UNIODONTO MANAUS  COOPERATIVA ODONTOLOGICA LTDA,https://www.uniodonto.com.br
UNIMED DE ITAJUBA COOPERATIVA DE TRABALHO MEDICO,https://www.unimed.coop.br
COOPERATIVA DE CREDITO CREDINTER LTDA.  SICOOB CREDINTER,https://www.sicoob.com.br
COOPERATIVA DE CREDITO DE LIVRE ADMISSAO DO VALE DO GORUTUBA LTDA  SICOOB CREDIVAG,https://www.sicoob.com.br
COOPERATIVA DE CREDITO CREDINACIONAL LTDA.  SICOOB CREDINACIONAL.,https://www.sicoob.com.br
MEUBILHETE.COM LTDA,https://www.meubilhete.com
REDUSHAPER.COM VAREJO LTDA,https://www.redushaper.com
COOPERATIVA DE CREDITO COOPERMAIS  SICOOB COOPERMAIS,https://www.sicoob.com.br
COOPERATIVA DE CREDITO SUL DO ESPIRITO SANTO  SICOOB SUL,https://www.sicoob.com.br
MARK.COM COMUNICACAO VISUAL LTDA,https://www.mark.com
DUAGRO.COM LTDA,https://www.duagro.com
VESTUARIO.COM LTDA,https://www.vestuario.com
BH ACUPUNTURA.COM  SAUDE LTDA,https://www.acupuntura.com
SHOPDOCAMPO.COM.BR LTDA,https://www.shopdocampo.com.br
UNIMED TRES CORACOES COOPERATIVA DE TRAB MEDICO LTDA,https://www.unimed.coop.br
MOEDAS.COM.BR ATIVIDADE DE INTERNET LTDA,https://www.moedas.com.br
THYSSENKRUPP METALURGICA CAMPO LIMPO LTDA,https://www.thyssenkrupp.com
FUNDACAO METROPOLITANA PAULISTA,https://www.fmp.org.br
ASSOCIACAO BRASILEIRA DE ENSAIOS NAO DESTRUTIVOS E INSPECAO  ABENDE,https://www.abende.org.br
KBR ELETRONICA LIMITADA,https://www.kbr.com.br
UNIODONTO SAO JOSE DO RIO PRETO COOPERATIVA DE TRABALHO ODONTOLOGICO,https://www.uniodonto.com.br
COOPERATIVA DE ECONOMIA E CREDITO MUTUO DE LIVRE ADMISSAO DE ARARAQUARA E REGIAO  SICOOB,https://www.sicoob.com.br
COOPERATIVA DE ECONOMIA E CREDITO MUTUO DE LIVRE ADMISSAO DE ARARAQUARA E REGIAO  SICOOB,https://www.sicoob.com.br
COOPERATIVA DE ECONOMIA E CREDITO MUTUO DE LIVRE ADMISSAO DE ARARAQUARA E REGIAO  SICOOB,https://www.sicoob.com.br
BLANVER FARMOQUIMICA E FARMACEUTICA S A,https://www.blanver.com.br
ASSOCIACAO COMERCIAL E INDUSTRIAL DE RIBEIRAO PRETO,https://www.acirp.com.br
POSTABEM.COM SERVICOS DE LOGISTICA LTDA,https://www.postabem.com
BRISTOLMYERS SQUIBB FARMACEUTICA LTDA.,https://www.bms.com
MANNHUMMEL BRASIL LTDA.,https://www.mannhumel.com
ATLAS COPCO BRASIL LTDA,https://www.atlas-copco.com
BANESPREV FUNDO BANESPA DE SEGURIDADE SOCIAL,https://www.banesprev.com.br
FUNDACAO DO ABC,https://www.fundacaodoabc.org.br
FUNDACAO DO ABC,https://www.fundacaodoabc.org.br
FUNDACAO DO ABC,https://www.fundacaodoabc.org.br
FUNDACAO DO ABC,https://www.fundacaodoabc.org.br
FUNDACAO DO ABC,https://www.fundacaodoabc.org.br
FUNDACAO DO ABC,https://www.fundacaodoabc.org.br
FUNDACAO DO ABC,https://www.fundacaodoabc.org.br
FUNDACAO DO ABC,https://www.fundacaodoabc.org.br
FUNDACAO DO ABC,https://www.fundacaodoabc.org.br
FESTO BRASIL LTDA,https://www.festo.com
BOEHRINGER INGELHEIM ANIMAL HEALTH DO BRASIL LTDA.,https://www.boehringer-ingelheim.com
BOEHRINGER INGELHEIM ANIMAL HEALTH DO BRASIL LTDA.,https://www.boehringer-ingelheim.com
"APABB  ASSOCIACAO DE PAIS, AMIGOS E PESSOAS COM DEFICIENCIA DE FUNCIONARIOS DO BANCO DO BRASIL E DA COMUNIDADE",https://www.apabb.com.br
INSTITUTO BRASILEIRO DE DEFESA DO CONSUMIDOR,https://www.ibdc.org.br
UNIODONTO DE SOROCABA COOPERATIVA ODONTOLOGICA,https://www.uniodonto.com.br
GOODYEAR DO BRASIL PRODUTOS DE BORRACHA LTDA,https://www.goodyear.com
SAO PAULO FUTEBOL CLUBE,https://www.saopaulofc.com.br
MESSER GASES LTDA.,https://www.messer.com.br
KSB BRASIL LTDA.,https://www.ksb.com
KSB BRASIL LTDA.,https://www.ksb.com
PAPIRUS INDUSTRIA DE PAPEL SA,https://www.papyrus.com.br
CESP  COMPANHIA ENERGETICA DE SAO PAULO,https://www.cesp.com.br
INSTITUTO MONITOR LTDA,https://www.monitor.com.br
SOCIEDADE BENEFICENTE SAO CAMILO,https://www.saocamilo.org.br
SOCIEDADE BENEFICENTE SAO CAMILO,https://www.saocamilo.org.br
ASSOCIACAO PAULISTA DE MEDICINA,https://www.apm.org.br
PFIZER BRASIL LTDA,https://www.pfizer.com.br
LATICINIOS CATUPIRY LTDA,https://www.itambe.com.br
FUNDACAO BUTANTAN,https://www.butantan.gov.br
AURORA BEBIDAS E ALIMENTOS FINOS LTDA,https://www.auroragroup.com.br
CHIESI FARMACEUTICA LTDA,https://www.chiesi.com
COMPANHIA BRASILEIRA DE ALUMINIO,https://www.cba.com.br
HEWLETTPACKARD BRASIL LTDA,https://www.hp.com
HEWLETTPACKARD BRASIL LTDA,https://www.hp.com
HEWLETTPACKARD BRASIL LTDA,https://www.hp.com
ASSOCIACAO BRASILEIRA DE ADMINISTRADORAS DE CONSORCIOS,https://www.abconsorcio.com.br
WAFIOS DO BRASIL LTDA.,https://www.wafios.com
FUNDACAO SUDAMERIS,https://www.sudameris.com.br
ASSOC BRASILEIRA DA INDUSTRIA ELETRICA E ELETRONICA,https://www.abiee.com.br
ROYAL CANIN DO BRASIL INDUSTRIA E COMERCIO LTDA,https://www.royalcanin.com.br
EVONIK BRASIL LTDA,https://www.evonik.com
FUNDACAO HOSPITALAR DE HEMATOLOGIA E HEMOTERAPIA DO AMAZONAS,https://www.hemoam.org.br
COOPERATIVA DE CREDITO CREDINORTE LTDA.  SICOOB CREDINORTE,https://www.sicoob.com.br
UNIMED DE TRES PONTAS  COOPERATIVA DE TRABALHO MEDICO,https://www.unimed.coop.br
UCB BIOPHARMA LTDA.,https://www.ucb.com
COOPERATIVA DE CREDITO UNIAO DO CENTRO OESTE DE MINAS LTDA.  SICOOB CENTRO UNIAO,https://www.sicoob.com.br
CAPGEMINI BRASIL LTDA.,https://www.capgemini.com
CAPGEMINI BRASIL LTDA.,https://www.capgemini.com
CAPGEMINI BRASIL LTDA.,https://www.capgemini.com
CAPGEMINI BRASIL LTDA.,https://www.capgemini.com
CAPGEMINI BRASIL LTDA.,https://www.capgemini.com
CAPGEMINI BRASIL LTDA.,https://www.capgemini.com
COOPERATIVA DE CREDITO DE LIVRE ADMISSAO DE ITAUNA E REGIAO LTDA.  SICOOB CENTROOESTE,https://www.sicoob.com.br
UNIMED LAVRAS COOPERATIVA DE TRABALHO MEDICO,https://www.unimed.coop.br
UNIMED DE LENCOIS PAULISTA COOP DE TRABALHO MEDICO,https://www.unimed.coop.br
UNIMED REGIONAL DE PICOS COOPERATIVA DE TRABALHO MEDICO,https://www.unimed.coop.br
COOPERATIVA DE CREDITO DE LIVRE ADMISSAO DO NOROESTE DE MINAS GERAIS LTDA.  SICOOB CREDIPINHO,https://www.sicoob.com.br
SICOOB CREDIMED  COOPERATIVA DE CREDITO DE LIVRE ADMISSAO DA CIDADE DE UBERABA LTDA,https://www.sicoob.com.br
COOPERATIVA DE CREDITO DOS PROFISSIONAIS DA SAUDE E LIVRE ADMISSAO DO SUL DE MINAS LTDA  UNICRED SUL DE MINAS,https://www.unicred.coop.br
COOPERATIVA DE CREDITO DOS PROFISSIONAIS DE SAUDE E DE LIVRE ADMISSAO DO TRIANGULO MINEIRO E SUL DE MINAS LTDA  UNICRED PROGRESSO,https://www.unicred.coop.br
FUNDACAO UBALDINO DO AMARAL,https://www.ubaldinoamaral.org.br
COOPERATIVA DE CREDITO SICOOB ITAPAGIPE LTDA.  SICOOB ITAPAGIPE,https://www.sicoob.com.br
ASSOCIACAO POLICIAL DE ASSISTENCIA A SAUDE,https://apassantos.com.br
UNIMED DE BARRETOS COOPERATIVA DE TRABALHO MEDICO,https://www.unimed.coop.br
"FUNDACAO COORDENACAO DE PROJETOS,PESQUISAS E ESTUDOS TECNOLOGICOS COPPETEC",https://www.coppetec.ufrj.br
UNIMED DE JABOTICABAL COOPERATIVA DE TRABALHO MEDICO,https://www.unimed.coop.br
THE WALT DISNEY COMPANY (BRASIL) LTDA,https://www.disney.com
KANTAR WORLDPANEL BRASIL PESQUISA DE MERCADO LTDA.,https://www.kantar.com
CONSELHO REGIONAL DE ADMINISTRACAO DO MATO GROSSO DO SUL,https://www.cra10.org.br
UNIMED DE SAO ROQUE COOPERATIVA DE TRABALHO MEDICO,https://www.unimed.coop.br
FRISIA COOPERATIVA AGROINDUSTRIAL,https://www.frisia.coop.br
CLUBE CURITIBANO,https://www.clubecuritibano.com.br
CIA CANOINHAS DE PAPEL,https://www.canoinhas.com.br
FUNDACAO SANEPAR DE ASSISTENCIA SOCIAL,https://www.sanepar.com.br
SANTA MARIA CIA DE PAPEL E CELULOSE,https://www.santamaria.com.br
UNIMED DO OESTE DO PARANA  COOPERATIVA DE TRABALHO MEDICO,https://www.unimed.coop.br
UNIVERSIDADE ESTADUAL DO OESTE DO PARANA,https://www.unioeste.br
UNIVERSIDADE ESTADUAL DO OESTE DO PARANA,https://www.unioeste.br
UNIVERSIDADE ESTADUAL DO OESTE DO PARANA,https://www.unioeste.br
UNIVERSIDADE ESTADUAL DO OESTE DO PARANA,https://www.unioeste.br
UNIVERSIDADE ESTADUAL DO OESTE DO PARANA,https://www.unioeste.br
UNIVERSIDADE ESTADUAL DO OESTE DO PARANA,https://www.unioeste.br
UNIVERSIDADE ESTADUAL DO OESTE DO PARANA,https://www.unioeste.br
CENTRO DE ESTUDOS SUPERIORES POSITIVO LTDA,https://www.capu.edu.br
UNIVERSIDADE ESTADUAL DE MARINGA,https://www.uem.br
H  B  IND.COM.LTDA ME,https://www.ind.com
UNIMED NORTE DO PARANA COOPERATIVA REGIONAL DE TRABALHO MEDICO,https://www.unimed.coop.br
UNIMED APUCARANA COOPERATIVA DE TRABALHO MEDICO,https://www.unimed.coop.br
"COOPERATIVA DE CREDITO, POUPANCA E INVESTIMENTO NOSSA TERRA  SICREDI NOSSA TERRA PRSP",https://www.sicredi.com.br
COOPERATIVA DE CREDITO POUPANCA E INVESTIMENTO RIO PARANA SICREDI RIO PARANA,https://www.sicredi.com.br
UNIMED REGIONAL DE CAMPO MOURAO  COOPERATIVA DE TRABALHO MEDICO,https://www.unimed.coop.br
FUNDACAO UNIVERSIDADE REGIONAL DE BLUMENAU  FURB,https://www.furb.br
FUNDACAO UNIVERSITARIA DO DESENVOLVIMENTO DO OESTE,https://www.uniplac.net
FUNDACAO UNIVERSITARIA DO DESENVOLVIMENTO DO OESTE,https://www.uniplac.net
FUNDACAO UNIVERSITARIA DO DESENVOLVIMENTO DO OESTE,https://www.uniplac.net
CONSELHO REGIONAL DOS CORRETORES DE IMOVEIS DE SC,https://www.core11.org.br
ASSOCIACAO COMERCIAL E INDUSTRIAL DE FLORIANOPOLIS,https://www.acif.org.br
BUNGE ALIMENTOS SA,https://www.bunge.com
BUNGE ALIMENTOS SA,https://www.bunge.com
BUNGE ALIMENTOS SA,https://www.bunge.com
BUNGE ALIMENTOS SA,https://www.bunge.com
BUNGE ALIMENTOS SA,https://www.bunge.com
BUNGE ALIMENTOS SA,https://www.bunge.com
BUNGE ALIMENTOS SA,https://www.bunge.com
UNIMED RIO BRANCO COOPERATIVA DE TRABALHO MEDICO LTDA,https://www.unimed.coop.br
FUNDACAO UNIVERSIDADE DO OESTE DE SANTA CATARINA,https://www.unoesc.edu.br
FUNDACAO UNIVERSIDADE DO OESTE DE SANTA CATARINA,https://www.unoesc.edu.br
FUNDACAO UNIVERSIDADE DO OESTE DE SANTA CATARINA,https://www.unoesc.edu.br
FUNDACAO UNIVERSIDADE DO OESTE DE SANTA CATARINA,https://www.unoesc.edu.br
COOPERATIVA DE CREDITO NOROESTE DE MINAS LTDA.  SICOOB NOROESTE DE MINAS,https://www.sicoob.com.br
UNIMED MACHADO COOPERATIVA DE TRABALHO MEDICO,https://www.unimed.coop.br
CONSELHO REGIONAL DE BIBLIOTECONOMIA  10 REGIAO,https://www.crb10.org.br
UNIMED FRONTEIRA NOROESTERS  COOPERATIVA DE ASSISTENCIA A SAUDE LTDA,https://www.unimed.coop.br
FUNDACAO UNIVERSIDADE EMPRESA DE TECNOLOGIA E CIENCIAS,https://www.fatesi.br
FUNDACAO CORSAN DOS FUNCIONARIOS DA COMPANHIA RIOGRANDENSE DE SANEAMENTO CORSAN,https://www.fcfcorsan.com.br
FUNDACAO DE APOIO A TECNOLOGIA E CIENCIA,https://www.fatec.org.br
SOCIEDADE BRASILEIRA DE ENDOSCOPIA DIGESTIVA,https://www.sbemd.org.br
FUNDACAO UNIVERSIDADE DE PASSO FUNDO,https://www.fupassofundo.org.br
INSTITUTO DE PREVIDENCIA DO ESTADO DO RIO GRANDE DO SUL,https://www.iper.rs.gov.br
INSTITUTO RIO GRANDENSE DO ARROZ,https://www.irriga.gov.br
SPORT CLUB INTERNACIONAL,https://www.scinternacional.com.br
UNIMED DE SAO JOSE DO RIO PARDO COOPERATIVA DE TRABALHO MEDICO,https://www.unimed.coop.br
UNIODONTO PAULISTA FEDERACAO DAS COOPERATIVAS ODONTOLOGICAS DO ESTADO DE SAO PAULO,https://www.uniodonto.com.br
GUIPACK INDUSTRIA E COMERCIO DE EMBALAGENS E PRODUTOS DE LIMPEZA LTDA,https://guipack.com
MUNICIPIO DE CALDAS,https://caldas.mg.gov.br
NATURAFRIG ALIMENTOS LTDA,https://naturafrigalimentosltda.com
"CEPHEID BRASIL IMPORTACAO, EXPORTACAO E COMERCIO DE PRODUTOS DE DIAGNOSTICOS LTDA.",https://cepheid.com
MUNICIPIO DE MONTE AZUL,https://monteazul.mg.gov.br
MUNICIPIO DE ESPINOSA,https://espinosa.mg.gov.br
"ECO DNA CONFECCOES, PRODUTOS PERSONALIZADOS E SERVICOS LTDA",https://ecodnastore.com.br
MUNICIPIO DE POUSO ALTO,https://pousoalto.mg.gov.br
MUNICIPIO DE ESTIVA,https://estiva.mg.gov.br
MUNICIPIO DE CACHOEIRA DE MINAS,https://cachoeirademinas.mg.gov.br
MUNICIPIO DE CONCEICAO DOS OUROS,https://conceicaodosouros.mg.gov.br
DIFF COMERCIO DE PAPEIS E EMBALAGENS LTDA,https://diffembalagens.com.br
MUNICIPIO DE ANDRELANDIA,https://andrelandia.mg.gov.br
MUNICIPIO DE BOM JARDIM DE MINAS,https://bomjardimdeminas.mg.gov.br
REQUINTE METAL COMERCIO LTDA,https://requintemetal.com.br
FIGURINE COMERCIO DE ACESSORIOS LTDA,https://figurine.com.br
CRESCER VOCE EDITORA E TREINAMENTO LTDA,https://crescervoce.com.br
JLL CORPORATE SOLUTIONS  SERVICOS DE CONSERVACAO E MANUTENCAO DE IMOVEIS LTDA.,https://jll.com.br
VIA TRUCKS SAO PAULO COMERCIO DE CAMINHOES LTDA,https://viatrucks.com.br
FUSAO ACESSORIOS INDUSTRIAIS LTDA,https://fusaoacessorios.com.br
IRBEL STONE LTDA,https://irbelstone.com.br
TRENA  TERRAPLENAGEM E CONSTRUCOES S.A.,https://trenaconstrutora.com.br
TUDO VET COMERCIO DE PRODUTOS VETERINARIOS LTDA,https://tudovet.com.br
TOTAL MEDICAL BRASIL INDUSTRIA E COMERCIO DE PRODUTOS MEDICOHOSPITALARES LTDA,https://blentamedical.com
CALIBRATOOLS EQUIPAMENTOS INDUSTRIAIS LTDA,https://calibratools.com.br
M SALUSSOLIA PRATARIA,https://pratariasantarita.com.br
AMGEN BIOTECNOLOGIA DO BRASIL LTDA.,https://amgen.com.br
CEARA SERVICOS DE ATENDIMENTO AO CIDADAO SA,https://vaptvupt.com.br
RM  MAQUINAS E SISTEMAS LTDA,https://rmmaquinas.com.br
OPUS VIAGENS E EVENTOS LTDA,https://opusviagens.com.br
TRADING CARE INDUSTRIA E COMERCIO DE PRODUTOS AUTOMOTIVOS E PRODUTOS PARA ANIMAIS LTDA,https://proauto.com.br
AMATEL MG DISTRIBUIDORA DE EQUIPAMENTOS DE SEGURANCA E INFORMATICA LTDA,https://amatel.com.br
BLU LOGISTICS BRASIL TRANSPORTES INTERNACIONAIS LTDA,https://blulogistics.com.br
NOVA OGP INDUSTRIA E COMERCIO LTDA,https://novaogp.com.br
MUNICIPIO DE RAUL SOARES,https://raulsoares.mg.gov.br
EXPRESS TRANSPORTES URBANOS LTDA,https://expresstransportesurbanos.com.br
FUNDACAO VIVA DE PREVIDENCIA,https://vivaprev.com.br
QUALABOR SERVICOS DE QUALIDADE LTDA,https://qualabor.com.br
FAST PRESS COMUNICACAO VISUAL LTDA.,https://fastpressvisual.com.br
MUEQUIPAR HIDRAULICA INDUSTRIAL LTDA,https://muequipar.com.br
CULTIVE RESISTENCIA,https://cultiveresistencia.org
TAI CREATIVE MARKETING E ENTRETENIMENTO LTDA.,https://taicreative.com.br
ATAK  PHOTO ATACADO LTDA,https://atakphoto.com.br
HEBROM ADMINISTRADORA DE BENEFICIOS LTDA.,https://hebrombeneficios.com.br
PROTECAO E VESTUARIO IND E COM LTDA,https://provestuniformes.com.br
PRADOLUX INDUSTRIA E COMERCIO LIMITADA,https://pradolux.com.br
RANIGAMI BRINQUEDOS LTDA.,https://ranigamibrinquedos.com.br
TUBOTECNICA SISTEMAS HIDRAULICOS LTDA,https://tubotecnica.com.br
DAVET SOLUCOES EM T.I LTDA,https://davet.com.br
SLING IMPRESSOES ESPECIAIS LTDA,https://sling.ind.br
PEREIRA  SOARES SERVICOS MEDICOS E MEDICINA OCUPACIONAL LTDA,https://promedaracatuba.com.br
DMD CRIACOES ACESSORIOS FEMININOS LTDA,https://dmdcriacoes.com.br
BAMBUAL EDITORA LTDA,https://bambualeditora.com.br
DUGUESS COMERCIO DE ROUPAS E ACESSORIOS LTDA,https://duguess.com.br
LARANJEIRAS KIDS COMERCIO DE ARTIGOS INFANTIS LTDA,https://laranjeiraskids.com.br
NOMADROOTS VIAGEM E CONHECIMENTO LTDA,https://nomadroots.com.br
SUPERLIFT COMERCIO DE PECAS PARA EMPILHADEIRAS LTDA,https://superlift.com.br
"ASSOCIACAO COMERCIAL, INDUSTRIAL, DE TURISMO, SERVICOS E AGRONEGOCIOS DE PARAGUACU  ACIAP",https://aciapcdl.com.br
KERO TELECOM COMERCIO E SERVICOS LTDA.,https://kerotelecom.com.br
ETIQUETAS OPCAO EXPRESS COMERCIO,https://opcaoetiqueta.com.br
FERRAMINAS MAQUINAS E FERRAMENTAS LTDA,https://ferraminas.com.br
ESCOLA DE GESTAO AQUILA,https://escoladegestaoaquila.lojavirtualnuvem.com.br
LUMAR LIFE PRODUTOS NATURAIS LTDA,https://lumarlifeprodutosnaturais.com.br
FAISANO E RANGEL ADVOGADOS ASSOCIADOS,https://faisanoerangel.adv.br
SOLUAR COMERCIO DE SEMI  JOIAS LTDA,https://soluarjoias.com.br
FINA COR CASA E DECORACAO LTDA,https://finacordecoracoes.com.br
ASSOCIACAO DO COMERCIO E INDUSTRIA DE POUSO ALEGRE,https://acipa.com.br
TEC AND TEC LATAM AMERICA LTDA,https://tecandtec.com.br
PREFEITURA REGIONAL SAPOPEMBA,https://prefeitura.sp.gov.br/web/sapopemba
ONE INNOVATION EMPREENDIMENTOS E PARTICIPACOES S.A.,https://oneinnovation.com.br
PRIMUS IMPORT COMERCIO DE IMPORTADOS LTDA.,https://primusimport.com.br
AZUPA COMERCIO VAREJISTA DE ARTIGOS ESPORTIVOS E ACESSORIOS LTDA,https://azupa.com.br
ALL ENTRETENIMENTO LTDA,https://grupoall.com.br
STICK CIRCUITOS IMPRESSOS LTDA,https://stick.ind.br
R J FOLHEADOS LTDA,https://riojoias.com.br
FROTA CAR LTDA,https://frotacar.com.br
FANTEC TECNOLOGIA LTDA,https://fantec.com.br
IBERCHEM BRASIL INDUSTRIA LTDA,https://iberchem.com
SOBERANA FACULDADE DE SAUDE DE PETROLINA LTDA,https://faculdadesoberana.com.br
INFOPRECOS S.A.,https://infoprice.co
EXTRA MAQUINAS SA,https://extramaquinas.com.br
MGI MINAS GERAIS PARTICIPACOES S.A,https://minasgeraisparticipacoes.com.br
"ASSOCIACAO COMERCIAL, INDUSTRIAL, AGRICOLA E DE PRESTACAO DE SERVICOS DE OURO FINO  ACIA OURO FINO",https://aciaourofino.com.br
BRAZA BANK S.A. BANCO DE CAMBIO,https://brazabank.com.br
AMPERI IMPORTACAO E COMERCIO LTDA,https://amperi.com.br
RAVIERA MOTORS COMERCIO E ADMINISTRACAO DE VEICULOS LTDA,https://ravieramotors.com.br
MUITO MAIS MOTO INDUSTRIA E COMERCIO DE PECAS PARA MOTOCICLETAS LTDA.,https://m3moto.com.br
OPTICON LATIN AMERICA  COMERCIO DE PRODUTOS ELETRONICOS LTDA.,https://opticon.com
UNIESP S.A. EM RECUPERACAO JUDICIAL,https://uniesp.edu.br
SUPERIOR TRANSPORTES LOCACAO E LOGISTICA LTDA,https://superiortransportes.com.br
WELDINTEC SERVICE E COMERCIO DE INSTRUMENTOS DE MEDICAO LTDA,https://weldintec.com.br
ELAI DISTRIBUIDORA DE PRODUTOS DE INFORMATICA LTDA,https://elaidistribuidora.com.br
ERUDITUS LIVRARIA E EDITORA LTDA,https://erudituslivraria.com.br
G2 COMERCIO E SERVICOS LTDA,https://g2healthcare.com.br
CHECKMAT PARTS COMERCIO E IMPORTACAO DE PECAS LTDA,https://checkmatparts.com.br
MONICA RIZZI SEMIJOIAS LTDA.,https://monicarizzi.com.br
PCR COMERCIO DE PECAS E MANUTENCAO DE EMPILHADEIRAS LTDA,https://pcrempilhadeiras.com.br
THIEME REVINTER PUBLICACOES LTDA,https://thieme.com.br
TOTALFLEXO INDUSTRIA E COMERCIO DE SOLUCOES PARA IMPRESSAO LTDA,https://totalflexo.com.br
CONSELHEIRO LAFAIETE CAMARA MUNICIPAL,https://conselheirolafaiete.mg.leg.br
CHEESECAKE LABS SOFTWARE S/A,https://cheesecakelabs.com
BERTA CONSULTORIA LTDA,https://bertaconsultoria.com.br
MAGNUM DISTRIBUIDORA DE PNEUS SA,https://magnumtires.com.br
ALEGRIA DE MONTAR LTDA,https://alegriademontar.com.br
INSTITUTO DE PESQUISAS E EDUCACAO CONTINUADA EM ECONOMIA E GESTAO DE EMPRESAS,https://pecege.com
APLICSIL COMERCIO DE PRODUTOS TECNICOS LTDA,https://aplicsil.com.br
ILUDI INDUSTRIA DE DESIGN LTDA,https://iludi.design
INOVA LABORATORIO FOTOGRAFICO LTDA,https://inovalaboratorio.com.br
NOVA JERUSALEM INDUSTRIA E COMERCIO DE VELAS LTDA,https://novajerusalemvelas.com.br
BRYAIR BRASIL CLIMATIZACAO LTDA,https://bryair.com
AXIA SOLUCOES LOGISTICAS LTDA.,https://axiasolucoes.com.br
FOX INDUSTRIA E COMERCIO DE ESSENCIAS E FRAGRANCIAS LTDA,https://foxessencias.com.br
PROJATO EQUIPAMENTOS E ACESSORIOS PARA HIDROJATO LTDA,https://projatoepi.com.br
EDITORA DOM VICOSO LTDA,https://arqmariana.com.br
IBA  INDUSTRIA BRASILEIRA DE ARVORES,https://iba.org.br
MULTIVERSO AUTOMACAO LTDA,https://multiversoautomacao.com.br
GALAXIA PRODUTOS OPTICOS LTDA,https://clarencevision.com.br
IGENOMIX BRASIL LABORATORIO DE MEDICINA GENETICA LTDA.,https://igenomix.com
WIDE TRADUCOES TECNICAS LTDA,https://widetraducoes.com.br
HIPOLABOR FARMACEUTICA LTDA,https://hipolabor.com.br
RISING SUN MOTORSPORTS LTDA,https://risingsunmotorsports.com.br
VIGICAR RASTREADORES LTDA,https://vigicar.com.br
TERRA FERTIL BEAUTY GROUP COMERCIO DE PRODUTOS DE BELEZA LTDA,https://terrafertilbeauty.com.br
ARTYETO COMERCIO DE OCULOS E ACESSORIOS LTDA,https://artyeto.com.br
IDEAL PACK COMERCIO DE PLASTICOS LTDA,https://idealpack.com.br
CASA DA MAE JOANA PRESENTES LTDA,https://casadamaejoanashop.com.br
OG BRINDES PROMOCIONAIS LTDA,https://ogbrindes.com.br
TORRES COMMISSIONING ENGENHARIA LTDA,https://torrescx.com.br
WOHNER SISTEMAS ELETROTECNICOS LTDA,https://woehner.com
MOVEIS NOVO HORIZONTE LTDA,https://moveisnovohorizonte.com.br
SULIMED PROMOCAO DE VENDAS LTDA,https://sulimed.com.br
MANUTEX CNC  MANUTENCAO INDUSTRIAL LTDA.,https://manutexcnc.com.br
HITACHI KOKUSAI LINEAR EQUIPAMENTOS ELETRONICOS SA,https://hitachi-linear.com.br
TESLA PRODUTOS MAGNETICOS LTDA,https://teslaimas.com.br
MUNICIPIO DE ITAVERAVA,https://itaverava.mg.gov.br
SAGROL COMERCIO VAREJISTA DE TECIDOS LTDA,https://sagroltecidos.com.br
GATE 72 COMERCIAL IMPORTADORA E EXPORTADORA LTDA,https://gate72.net
ALDRIVET INDUSTRIA E COMERCIO DE FERRAMENTAS E USINAGEM LTDA,https://aldrivet.com.br
CASA TEMPERO ALIMENTACAO LTDA,https://casatempero.com.br
E A LAZARO SUPLEMENTOS ALIMENTARES LTDA,https://otimanutri.com.br
FIACAO E TECELAGEM SAO GERALDO LTDA,https://tecelagemsaogeraldo.com.br
SUPERGASBRAS ENERGIA LTDA,https://supergasbras.com.br
MINI BUGGY MANIA LTDA,https://minibuggymania.com.br
CASLINI  MAITAN  COMERCIAL LTDA,https://upah.com.br
DISTRIBUIDORA DE PRODUTOS FARMACEUTICOS VALLE MED LTDA,https://vallemed.com.br
EVORA COMERCIO DE PRODUTOS PROMOCIONAIS E ARTIGOS DE VESTUARIO LTDA,https://shopevora.com.br
CAMARA MUNICIPAL DE IPATINGA,https://camaraipatinga.mg.gov.br
GDS GROW DIETARY SUPPLEMENTS DO BRASIL SA,https://blackskullusa.com.br
PAMPA COMERCIO DE MEDICAMENTOS E RACOES LTDA,https://pampavet.com.br
OMICS BIOTECNOLOGIA ANIMAL LTDA,https://omicsbiotecnologia.com.br
JEITO INFANTIL LTDA,https://jeitoinfantil.com
PIVODRIP NORDESTE IRRIGACAO LTDA,https://pivodrip.com.br
AVAXON BRASIL,https://avaxon.com.br
AL DISTRIBUIDORA DE MEDICAMENTOS E ALIMENTOS LTDA,https://almedicamentos.com.br
EMUSA DO BRASILINDUSTRIA E COMERCIO LTDA.,https://emusa.com.br
VIDA OCUPACIONAL SERVICOS MEDICOS LTDA,https://vidaocupacional.com.br
GRIFF DA CASA DECOR E DESIGN LTDA,https://griffdacasa.com.br
CIFAL COMERCIAL DE TABACOS LTDA,https://cifaldistribuidora.com.br
GOLD MACHINES IMPORTADORA E EXPORTADORA LTDA,https://goldmachines.com.br
AGROPECUARIA RODRIGUES DA CUNHA LTDA,https://rodriguesdacunha.com
ESPACO DO CRACHA LTDA,https://espacodocracha.com.br
W S BRINDES LTDA,https://wsbrindes.com.br
ARION SERVICOS DE TELECOMUNICACOES LTDA,https://grupoarion.com.br
JANDAIA TRANSPORTES E ASSESSORIA LTDA,https://jandaiatransportes.com.br
ASSOCIACAO DO PAO DE SANTO ANTONIO,https://paodesantoantonio.org.br
MAIS MEGA LOJA CONFECCAO E COMERCIO DE ROUPAS LTDA,https://maismegaloja.com.br
ONCORMED PRODUTOS PARA SAUDE LTDA,https://oncormed.com.br
SEEDCORP HO PRODUCAO E COMERCIALIZACAO DE SEMENTES S.A,https://seedcorpho.com
BARTIRA AGROPECUARIA SA,https://fazendasbartira.com.br
CRIATIVA ALBUNS E DESIGN LTDA,https://criativaalbuns.com.br
ALUFERRO INDUSTRIA E COMERCIO LIMITADA,https://aluferro.com
REDE MONTAGENS ELETROMECANICAS SA,https://redemontagens.com.br
MENDEL INDUSTRIA E COMERCIO DE EQUIPAMENTOS MEDICOS HOSPITALARES LTDA,https://mendelmedical.com.br
VIA MERCATO LTDA,https://viamercato.com.br
LUZ ATUAL ILUMINACAO LTDA,https://luzatual.com.br
ZALAZ INDUSTRIA E COMERCIO DE BEBIDAS LTDA,https://zalaz.com.br
GIORDANI COMERCIAL E IMPORTADORA LTDA,https://importbier.com.br
SUPREMAMARCAS DERMONUTRITION LTDA,https://supremamarcas.com.br
NETLEX TECNOLOGIA LTDA.,https://netlex.io
VILLA BIANCO CONSTRUCAO E INCORPORACAO S/A,https://villa-bianco.com
JAMEF TRANSPORTES LTDA,https://jamef.com.br
CONDUZIR SERVICOS DE TERAPIA COMPORTAMENTAL LTDA.,https://grupoconduzir.com.br
GAZELA INDUSTRIA E COMERCIO LTDA,https://gazela.com.br
Livro Aberto Distribuidora de Livros LTDA - 20.163.501/0001-04,https://livroaberto.com.br
Joao Domingos Advogados Associados,https://joaodomingosadv.com
TABOR PRODUCTS IND. E COM. LTDA,https://taborproducts.com
PARANA CARDS IND.E COM. DE CRACHAS LTDA,https://paranacards.com.br
GLOBAL MIX COMERCIAL LTDA,https://globalmixenergiasolar.negocio.site
LUGGI INSTRUMENTOS MUSICAIS LTDA,https://luggi.com.br
HOTEL CASA DA MONTANHA LTDA.,https://casadamontanha.com.br
FORCA AMBIENTAL LTDA.,https://forcaambiental.eco.br
G3 COSMETICOS E EQUIPAMENTOS LTDA,https://g3cosmeticos.com.br
COMPANY HERO LTDA,https://companyhero.com
INSTITUTO DE ESTUDOS DE PROTESTO DE TITULOS DO BRASIL  SECAO RS,https://protestors.com.br
AVANTE INDUSTRIA E COMERCIO DE ALIMENTOS LTDA,https://avanteingredientes.com.br
MICHEL ZAVAGNA GRALHA ADVOGADOS,https://zavagnagralha.com.br
ACEND ILUMINACAO LTDA,https://acend.com.br
BKN BRASIL TECNOLOGIA LTDA,https://bknbrasil.com.br
JUJU LANCONI MULTIMARCAS COMERCIO DE ROUPAS LTDA,https://jujulanconi.com.br
JB SERVICOS DE LIMPEZA COMERCIAL E RESIDENCIAL LTDA,https://jblimpeza.com.br
GLOBALSAT DO BRASIL LTDA,https://globalsat.com.br
CAMARA MUNICIPAL DE BARBACENA,https://camarabarbacena.mg.gov.br
EQUIP NEXT COMERCIO E SERVICOS LTDA,https://nextimplementos.com.br
CSA  CENTRO DE SERVICOS E AUTOMACAO LTDA.,https://csaautomacao.com.br
ASSOCIACAO DEVOTOS DE SAO MIGUEL ARCANJO,https://lojabasilicasaomiguelarcanjo.com
PROVER PROMOCAO DE VENDAS INSTITUICAO DE PAGAMENTO LTDA,https://avancard.com.br
TECNOFINGER  ELETRONICA E EQUIPAMENTOS LTDA,https://tecnofinger.com.br
"NEWSTERI DO BRASIL COMERCIO, IMPORTACAO E EXPORTACAO LTDA",https://newsteri.com
SC IMPORTACAO E COMERCIO DE PECAS INDUSTRIAIS LTDA,https://scimportacao.com.br
PROATIVA GESTAO DE CONDOMINIOS LTDA,https://proativataubate.com.br
BARBARA KIDS COMERCIO DE ROUPAS INFANTIS LTDA.,https://barbarakids.com.br
AMO AROMA COMERCIO E SERVICOS DE PERFUMARIA LTDA,https://amoaroma.com.br
AROMAS DO VALE COMERCIO DE ESSENCIAS E OLEOS LTDA,https://aromasdovale.com.br
KINROSS BRASIL MINERACAO SA,https://kinross.com
EMPORIO HOOKAH TABACARIA E PRESENTES LTDA,https://emporiohk.com.br
RIMA ELETRO ELETRONICA LTDA,https://rmeletroeletronica.com.br
LEVIORA INDUSTRIA E COMERCIO DE ALIMENTOS LTDA,https://leviora.com.br
"MUNDI EQUIPAMENTOS MEDICOS, ODONTOLOGICOS E VETERINARIOS LTDA",https://mundirepresentacoes.com.br
KOBO BRASIL LTDA,https://kobo.com
GELF SIDERURGIA SA,https://gelfsid.com.br
SEALWAY COMERCIO E IMPORTACAO DE VEDACAO LTDA,https://sealway.com.br
BENCH COMUNICACAO LTDA,https://benchcomunicacao.com
BRDECOR COMERCIO E IMPORTACAO DE ARTIGOS PARA FESTAS LTDA,https://brdecor.com.br
BETEC BRASIL INDUSTRIA E COMERCIO DE ELETRONICOS E INFORMATICA LTDA,https://betec.com.br
PRODOESTE VEICULOS E SERVICOS LTDA.,https://prodoeste.com.br
AMAZON BSB PRODUTOS NATURAIS E COSMETICOS LTDA,https://amazonbsb.com.br
A.R.G. S.A.,https://grupoarg.com.br
BRASIL MASTROS IMPORTACAO E COMERCIO DE MASTROS DE FIBRA DE VIDRO LTDA,https://brasilmastros.com.br
FAST VIDROS DISTRIBUIDORA LTDA,https://fastvidrosdistribuidora.com.br
HINOVA EQUIPAMENTOS E SOLUCOES LTDA,https://hinova.com.br
CACAU VEGAN INDUSTRIA DE ALIMENTOS VEGANOS LTDA,https://cacauvegan.com.br
LOGFER PRODUTOS INDUSTRIAIS LTDA,https://logfer.com.br
DIREITO DE OUVIR LTDA,https://direitodeouvir.com.br
"GRUPO MARMO E HIME COMERCIO, IMPORTACAO E EXPORTACAO LTDA",https://gmhtrade.com.br
FCHIC MODA E ACESSORIOS LTDA,https://fchic.com.br
COOPERATIVA AGRO PECUARIA VALE DO RIO DOCE LTDA,https://cooperativa.coop.br
MADE BASICS COMERCIO DE PRODUTOS LTDA,https://madebasics.com
PRUMO ENGENHARIA LTDA,https://prumoengenharia.com.br
A K M SOUZA CONFECCOES LTDA,https://akmtextil.com.br
FORCE CAM LTDA,https://lojaforcecam.com.br
GPHANTOM SIMULADORES PARA TREINAMENTO LTDA,https://gphantom.com
MUNDO DOS MONOCULOS LTDA,https://mundodosmonoculos.com.br
RIEDE MOTOR PECAS LTDA,https://riede.com.br
HEYLULI COMERCIO DE PRODUTOS PARA BEBE LTDA,https://heylulibaby.com.br
EKILEDS INDUSTRIA E COMERCIO DE ACESSORIOS AUTOMOTIVOS LTDA,https://ekileds.com.br
BWINX COMERCIAL LTDA,https://bwinx.com.br
DELIVER IT SERVICOS EM TECNOLOGIA LTDA,https://deliverit.com.br
LABORATOIRES PHYTO TECHNIQUE BRASIL INDUSTRIA E COMERCIO DE COSMETICOS LTDA,https://labophyto.it
POSTO PRATAO LTDA,https://postopratao.com.br
FABRICA DE TECIDOS SANTA MARGARIDA SA,https://santamargarida.ind.br
JKP FABRICACAO E COMERCIO DE ETIQUETAS LTDA.,https://jkrepre.com.br
EXPORTADORA DE CAFE GUAXUPE LTDA,https://guaxupe.com.br
MITRA DIOCESANA DE GUAXUPE,https://guaxupe.org.br
UONIX MONTAGENS E CONSULTORIA TECNICA LTDA,https://uonix.com.br
ASSOCIACAO DE APOIO AO SISTEMA LOGOSOFICO DE EDUCACAO,https://colegiologosofico.com.br
3I IMPORTACAO E EXPORTACAO LTDA,https://3idistribuidora.com.br
SERTECH TREINAMENTO PROFISSIONAL E GERENCIAL LTDA,https://sertechtreinamentos.com.br
SINGULAR COMERCIO DE EQUIPAMENTOS DE PROTECAO INDIVIDUAL LTDA,https://lojadoepi.com
QUANTUM  ENGENHARIA E CONSULTORIA LTDA,https://quantumengenharia.com.br
SCOOTO LTDA,https://scooto.co
KOMENIX COMERCIAL ELETRICA E AUTOMACAO LTDA,https://komenix.com.br
ADLER PELZER PERNAMBUCO INDUSTRIA E COMERCIO DE PRODUTOS PLASTICOS LTDA.,https://adlerpelzer.com
AGUAS DE JAHU SA,https://grupoaguasdobrasil.com.br
MUNICIPIO DE PAINS,https://pains.mg.gov.br
SMOOTECH AVICULTURA LTDA,https://smootechavicultura.com.br
PURIFIKAR SP LOCACAO E DISTRIBUICAO DE PRODUTOS DOMISSANITARIOS LTDA,https://purifikar.com.br
TECHNO SAFE SOLUCOES INDUSTRIAIS LTDA,https://technosafe.com.br
NEO MEDICAL COMERCIAL HOSPITALAR LTDA,https://neomdc.com.br
V3 SHIPPING DO BRASIL LTDA,https://v3shipping.com.br
DIOCESE DE ITABIRA,https://dioceseitabira.org.br
ESTACAO DA MUSICA LTDA,https://estacaodamusica.com
BRASIL ANODIZACAO LTDA,https://brasilanodizacao.com.br
MPI ENGENHARIA LTDA,https://mpiengenharia.com
VOLLENZ  EQUIPAMENTOS MEDICOS LTDA,https://vollenz.com
BFX SOLUCOES TELEFONICAS LTDA,https://bfxsolucoes.com.br
BNT FARMA LTDA,https://benattus.com.br
IBIRITE  CAMARA MUNICIPAL,https://camaraibirite.mg.gov.br
UNIVERSIDADE FEDERAL DE ITAJUBA,https://unifei.edu.br
EDITORA DIMENSAO LTDA,https://editoradimensao.com.br
JOTA JORNALISMO SA,https://jota.com.br
CASA PINTO HOME LTDA,https://casapintohome.com.br
PROTEMAXXI COMERCIO DE PRODUTOS ELETRONICOS LTDA,https://cftvclube.com.br
MERCADAO DOS OCULOS SOL E GRAU FRANCHISING LTDA,https://mercadaodosoculos.com.br
FLEX WORK UNIFORME PROFISSIONAIS LTDA,https://flexworkuniformes.com.br
ALLMINAS DISTRIBUIDORA LTDA,https://allminas.com.br
IOFV   INSTITUTO DE OLHOS FERNANDO VENTURA LTDA,https://iofv.com
V8 CONSULTING S.A.,https://v8consulting.com.br
SPRAYX INDUSTRIA DE EQUIPAMENTOS OPTOELETRONICOS LTDA,https://sprayx.com.br
DM COSMETICOS LTDA,https://dinelux.com.br
ZYXEL COMMUNICATIONS DO BRASIL LTDA.,https://zyxel.com.br
NICOLLY SAPATILHAS COMERCIAL LTDA,https://nicollysapatilhas.com.br
SANMED DISTRIBUIDORA DE PRODUTOS MEDICO  HOSPITALARES LTDA,https://sanmed.com.br
RAIZ EDUCACAO S.A.,https://raizeducacao.com.br
INSTITUTO PAR EDUCACAO,https://institutopar.org
VESTE CHARME MODA FESTA LTDA,https://vestecharme.com.br
ZAPPTS SOLUCOES LTDA,https://zappts.com.br
ECOMASOL INDUSTRIA E COMERCIO DE PECAS PARA AQUECEDOR SOLAR LTDA,https://ts-solar.com.br
ITENIS COMERCIO DE ARTIGOS ESPORTIVOS LTDA,https://itenis.com.br
TERRA BRASIL COMERCIO LTDA,https://terrabrasilpostos.com.br
DATASIDE SOLUCOES EM DADOS LTDA,https://dataside.com.br
ATHYVA FATURAMENTO E SOLUCOES EM SAUDE LTDA,https://athyva.com.br
GATTON PET IMPORTADORA E EXPORTADORA LTDA,https://gatton.com.br
POTENCIAL TECNOLOGIA LTDA,https://potencialtecnologia.com.br
ENCANTOS E CORES COMERCIAL LTDA,https://encantosecores.com.br
MARQUESPAN INDUSTRIA DE ALIMENTOS LTDA,https://marquespan.com.br
CONSULADO GERAL DA HUNGRIA EM SAO PAULO,https://saopaulo.mfa.gov.hu
BASTIAN SOCIEDADE DE ADVOGADOS,https://bastianadvogados.com.br
ELETROPLAC INDUSTRIA E COMERCIO LTDA,https://eletroplac.com.br
JV TUBOS E ACABAMENTOS LTDA,https://jvtubos.com.br
FORMULA BICHOS MANIPULACAO LTDA.,https://formulabichos.com.br
MODELLE LINGERIE LTDA,https://modellelingerie.com.br
CHEFNBOSS INDUSTRIA E COMERCIO DE ALIMENTOS LTDA,https://chefnboss.com.br
RS COMERCIO DE ARTIGOS DE LUXO LTDA,https://railuxurystore.com.br
SOLUCOES INTEGRADAS EM SAUDE E SEGURANCA DO TRABALHO LTDA,https://grupomednet.com.br
SELECT AUTOMACAO TECNOLOGIA DA INFORMACAO E COMERCIO DE INFORMATICA LTDA,https://selectautomacao.com.br
STEFENONI INTERAGRICOLA LTDA,https://stefenoni.com
DELTA TERCEIRIZACOES LTDA,https://deltaterceirizacoes.com.br
Rejuntamix Argamassas Colamix LTDA 21.499.024/0001-07,https://rejuntamix.com.br
FARMA VIVA CAMPINAS LTDA,https://farmaviva.com.br
MOTORA TECNOLOGIA SA,https://motora.ai
VP COMERCIO DE AUTOMOVEIS LTDA,https://viaporto.com.br
CENTRO FASHION EMPREENDIMENTOS LTDA,https://centrofashion.com
BULLBANK PAGAMENTOS LTDA,https://bullbank.com.br
INDUSTRIA METALURGICA PPIENK LTDA,https://ppienk.com.br
MAQUINAS JUNQUEIRA LTDA,https://mjunqueira.com.br
RAIA BRASILL COMERCIO DE ARTIGOS ESPORTIVOS LTDA,https://raiabrasil.com.br
PHARMADELLE FORMULAS LTDA,https://pharmadelle.com.br
COMPANHIA DE SANEAMENTO MUNICIPAL  CESAMA,https://cesama.com.br
SINDICATO DO COMERCIO DE JUIZ DE FORA,https://sindicatodocomercio.org.br
MOVEBUSS SOLUCOES EM MOBILIDADE URBANA LTDA,https://movebuss.com.br
SUPLEN MEDICAL LTDA,https://suplenmedical.com.br
EYEMOBILE TECNOLOGIA S.A.,https://eyemobile.com.br
LAW  BOOKS  CONSULTORIA EDUCACIONAL LTDA.,https://lawbooks.com
SAN PIO  IMPORTADORA E EXPORTADORA LTDA,https://san-pio.com
GEMIX NORDESTE COMERCIO E DISTRIBUICAO DE PECAS E ACESSORIOS AUTOMOTIVOS LTDA,https://gemix.com
SAL GAROPABA LTDA,https://salgaropaba.com.br
SACOLAKI COMERCIAL E DISTRIBUIDORA LTDA,https://sacolaki.com.br
CABANI SPORTS COMERCIAL LTDA,https://cabanisports.com.br
SEGULA SUDESTE ENGENHARIA E TECNOLOGIA LTDA.,https://sudesteengenharia.com.br
ARTHUR ESTEVAM DE OLIVEIRA LTDA,https://oliveira.com.br
BROWBAR FRANCHISING LTDA,https://browbar.com.br
DEKOR MV10 IMPORTACAO E EXPORTACAO LTDA,https://dekormv10.com.br
ALEXANDRE ALBERICO LUIZ DE FARIA LTDA,https://alexandre.com.br
NICE BAG COMERCIO DE BOLSAS E ACESSORIOS LTDA,https://nicebag.com
BILHETERIA DIGITAL PROMOCAO E ENTRETENIMENTO LTDA,https://bilheteriadigital.com.br
SEMAPHORO CONFECCAO DE UNIFORMES CORPORATIVOS LTDA,https://semaphoro.com.br
AURORA ARTEFATOS DE METAIS LTDA,https://aurora.com.br
PARCAMP COMERCIO DE EQUIPAMENTOS INDUSTRIAIS LTDA,https://parcamp.com.br
WEENER BRASIL INDUSTRIA E COMERCIO DE EMBALAGENS PLASTICAS LTDA,https://embalagensplasticas.com.br
ESPACO MODA EVANGELICA LTDA,https://espacomoda.com.br
DENTAL IBITURUNA LTDA,https://dentalibituruna.com.br
FORMA GALERIA QUADROS E OBJETOS LTDA,https://formagaleria.com.br
INNER COMERCIO DE VINHOS LTDA,https://inner.com
TAPERA COMERCIO LTDA,https://tapera.com.br
EVEREST INTERNACIONAL COMERCIO E IMPORTACAO LTDA,https://internacional.com.br
TREVO 4 COMERCIO DE COMBUSTIVEIS LTDA,https://trevo.org.br
FIVE SOLUCOES EM IMAGENS LTDA.,https://imagens.net.br
KYOSHI FIGHT CONCEPT SPORTS LTDA,https://conceptsports.com
ATACADAO DO ARTESANATO MADEIRA LTDA,https://atacadao.com.br
MAGIC STORE BRASIL EDITORA E DISTRIBUIDORA LTDA,https://brasileditora.com.br
MOBILE PROMO BRINDES LTDA,https://mobilepromo.com.br
GYNTOOLS COMERCIO DE FERRAMENTAS PARA USINAGEM LTDA,https://gyntools.com.br
PARA DETECTORES  TECNOLOGIA LTDA,https://detectores.com.br
BRECHO LA PREMIERE LTDA,https://brecho.com.br
A S AMORIM PRODUCOES E EVENTOS,https://eventos.com.br
POWER SOLUTIONS BRASIL SISTEMAS DE AUTOMACAO E POTENCIA LTDA,https://powersolutions.com
W. G. LACRES LTDA,https://lacres.com.br
ROCHA ALVES TOPOGRAFIA LTDA,https://rochaalvestopografia.com.br
WTRADE INTERMEDIACAO DE NEGOCIOS LTDA,https://negocios.com.br
MG ANDAIMES LOCACAO E MONTAGEM LTDA,https://mgandaimes.com.br
LITER INDUSTRIA E COMERCIO LTDA,https://liter.com.br
PLACASIL INDUSTRIA E COMERCIO LTDA,https://placasil.com.br
F M F DE SOUZA CONFECCOES LTDA,https://souzaconfeccoes.com.br
MERITO BRINDES E PREMIACOES - LTDA,https://merito.com.br
CANDY MASTER INDUSTRIA E COMERCIO LTDA,https://candymaster.com.br
PARANA RACING COMERCIO DE AUTOPECAS LTDA,https://paranaracing.com
JUSTI  BOSCHESI LTDA,https://justi.io
LOG LAB  COMERCIO DE PRODUTOS DE LABORATORIO,https://loglab.com.br
GRADISA SOLUCOES EM FERRO LTDA,https://gradisa.com.br
CATALIVROS DISTRIBUIDORA COMERCIO LTDA,https://catalivros.com.br
2THEDRESS LOCACAO E COMERCIO LTDA,https://2thedress.com.br
CUMBUQUINHAS LTDA,https://cumbuquinhas.com.br
OTTOM AUTOMACAO LTDA,https://ottom.io
SORETTO INDUSTRIA E COMERCIO LTDA.,https://soretto.com.br
JOITEC DISTRIBUIDORA DE PECAS LTDA,https://joitec.com.br
SOUTH MERIDIAM MOTORS COMERCIO DE PECAS LTDA,https://motors.com.br
HIDRAUCONEX MATERIAIS HIDRAULICOS LTDA,https://hidrauconex.com.br
BAMBOLA INDUSTRIA E COMERCIO DE BRINQUEDOS LTDA.,https://bambolabrinquedos.com.br
MUNDO DAS MINIATURAS LTDA,https://mundo.com
FUNPRO COMERCIO E IMPORTACAO LTDA,https://funpro.com.br
MEDISOCIAL MEDICINA OCUPACIONAL LTDA,https://ocupacional.com.br
S J SPORTS COMERCIO DE ARTIGOS ESPORTIVOS LTDA,https://sports.com
BC COMERCIO DE COSMETICOS LTDA,https://cosmeticos.com.br
JOHNNY BORDADOS LTDA,https://johnnybordados.com.br
CORES E CURVAS LIFESTYLE FASHION LTDA,https://lifestylefashion.com
SOULPAY SOLUCOES DE PAGAMENTOS LTDA,https://soulpay.com.br
J. R. FUNARI LTDA,https://funari.com.br
UPNOVA COSMETICOS LTDA,https://cosmeticos.com.br
WL COMERCIO DE VEDACOES LTDA,https://wlvedacoes.com.br
ACAO MED MEDICINA DO TRABALHO E SAUDE OCUPACIONAL LTDA,https://acaomed.com.br
LIVRAMENTO INDUSTRIA E COMERCIO DE ESTOFADOS LTDA,https://estofados.net.br
PRO VINTE E DOIS CONSULTORIA EM GESTAO LTDA,https://gestao.com.br
STAFF JEANS LTDA,https://staffjeans.com
FLORIDA TEXTIL LTDA,https://floridatextil.com.br
LA PHARMACIE LTDA,https://lapharmacie.com.br
STRATI SOLUCOES E SERVICOS EM TI LTDA,https://strati.io
PRATIK PRO COMERCIO DE COSMETICOS LTDA,https://pratikpro.com.br
ALTER ADMINISTRADORA DE BENEFICIOS S.A,https://beneficios.org.br
CONCEITO COMERCIO DE MODA LTDA,https://conceitomoda.com.br
EONIBUS COMERCIO ELETRONICO LTDA,https://eonibus.com.br
REPORT CERTIFICACAO DIGITAL LTDA,https://certificacaodigital.com.br
POLLYANNA AMARAL LOPES  LTDA,https://amarallopes.com
TIK TAK INDUSTRIA E COMERCIO DE MATERIAL GRAFICO LTDA,https://tiktak.com.br
DURMATOP ESPECIALISTA EM CONFORTO LTDA,https://conforto.com.br
INTERNACIONAL COMISSARIA DE DESPACHOS ADUANEIROS LTDA,https://internacional.com.br
TATIANA BARROS VOLTANI TERCARIOL LTDA,https://tatianabarros.com
GARIMPO DAS JOIAS TRIBST  TRIBST LTDA,https://garimpojoias.com.br
MAJESTOSA TRICOT LTDA,https://majestosa.com.br
VIGITRACK RASTREAMENTO LTDA,https://vigitrack.com.br
CLINICA DE DERMATOLOGIA DRA. RITHA CAPELATO ROCHA LTDA,https://clinicadermatologia.com.br
AUMAX AUTOMACAO E DISTRIBUICAO LTDA,https://aumax.com.br
BARBA BRAVA LTDA,https://barbabrava.com.br
A OFICIAL COMERCIO DE ARMAS E MUNICOES LTDA,https://oficial.com.br
DGROOVE ACESSORIOS LTDA,https://dgroove.com.br
M.A.M ESPORTES LTDA,https://esportes.com.br
TRATUS INDUSTRIA E COMERCIO DE PLASTICOS LTDA,https://tratusplasticos.com.br
PEDALWATER COMERCIO E SERVICOS LTDA,https://pedalwater.com.br
PONTELLO DU VIN SOCIEDADE UNIPESSOAL LTDA,https://pontelloduvin.com.br
DON JOVI CUECAS LTDA,https://donjovi.com
GULOZITOS ALIMENTOS LTDA,https://alimentos.com.br
THERMTRONIC GLOBAL LTDA,https://thermtronic.com.br
HOLI MODA INDIANA LTDA,https://indiana.com.br
COSI HOME DECORACOES E ESTAMPAS LTDA,https://cosihome.com
G.D NASCIMENTO CALCADOS LTDA,https://nascimento.net.br
"AUTO AVALIAR TECNOLOGIA, PUBLICIDADE E INTERMEDIACAO DE NEGOCIOS E SERVICOS S.A.",https://autoavaliar.com.br
ECONFER FABRICACAO E COMERCIO DE ARTEFATOS PLASTICOS LTDA,https://econfer.com.br
MR TECH SERVICO TECNICO DE MANUTENCAO EM APARELHOS ELETROMEDICOS LTDA,https://mrtech.com
JE DOS SANTOS COMERCIO LTDA,https://jesantos.com
SOCIAL WAVE TELEATENDIMENTO LTDA,https://socialwave.com
CONEXAO SERVICOS E SOLUCOES GERENCIADAS LTDA,https://conexao.com.br
TOCA MILITAR ARTIGOS MILITARES  CAMPING  LTDA,https://tocamilitar.com.br
PESSATTI CONFECCOES LTDA,https://pessatticonfeccoes.com.br
L H MACHADO E COELHO LTDA,https://coelho.com.br
DURACELL COMERCIAL E IMPORTADORA DO BRASIL LTDA.,https://duracell.com
LIDER INDUSTRIA ELETRONICA LTDA,https://lidereletronica.com.br
VERMELHO BATON COMERCIO DE ROUPAS E ESSENCIAS LIMITADA,https://vermelho.com.br
ESTETICABIO DISTRIBUIDORA DE PRODUTOS PARA A SAUDE ESTETICA LTDA,https://esteticabio.com.br
INOXUL INDUSTRIA E COMERCIO LTDA,https://inoxul.com.br
EURO TEAM COMERCIO LTDA,https://euroteam.com
CACHOEIRO PRODUTOS OTICOS LTDA,https://cachoeiro.com.br
PREVENCAO MEDICINA E SEGURANCA DO TRABALHO LTDA,https://prevencaomedicina.com.br
BIOPULSE BRASIL LTDA,https://biopulse.tech
LORY LINGERIE LTDA,https://lorylingerie.com.br
SANTA LUZIA CAMARA MUNICIPAL,https://santaluzia.com.br
SUPER25 COMERCIO ELETRONICO LTDA,https://super25.com.br
SENSORIC AUTOMACAO LTDA,https://sensoric.com.br
MILETO MODAS LTDA,https://miletomodas.com.br
DMX COMUNICACAO LTDA,https://comunicacao.org.br
JC COMERCIO DE MEDICAMENTOS LTDA,https://medicamentos.com.br
"BRASIL PISCIS INDUSTRIA, COMERCIO, IMPORTACAO E EXPORTACAO DE PRODUTOS PARA PISCICULTURA LTDA",https://brasilpiscis.com.br
UPPER DOG COMERCIAL LTDA,https://upperdog.com
BLEND EMPORIO LTDA,https://blend.com.br
POR ACASO BRECHO SOCIEDADE UNIPESSOAL LIMITADA,https://poracasobrecho.com.br
KAMI SUSHI LTDA,https://kamisushi.com
TROPICAL INDUSTRIA DE ALIMENTOS SA,https://alimentos.com.br
TOP LUXO PROMOCOES E PUBLICIDADE LTDA,https://topluxo.com.br
CROMOSSOMOS MEDICINA PERSONALIZADA LTDA,https://cromossomos.com.br
V. T. VASCONCELOS LTDA,https://vasconcelos.com.br
FITA AZUL TRANSPORTES E LOGISTICA LTDA,https://fitaazul.com.br
MUNICIPIO DE MINAS NOVAS,https://municipio.net.br
MONFIZA COMERCIO E IMPORTADORA LTDA,https://monfiza.com.br
JF COMERCIO DE MATERIAL E MEDICAMENTOS HOSPITALES LTDA,https://jfmaterial.com
LEQUIPO ESPORTES LTDA,https://esportes.com.br
R AISAWA HARA MUSIC COMERCIO E SERVICOS,https://haramusic.com
ATELIE VAL VERAS MODAS LTDA,https://atelieval.com.br
SANESOLUTI COMERCIO DE INSTRUMENTACAO E CONTROLE LTDA,https://sanesoluti.com.br
SR BRASIL SERVICOS LTDA,https://srbrasil.com.br
MUNICIPIO DE MONSENHOR PAULO,https://municipio.net.br
TRITUE CONFECCOES LTDA,https://tritue.com.br
SIGNIFY ILUMINACAO BRASIL LTDA.,https://signifyiluminacao.com.br
CW ADUANA ASSESSORIA EM COMERCIO EXTERIOR LTDA,https://cwaduana.com.br
ALESSANDRA ARAUJO E SILVA BARROS LTDA,https://alessandraaraujo.com.br
"HYGION COMERCIO, IMPORTACAO E EXPORTACAO DE EQUIPAMENTOS ESTETICOS LTDA.",https://hygion.com.br
JULIEN SOCKS CONFECCOES LTDA.,https://juliensocks.com.br
BAMBOLE EDITORA E LIVRARIA LTDA,https://livraria.net.br
A C L ASSISTENCIA E COMERCIO DE PRODUTOS PARA LABORATORIOS LTDA,https://assistencia.com.br
S.O. ALVES MOREIRA ARTIGOS RELIGIOSOS LTDA,https://alvesmoreira.com
MIX CANECAS LTDA,https://mixcanecas.com.br
JESSICA MENDES COSMETICOS LTDA,https://jessicamendes.com
OMNI HYPNOSIS TRAINING CENTER BRASIL LTDA,https://omnihypnosistraining.com
FOCO METALLO FABRICACAO E MONTAGEM DE LUMINARIAS E COMERCIO LTDA,https://focometallo.com.br
FARMACIA IMPERATRIZ LTDA,https://imperatriz.com.br
MUNICIPIO DE CORACAO DE JESUS,https://municipio.net.br
MUNICIPIO DE FRANCISCO SA,https://francisco.net.br
MAGAZINE TORRA TORRA LTDA,https://magazine.net.br
WORKS SEGURANCA E MEDICINA DO TRABALHO LTDA,https://trabalho.com.br
INKLUA SERVICOS PARA INCLUSAO DE PCD LTDA,https://inklua.com.br
BOCA ROSA COMPANY LTDA,https://bocarosa.com.br
SINDICATO DO COMERCIO DE TEOFILO OTONI E REGIAO,https://sindicato.com.br
ALVO TERCEIRIZACAO EM SERVICOS ESPECIALI,https://alvoterceirizacao.com.br
CURSO BETA ONLINE LTDA,https://cursobeta.com.br
BENETHERM EPIS E PRODUTOS TERMICOS LTDA,https://benetherm.com.br
ECRAN STUDIOS CRIACOES ARTISTICAS E COMERCIO LTDA,https://ecranstudios.com.br
CARD SUPPLY SOLUCOES EM IDENTIFICACAO LTDA,https://cardsupply.com
ASSOCIACAO EDITORA INSPIRE,https://editorainspire.com.br
TEM VIDA PRODUTOS PARA A SAUDE E BEM ESTAR LTDA,https://temvida.com.br
COSTA LIMA COMERCIO DE RELOGIOS E ACESSORIOS LTDA,https://costalima.com.br
BALCAO DO ELETRO LTDA,https://eletro.org.br
INDUSTRIA E COMERCIO DE ROUPAS IRMAOS SOARES LTDA,https://irmaossoares.com.br
DA MATTA DESIGN LTDA,https://mattadesign.com
PATUA DISCOS LTDA.,https://patuadiscos.com.br
ASSURANT SOLUTIONS COMERCIO E SERVICOS DE EQUIPAMENTOS ELETRONICOS LTDA.,https://assurantsolutions.com.br
GENVOLT GERADORES E SERVICOS LTDA,https://genvolt.com.br
COOPERATIVA TRANSPORTADORES DO SUL  COOTRASUL,https://cootrasul.com.br
PHP REPRESENTACOES E COMERCIO EIRELI,https://phprepresentacoes.com.br
DIESELLINE SOLUCOES DIESEL LTDA,https://diesel.com.br
ELITE COMERCIAL E IMPORTADORA LTDA,https://elite.com.br
PFK IMPORT COMERCIO DE JOIAS ALTERNATIVAS LTDA,https://alternativas.com.br
GS TRATOR PECAS IMPORTACAO COMERCIO E SERVICOS LTDA,https://gstrator.com.br
M.C. GUEDES MERCADO LTDA,https://mercado.net.br
PMU GROUP BRASIL LTDA,https://pmugroup.com
MYCHARM COMERCIO LTDA,https://mycharm.io
AUTO POSTO CATARINENSE LTDA,https://autoposto.com
QUICKFLOW SERVICOS GRAFICOS LTDA,https://graficos.com.br
ALERE ALIMENTACAO E SERVICOS LTDA,https://alerealimentacao.com
RM CONSULTORIA EMPRESARIAL LTDA,https://rmempresarial.com.br
ESTELA MIAZZI VIEIRA ARTISTA VISUAL LTDA,https://visual.com.br
D C M MIMOS PERSONALIZADOS LTDA,https://mimospersonalizados.com.br
LA CASA 1973 CHARUTOS E PRESENTES LTDA,https://lacasa.com.br
SCARPA EDITORA LTDA,https://scarpaeditora.com.br
TRACTORBEL EQUIPAMENTOS LTDA,https://tractorbelequipamentos.com.br
ECOVOLTS INDUSTRIA E COMERCIO DE PECAS E ACESSORIOS LTDA,https://ecovolts.com.br
LEANDRO DE OLIVEIRA LTDA,https://leandrooliveira.com.br
ULTRA KIDS COMERCIO DE ROUPAS E ACESSORIOS LTDA,https://ultrakids.com
LEDS ONE COMERCIO DE MATERIAIS ELETRICOS LTDA,https://ledsone.com.br
AMYPETS COMERCIO E PERSONALIZADOS LTDA.,https://personalizados.com.br
CONHECIMENTO LIVRARIA EDITORA E DISTRIBUIDORA LTDA,https://conhecimentolivraria.com.br
SELF IT ACADEMIAS HOLDING S.A.,https://selfit.com.br
KOMANDANT PARTS COMERCIO E DISTRIBUIDORA DE AUTO PECA LTDA,https://komandantparts.com.br
SLV SHOES CALCADOS LTDA,https://slvshoes.com
LAGO CARPA LTDA,https://lagocarpa.com.br
TABACO DO VEIO PIMENTA LTDA,https://veiopimenta.com
JG METAIS LTDA,https://jgmetais.com.br
DIRECTALOG LOGISTICA LTDA,https://directalog.com.br
GRITO DA MODA ROUPAS LTDA,https://grito.com.br
IAV  INSTITUTO AGUA VIVA,https://aguaviva.org.br
IAV - INSTITUTO AGUA VIVA,https://aguaviva.org.br
ROBOMIND EDITORA LTDA,https://robomind.com.br
MR FOGOES INDUSTRIA METALURGICA LTDA,https://mrfogoes.com.br
CRIPPA ENGENHARIA AMBIENTAL LTDA,https://crippa.com.br
R BRANDAO COMERCIO E SERVICOS,https://brandao.com.br
DONNA LILLY COMERCIO DE ROUPAS E ACESSORIOS LTDA,https://donnalilly.com.br
VITRINE DO COWBOY ROUPAS E ACESSORIOS LTDA,https://vitrine.net.br
MF ENVIOS LTDA,https://mfenvios.com.br
Escola de Apicultura LTDA,https://escola.com
DAHUA TECHNOLOGY BRASIL COMERCIO E SERVICOS EM SEGURANCA ELETRONICA LTDA.,https://dahuatechnology.com
PREMIA PAO GESTAO DE FRANQUIAS LTDA,https://gestaofranquias.com.br
ELIAS E BRITO ASSISTENCIA TECNICA LTDA.,https://tecnica.com.br
TOP LAMPADAS COM LTDA,https://toplampadas.com.br
CULTURABRASIL COMERCIO DE LIVROS LTDA,https://livros.com.br
CLAUDIO AMATO NUMISMATICA LTDA,https://claudio.com.br
RENATO MORAES SANTANA LTDA,https://renatomoraes.com.br
DELLA FINA  BONANI COMERCIO IMPORTACAO E EXPORTACAO LTDA,https://dellafina.com.br
KONICA MINOLTA BUSINESS SOLUTIONS DO BRASIL LTDA,https://konicaminolta.com.br
PAGE SUPRIMENTOS DE INFORMATICA LTDA,https://pagesuprimentos.com.br
PEDRA CONSTRUTORA LTDA,https://pedraconstrutora.com
GIRO PAGAMENTOS E TECNOLOGIA LTDA,https://giropagamentos.com.br
BRASIL CADEIRAS IMPORTACAO E EXPORTACAO LTDA,https://brasilcadeiras.com
EDIMED  CLINICA MEDICA E MEDICINA DO TRABALHO LTDA,https://edimed.com.br
MUNDO TECH COMERCIO VAREJISTA ELETRONICO LTDA,https://mundotech.net.br
ATTIVA ECO PECAS LTDA,https://attiva.net.br
FK COSMETICA LTDA,https://cosmetica.com.br
MUNICIPIO DE LAGOA GRANDE,https://municipio.net.br
"ALPHA E OMEGA COMERCIO, SERVICO",https://alphaomega.com.br
SERVMAIS COMERCIO DE ACESSORIOS E DESCARTAVEIS PARA ESTETICA LTDA,https://servmais.com.br
S3 FOODS LTDA,https://s3foods.com.br
"ATMA EDITORA, LIVRARIA, DISTRIBUIDORA E CONSULTORIA EDUCACIONAL LTDA",https://livraria.net.br
MANA COMERCIO DE ALIANCAS DE MOEDAS ANTIGAS LTDA,https://manaaliancas.com.br
TIAGO ROGERIO AMORIM DISTRIBUIDORA,https://rogerioamorim.com.br
OMNII FAST COMERCIO DE ARTIGOS DE USO PESSOAL E DOMESTICO LTDA,https://omniifast.com.br
PRATA DOS SANTOS IND E COM LTDA,https://pratasantos.com.br
LIVRARIA CRISTA SARZEDAS LTDA,https://livrariacrista.com
E. J. NUNES CHAVEIRO LTDA,https://nuneschaveiro.com.br
EDITORA MOSTARDA DO BRASIL LTDA,https://editoramostarda.com.br
TERMOLAB CENTRAL ANALITICA DE LABORATORIOS LTDA,https://centralanalitica.com.br
A BRASILIANA PIZZAS E MASSAS LTDA,https://brasilianapizzas.com.br
FARMACIA DROGAMINAS DE CAXAMBU LTDA,https://farmaciadrogaminas.com.br
MASTER COMERCIO DE LIVROS E EDITORA LTDA,https://master.com.br
SUIT E TIE STORE COMERCIO DE CONFECCOES E ACESSORIOS LTDA,https://storeconfeccoes.com.br
COOPERATIVA MISTA AGRO PECUARIA DE PARAGUACU LTDA,https://paraguacu.com.br
MASTERCON GESTAO DE CONDOMINIOS E ASSESSORIA LTDA,https://mastercon.com.br
SOLID CONSULTING LTDA,https://solidconsulting.com.br
YES SIR EMPREENDIMENTOS LTDA,https://yessir.com.br
ILUX INDUSTRIA E COMERCIO DE LUMINARIAS LTDA,https://luminarias.com.br
"SINGULAR  SAUDE, MEDICINA E SEGURANCA DO TRABALHO LTDA",https://singularsaude.com.br
CASA VERDE COMERCIO DE METAIS LTDA,https://casaverde.com.br
STUDIO S A LTDA,https://studio.com.br
MUNICIPIO DE CAETANOPOLIS,https://municipio.net.br
FIRST DOWN LTDA,https://firstdown.com.br
AUTO POSTO VIAJANTES LTDA,https://autoposto.com
ARRUD ESTUFAS AGRICOLAS LTDA,https://arrudestufas.com.br
ID3A EVENTOS LTDA,https://eventos.com.br
MELHORETEC TECNOLOGIA  VENDA E LOCACAO DE EQUIPAMENTOS LTDA,https://melhoretec.com.br
4EN SAUDE E PRODUCOES LTDA,https://4ensaude.com.br
MUNICIPIO DE PASSA QUATRO,https://passaquatro.com
NATURAL KINGDOM PET SHOP E AGRONEGOCIO LTDA,https://naturalkingdom.com.br
LAUDO LABORATORIO AVICOLA UBERLANDIA LTDA,https://uberlandia.com.br
EUROPA COMERCIO E DISTRIBUICAO LTDA,https://europa.com.br
SO BLOCOS COMERCIO E SERVICOS OTICOS LTDA.,https://soblocos.com
DOUTOR MASSAGGIO LOCACAO DE CADEIRAS DE MASSAGENS LTDA.,https://doutormassaggio.com.br
BERTHAX SURGICAL LTDA,https://berthax.com.br
FLASH TRAINING DESENV PROFIS LTDA,https://flashtraining.com.br
DM ESTUDIO CRIATIVO LTDA,https://estudiocriativo.com.br
LODORAT COSMETICOS LTDA,https://cosmeticos.com.br
TWSOLUTIONS TELECOMUNICACOES LTDA,https://twsolutions.com.br
INSTITUTO DE NEFROPATOLOGIA LTDA,https://nefropatologia.com.br
AMBIENTAL RB COMERCIO E SERVICOS LTDA,https://ambientalrb.com.br
SCERA MODA FEMININA LTDA,https://modafeminina.com.br
MARI  MARA MODAS E ACESSORIOS LTDA,https://maramodas.com.br
VGC COMERCIO DE PECAS E MAQUINAS DE COSTURA LTDA,https://vgcmaquinas.com
DONDOCA COLLECTION LTDA,https://dondocacollection.com.br
CALVALTEC INDUSTRIA DE MAQUINAS LTDA,https://calvaltecmaquinas.com.br
ADPLAN TAUBATE ADMINISTRACAO DE CONDOMINIOS LTDA,https://adplan.com.br
LIV UP COMERCIO DE ALIMENTOS LTDA,https://livup.com.br
INDUSTRIA DE RACOES PATENSE LTDA,https://patense.com.br
SIPCAM NICHINO BRASIL S.A.,https://sipcamnichino.com.br
2K JEANS LTDA,https://2kjeans.com.br
"THREE LIFE LAB INDUSTRIA DE ALIMENTOS, COSMETICOS E SERVICOS LTDA",https://cosmeticos.com.br
LC INTERNATIONAL ASSESSORIA LTDA,https://lcinternational.com
EXSEN EXCELENCIA EM SERVICOS LTDA,https://excelencia.com.br
ECP ENGENHARIA LTDA,https://ecpengenharia.com.br
WOOL LINE CONFECCOES LTDA,https://woolline.com.br
TRIJET CODING COMERCIO DE EQUIPAMENTOS INDUSTRIAIS LTDA,https://trijetcoding.com.br
CONLIFE INSTITUICAO E PROCESSAMENTO DE PAGAMENTOS SA,https://conlife.com.br
SUN LIV COMERCIO DE CONFECCOES LTDA,https://sunliv.com.br
ESMALTERIA BH COSMETICOS LTDA,https://cosmeticos.com.br
HOSPITAL OTOCLINICA LTDA,https://hospitalotoclinica.com.br
VIVER BEM ASSISTENCIA HOSPITALAR DOMICILIAR LTDA,https://viverbem.com.br
UNIASO UNIDADE DE ATENDIMENTO A SAUDE OCUPACIONAL LTDA,https://ocupacional.com.br
FORMATTO PUXADORES E FECHADURAS LTDA,https://formattopuxadores.com.br
CRISTIANE PEREIRA DE SOUZA LTDA,https://cristianepereira.com
GRAFICA E EDITORA PIFFERPRINT LTDA,https://graficaeditora.com.br
SAPATARIA NET COMERCIO DE CALCADOS LTDA,https://sapatarianet.com.br
"KACHO MARKETING DIGITAL, COMUNICACAO E COMERCIO VAREJISTA LTDA",https://digitalcomunicacao.com.br
F.K CHEAP STORE COMERCIAL LTDA,https://cheapstore.com.br
LILI'S BRAND COMERCIO DE ROUPAS LTDA,https://lilibrand.com
MUNICIPIO DE PIRANGA,https://municipio.net.br
RAPHAEL PAIVA FREIRE SOCIEDADE INDIVIDUAL DE ADVOCACIA,https://raphaelpaiva.com
MAXI MOVEIS E PAPELARIA LTDA,https://maximoveis.com.br
ORIGINAL B ALIMENTOS LTDA.,https://alimentos.com.br
ANDAR ANDAR COMERCIO VAREJISTA DE CALCADOS LTDA,https://andarandar.com.br
DJULIAN COMERCIO LTDA,https://djulian.com.br
GENIUS SOLUTIONS  COMERCIO ATACADISTA LTDA,https://geniussolutions.com
PSICOCLINICA COMERCIO VAREJISTA DE LIVROS E TESTES PSICOLOGICOS LTDA,https://testespsicologicos.com.br
ASSOCIACAO UNIVIDA DE SANTA RITA DO PASSA QUATRO,https://passaquatro.com
SINDICATO DOS TRABALHADORES EM CORREIOS E TELEGRAFOS E SIMILARES NO ESTADO DO CEARA,https://sindicato.com.br
SYSTEM PRODEC SIGNAL SERVICOS DE SINALIZADORES LTDA,https://prodec.com.br
PLUGIFY TECNOLOGIA SA,https://plugify.com.br
LOJAS CATS SG COMERCIO DE ROUPAS LTDA,https://lojas.net.br
URANIA PLANETARIO MOVEL ORGANIZACAO DE EVENTOS LTDA,https://uraniaplanetario.com.br
POLLIS COMERCIO DE MATERIAIS DE CONSTRUCAO LTDA,https://construcao.com.br
SCHULZ COMPRESSORES LTDA,https://compressores.com.br
UNICOBA ENERGIA S.A EM RECUPERACAO JUDICIAL,https://recuperacaojudicial.com.br
NATALIA R. SILVESTRIN LTDA,https://silvestrin.com.br
LEVTECK TECNOLOGIA VIVA LTDA,https://levteck.com.br
TRINCA Z COMERCIO DE ARTIGOS USADOS LTDA.,https://usados.com.br
GRAFICA E EDITORA QUATRO LTDA,https://graficaeditora.com.br
SL SERVICOS E ORG DE EVENTOS LTDA,https://eventos.com.br
VALUE COMERCIO IMPORTACAO E EXPORTACAO LTDA,https://value.com.br
PORTO BALANCAS LTDA,https://portobalancas.com.br
"PORTELA, LIMA, LOBATO  COLEN SOCIEDADE DE ADVOGADOS",https://sociedadeadvogados.com.br
SINDICATO DOS TRAB NO SERV PUBLICO FEDERAL DO EST DO CEARASINTSEF,https://sindicato.com.br
HELIBOMBAS  INDUSTRIA E COMERCIO DE BOMBAS HELICOIDAIS LTDA EM RECUPERACAO JUDICIAL,https://helibombas.com.br
SCR JOALHERIA LTDA,https://joalheria.com.br
SG TECNOLOGIA EM NUTRICAO LTDA,https://nutricao.com
NEW CONCEPT INDUSTRIA E COMERCIO DE COSMETICOS LTDA,https://newconcept.com
BSTRAC SOLUCOES EM RASTREADORES LTDA,https://bstrac.com.br
MUNICIPIO DE ITAU DE MINAS,https://municipio.net.br
VICAE COSMETIC  COMERCIAL LTDA,https://vicaecosmetic.com.br
SUPER MAMAE LTDA,https://supermamae.com.br
PLATO EMPREENDIMENTOS DE CONSTRUCAO LTDA,https://construcao.com.br
F. J. TECFRIO AUTOMACAO INDUSTRIAL LTDA,https://tecfrio.com.br
FAST2 MINE TECNOLOGIA E DESENVOLVIMENTO DE SISTEMAS LTDA,https://fast2mine.com
SHHC SAUDE SOLUCOES INTEGRADAS LTDA,https://integradas.com.br
ACENDE A LUZ ILUMINACAO LTDA,https://luziluminacao.com.br
ASSOREL BRASIL ADMINISTRADORA DE BENEFICIOS LTDA,https://assorelbrasil.com.br
ENIGMA PRIME ALIANCAS LTDA,https://enigma.com.br
DLW INDUSTRIA DE COSMETICOS E PERFUMARIA LTDA,https://dlwcosmeticos.com
CARTON WEGA INDUSTRIA DE EMBALAGENS SA,https://cartonwega.com.br
MUNDO DOS ARMARINHOS LTDA,https://mundo.com
LOJA DESIGN MANIA LTDA,https://designmania.com.br
CORVANI FACAS ESPECIAIS LTDA,https://corvani.com.br
INOVACAO ETIQUETAS TELECOM LTDA,https://inovacaoetiquetas.com.br
NFS RACING INDUSTRIA E COMERCIO DE PECAS LTDA,https://nfsracing.com.br
IT.ART TECNOLOGIA S.A.,https://itart.com.br
JC SOLUCOES EM SAUDE  DOMICILIAR LTDA,https://saudedomiciliar.com
MZ ACESSORIOS PARA AUTOS LTDA,https://mzautos.com
PRECO PRATICO SOLUCOES COMERCIAIS LTDA,https://precopratico.com.br
FPS  FIX PRO SERVICE SERVICOS E COMERCIO LTDA.,https://proservice.com.br
LOTEADORA LAGUILO LTDA,https://laguilo.com.br
SINDICATO DOS TRABALHADORES ATIVOS APOSENTADOS E PENSIONISTAS DO SERVICO PUBLICO FEDERAL NO ESTADO DE MINAS GERAIS  SINDSEPMG,https://sindicato.com.br
FTTX BRASIL TELECOM IMPORTACAO COMERCIO E SERVICOS LTDA,https://telecom.com.br
ELTECH COMERCIAL LTDA,https://eltech.tech
ARYBELA COSMETICOS LTDA,https://arybelacosmeticos.com.br
VITAL BODY LIFESTYLE LTDA,https://vitalbody.com.br
COMPONENTE BRASIL INDUSTRIA E COMERCIO DE INJETADOS LTDA,https://componentebrasil.com.br
MB COMERCIO DE MAQUINAS E EQUIPAMENTOS LTDA,https://maquinasequipamentos.com.br
SPS SOLUCOES EM PECAS PARA SANEAMENTO LTDA,https://spssaneamento.com.br
DECORA FAST COMERCIO DE DECORACAO E SERVICO DE TRANSPORTE LTDA,https://decorafast.com.br
ALENCAR DA SILVA TERRA COMERCIO DE ARTIGOS PARA PESCA LTDA.,https://alencar.com.br
FARMACIA PARACELSUS LTDA,https://farmaciaparacelsus.com
OSRAM COMERCIO DE SOLUCOES DE ILUMINACAO LTDA.,https://osram.com.br
ALUMINIO CIRCULAR LTDA,https://circular.org.br
XEQUE MATE BEBIDAS LTDA,https://xequematebebidas.com.br
"ENE2ESE GEMAS, JOIAS E ENGENHARIA LTDA",https://ene2ese.com.br
R  G MAQUINAS INDUSTRIAIS LTDA,https://maquinasindustriais.com
ASSOCIACAO BRASILEIRA PARA GESTAO DA LOGISTICA REVERSA DE PRODUTOS DE ILUMINACAO  RECICLUS,https://reciclus.org.br
APPARTE LIVRARIA E EDITORA DE LIVROS E REVISTAS LTDA,https://revistas.com.br
RESERVA FINA COMERCIO DE CALCADOS LTDA,https://reservafina.com
DROGAVET RECIFE FARMACIA DE MANIPULACAO LTDA,https://drogavet.com.br
MG CONTROLE DE ACESSO LTDA,https://controleacesso.com.br
UCONDO TECNOLOGIA S.A.,https://ucondo.com.br
CD EMBALAGENS LTDA,https://cdembalagens.com.br
PRINT INDUSTRIA E COMERCIO DE ARTIGOS DE FOTOCORROSAO LTDA,https://print.com
ELEKTRA REFRIGERACAO  AUTOMACAO INDUSTRIAL LTDA,https://elektra.net.br
MIAMI IMPORTADOS COMERCIO E DISTRIBUIDORA LTDA,https://miamiimportados.com.br
TRITENGO COMERCIO LTDA,https://tritengo.com.br
LIGUE LACRES LTDA,https://liguelacres.com.br
GHISI COMERCIO DE VINHOS LTDA,https://ghisi.com.br
CETEST MINAS ENGENHARIA E SERVICOS SA,https://cetestminas.com.br
DOUTOR PALMILHA LTDA,https://doutorpalmilha.com.br
SUPLEMENTAR PRODUTOS NATURAIS LTDA,https://suplementar.com.br
SILMAQUINAS E EQUIPAMENTOS LTDA,https://silmaquinas.com.br
ABC MAIS TELECOM LTDA,https://abcmaistelecom.com.br
OPORTUNO DISTRIBUIDORA DE MAQUINAS E FERRAMENTAS LTDA,https://ferramentas.com.br
VORTEX DIGITAL LTDA,https://vortex-digital.com
DV VENTOSAS COMERCIO DE PRODUTOS PNEUMATICOS LTDA,https://dvventosas.com.br
DUNAMIS SEMI JOIA LTDA,https://semijoia.com
FACULDADE DE DIREITO 8 DE JULHO LTDA,https://faculdadedireito.br
SINDICATO DOS SERVIDORES PUBLICOS FEDERAIS ESTADO DE PE,https://sindicatoservidores.com.br
MATTEX COMERCIO E INDUSTRIA TEXTIL LTDA,https://mattex.com
KRAFT MOTORES LTDA,https://kraftmotores.com.br
FANDOM COMERCIO E SERVICOS LTDA,https://fandom.tech
BFB FOODS BRASIL LTDA,https://bfbfoods.com
SHIPPIFY TECNOLOGIA LTDA,https://shippify.com.br
RENDAS TDB COMERCIO DE TECIDOS LTDA,https://rendastdb.com.br
MUNICIPIO DE ESTRELA DE ALAGOAS,https://municipio.net.br
M G AGUILA COM DE PROD ELETRONICOS LTDA,https://aguila.com.br
VOLK CONFECCOES LTDA,https://volkconfeccoes.com.br
OURO TOP 18K LTDA,https://ourotop18k.com.br
INOVAR DESPACHANTES E APOIO ADMINISTRATIVO LTDA,https://administrativo.com.br
MUNICIPIO DE RIO PARDO DE MINAS,https://municipio.net.br
"INOLEX DO BRASIL IMPORTACAO, EXPORTACAO, FABRICACAO E COMERCIO DE MATERIAPRIMA NA AREA DE COSMETICOS LTDA.",https://cosmeticos.com.br
KM RACING COMERCIO DE PECAS LTDA,https://kmracing.com.br
NEW STAR CONFECCOES LTDA,https://newstar.net.br
ORTOMOBIL INDUSTRIA E COMERCIO LTDA,https://ortomobil.com.br
SYS4B INFORMATICA LTDA,https://sys4b.com.br
CARIOCA DE COR COMERCIAL LTDA,https://carioca.com
MUNDIAL VARIEDADES LTDA,https://mundialvariedades.com.br
PRO SAUDE  ASSOCIACAO BENEFICENTE DE ASSISTENCIA SOCIAL E HOSPITALAR,https://prosaude.com.br
REGIS NEPOMUCENO PEIXOTO INSTITUTO INCLUSAO EFICIENTE,https://inclusaoeficiente.com.br
TECSAT SERVICES SOLUTIONS LTDA,https://servicessolutions.com
EDITORA CLANNAD LTDA,https://editoraclannad.com.br
RRISTER IMPORTS LTDA,https://rristerimports.com.br
SMART SECURE TECNOLOGIA E SEGURANCA LTDA,https://smartsecure.com.br
SOLAR GROUP DO BRASIL LTDA,https://solargroup.com.br
ML SPORT INNOVATION MARKETING ESPORTIVO LTDA,https://mlsport.com.br
FLORESCA MARKETING PERFUMARIA COSMETICOS E AROMATIZACAO LTDA,https://florescamarketing.com.br
GOLDEN AQUAPAISAGISMO LTDA,https://goldenaquapaisagismo.com.br
COMANDO LOG TRANSPORTES LTDA,https://comandolog.com.br
LIFE BRASIL COMERCIO E SERVICOS LTDA,https://lifebrasil.com.br
YF AUTOMACAO LTDA,https://yfautomacao.com.br
SCALON  CERCHI LTDA,https://scalon.com.br
CLUBE BRINCANTE  BRINQUEDOS EDUCATIVOS LTDA,https://clubebrincante.com.br
OLD DENIM CONFECCOES LTDA,https://olddenim.com
1WILL TECNOLOGIA E INFORMATICA LTDA,https://1will.com.br
DUFFEL UNIFORMES PROFISSIONAIS LTDA,https://duffel.com
EDITORA PIU LTDA,https://editorapiu.com.br
ALEIXO  MESTRE LTDA,https://aleixo.com.br
MUNICIPIO DE SAO GONCALO DO RIO ABAIXO,https://rioabaixo.com.br
COMERCIAL CENTERMIX LTDA,https://centermix.com
MODULO ELETRONICA COMPONENTES ELETRONICOS LTDA,https://moduloeletronica.com.br
SNR ESTILO E DECOR TEXTIL LTDA,https://decortextil.com.br
REDUTO DO NERD COMERCIO DE CAMISETAS E ACESSORIOS LTDA,https://reduto.net.br
ARKE INDUSTRIA E COMERCIO DE PRODUTOS EM ACRILICO LTDA,https://acrilico.com.br
SERPA COMERCIO EXTERIOR UBERLANDIA LTDA.,https://uberlandia.com.br
NIPPON LIFE COMERCIO DE PRODUTOS TERAPEUTICOS E HOSPITALAR LTDA,https://nipponlife.com.br
SILK VESTUARIO LTDA,https://silkvestuario.com.br
101DB COMERCIO DE PRODUTOS ELETRONICOS LTDA,https://101db.com.br
ROHA BRASIL INGREDIENTES PARA ALIMENTOS LTDA.,https://alimentos.com.br
F G TELES COMERCIO E CONFECCOES,https://telesconfeccoes.com
JN COMERCIO DO VESTUARIO LTDA,https://vestuario.io
CAMPEAO ESPORTES LTDA,https://esportes.com.br
TRU COMMERCE IMPORTACAO EXPORTACAO E COMERCIO DE ROUPA DE CAMA MESA E BANHO LTDA,https://trucommerce.com.br
B F DE ANDRADE ZANONI COMERCIO DE ROUPAS,https://zanoni.com.br
REAL PARIS PECAS AUTOMOTIVAS LTDA,https://realparis.com.br
IBAND PAPELARIA PERSONALIZADA LTDA,https://papelariapersonalizada.com
SAFESTART DO BRASIL TREINAMENTOS LTDA.,https://safestartbrasil.com.br
TOP TROFEUS COMUNICACAO VISUAL LTDA,https://toptrofeus.com.br
SONZERA RECORDS LTDA,https://sonzerarecords.com.br
ONE LAUDOS DIAGNOSTICOS MEDICOS LTDA,https://onelaudos.com.br
W2SAT RASTREAMENTO VEICULAR LTDA,https://w2sat.com.br
CEARA LENTES COMERCIO DE LENTES LTDA,https://cearalentes.com.br
MISS TEEN BRAND COMERCIO DE ROUPAS E ACESSORIOS LTDA,https://teenbrand.com
PERSONALIZE ME  COMERCIO DE PRODUTOS PERSONALIZADOS LTDA,https://personalizados.com.br
ALMANATI COMERCIO DE COSMETICOS NATURAIS E ORGANICOS LTDA,https://almanati.com.br
AGROTERRA COMERCIO DE FERTILIZANTES E INSUMOS AGRICOLAS SAO JOSE DO RIO PRETO LTDA,https://agroterrafertilizantes.com
J. K. JUSTINO RODRIGUES LTDA,https://justino.com.br
PRISMA COMERCIO VAREJISTA E ATACADISTA LTDA,https://prisma.com
ADM IMAGEM E EVENTOS LTDA,https://eventos.com.br
BRINQUEDOS BA BE BI LTDA,https://brinquedosbabebi.com.br
RE.SI ATELIE COMERCIO DE ACESSORIOS E VESTUARIO EM COURO LTDA,https://resiatelie.com.br
DOM COMERCIO DE JOIAS LTDA,https://domjoias.com
SEMS BIOFARMACEUTICA INDUSTRIA E COMERCIO DE PRODUTOS PARA SAUDE HUMANA LTDA,https://humana.net.br
LABORATORIO IMUNNO IMPORTACAO E EXPORTACAO LTDA,https://imunno.com
DONA NENEM INDUSTRIA E COMERCIO DE CAFE LTDA,https://donanenem.com
CHIP RACING BRASIL LTDA,https://chipracingbrasil.com
COLISEU COMERCIO ELETRONICO E VAREJO LTDA,https://coliseu.com.br
NIVEL BOX COMERCIO IMPORTACAO E EXPORTACAO DE ARTIGOS ESPORTIVOS LTDA,https://nivelbox.com.br
NAVY STORE CONFECCAO DE VESTUARIOS E ACESSORIOS LTDA,https://navystore.com
AQUASONUS MEDICAL COMPANY LTDA,https://aquasonus.com.br
BABY RUG STORE LTDA,https://babyrug.com
COZIBAG LTDA,https://cozibag.com.br
ATACADISTA KINGFOOD PRODUTOS ALIMENTICIOS LTDA,https://kingfood.com.br
EKWOS COMERCIO E INDUSTRIA DE CONFECCOES LTDA,https://ekwos.com.br
NO  NO COMERCIO DE ARTIGOS DE VESTUARIO LTDA,https://vestuario.io
HIDROPRESS INDUSTRIA E COMERCIO DE PECAS HIDRAULICAS LTDA,https://hidropress.com.br
J. L. IND. E COM. DE CONFECCOES LTDA,https://indcom.com
FOCUS COMERCIO DE PRODUTOS VAREJISTA LTDA,https://focus.com.br
BLUEFORT COMERCIO ATACADISTA DE FERRAGENS E FERRAMENTAS LTDA,https://ferramentas.com.br
DICIOTTO LTDA.,https://diciotto.com
LOJA OFICIAL RE ELETRONICOS LTDA,https://oficial.com.br
D. DE B. VOLPE  CONFECCOES LTDA,https://volpe.com.br
BEE TECH SERVICOS DE TECNOLOGIA LTDA.,https://beetech.com.br
QUALITYCERT CERTIFICACAO LTDA,https://qualitycert.com.br
C J SANTOS VASCONCELLOS LTDA,https://vasconcellos.com.br
MUNICIPIO DE SAO JOAO DO PARAISO,https://municipio.net.br
SINTESE COMERCIAL HOSPITALAR LTDA,https://sintese.com.br
BUY NET EBOOK LTDA,https://buynet.com
IMI FABI TALCO S.A.,https://imifabi.com
M.D. BOSO COMERCIO DE COSMETICOS LTDA,https://cosmeticos.com.br
WATCH TV ENTRETENIMENTOS SA,https://watchtv.com
ROUGE NOIR CONFECCOES LTDA,https://rougenoir.com.br
ART LENS DISTRIBUIDORA DE PRODUTOS OPTICOS LTDA,https://artlens.com.br
2M GESTAO E TREINAMENTOS EM SEGURANCA DO TRABALHO LTDA,https://2mgestao.com.br
LABMETRO CALIBRACAO SAO PAULO LTDA,https://labmetro.com.br
ISF INTERMEDIACAO DE NEGOCIOS LTDA,https://negocios.com.br
SPARTAN COMERCIO DE EXPORTACAO E IMPORTACAO LTDA,https://spartan.com
LAZULI DISTRIBUIDORA DE COSMETICOS LTDA,https://cosmeticos.com.br
BAZAR INDIANO COMERCIO DE PRODUTOS INDIANOS LTDA,https://bazarindiano.com.br
NEW IMPORT SERVICE ELETROELETRONICOS LTDA,https://newimport.com.br
ALMEIDA E MATOS SOCIEDADE DE ADVOGADOS,https://almeidamatos.com
JPDV INDUSTRIA E COMERCIO DE MATERIAIS PROMOCIONAIS LTDA,https://promocionais.com.br
PREVINE SEGURANCA DO TRABALHO LTDA,https://previne.com.br
PROFUSION SISTEMAS E SOLUCOES LTDA.,https://profusion.com.br
UBU EDITORA LTDA,https://ubueditora.com.br
STUDIO MED FOTOGRAFIA E TURISMO LTDA,https://studiomed.com.br
VINTORE PRODUTOS PROMOCIONAIS LTDA,https://promocionais.com.br
PROKITS PROFESSIONAL KITS LTDA,https://prokits.com.br
SIMETRICA MARKETING E ASSESSORIA COMERCIAL LTDA,https://simetricamarketing.com.br
INSTITUTO DE MEDICINA NUCLEAR E ENDOCRINOLOGIA DE BRASILIA LTDA,https://endocrinologiabrasilia.com.br
"BERGAMINI, OLIVEIRA  RODRIGUES LTDA",https://bergamini.com.br
"MOTOR SHARP COMERCIO, IMPORTACAO E EXPORTACAO LTDA",https://motorsharp.com.br
MONTREAL SERVICOS ADMINISTRATIVOS LTDA,https://montreal.com.br
MONNET ATELIE E CONFECCOES LTDA,https://monnet.com.br
GOTAS DE ALFAZEMA LTDA,https://gotas.com.br
"CONSULAB DISTRIBUIDORA DE PRODUTOS LABORATORIAIS, HOSPITALARES E EDUCACIONAIS LTDA",https://consulab.com.br
FERRO FERRAMENTAS INDUSTRIAIS LTDA,https://ferramentasindustriais.com
ADELSON PIRES MARIANO JUNIOR LTDA,https://junior.com.br
CONTA JA CONTABILIDADE LTDA,https://contaja.com.br
DELSA ASSESSORIA E PROJETOS LTDA,https://assessoriaprojetos.com.br
AGROCLIP IMPORTACAO EXPORTACAO E COMERCIO DE MATERIAIS LTDA,https://agroclip.com.br
GTS  GLOBAL TELECOM SERVICOS DE TELECOMUNICACOES LTDA,https://gtsglobal.com.br
ESPARTA MARCAS E PATENTES LTDA,https://marcaspatentes.com
NEXO BRINDES COMERCIO LTDA,https://nexobrindes.com.br
OBRAS SOCIAIS DO GRUPO ESPIRITA REGENERACAO,https://obrassociais.org.br
INSTITUTO DE DESENVOLVIMENTO RURAL DO TOCANTINS  RURALTINS,https://institutodesenvolvimento.com.br
WM ASSESSORIA E SERVICOS LTDA,https://assessoria.com
INSTITUTO DE GESTAO PREVIDENCIARIA DO ESTADO DO TOCANTINS  IGEPREV TOCANTINS,https://institutogestao.com.br
"HENZOTEC INDUSTRIA, COMERCIO IMPORTACAO  EXPORTACAO LTDA",https://henzotec.com
ASSOCIACAO HOSPITALAR SANTA ROSALIA,https://santarosalia.com.br
MUNICIPIO DE COLINAS DO SUL,https://municipio.net.br
ROYAL MED HOSPITALAR LTDA,https://royalmed.com
SMART AIR COMERCIO IMPORTACAO E EXPORTACAO LTDA,https://smartair.com.br
GOLDMED ITA MEDICINA E SEGURANCA DO TRABALHO LTDA,https://goldmed.com.br
FIDALGO  SOCIEDADE DE ADVOGADOS,https://fidalgo.com.br
"WIEMS PRO BRASIL COMERCIO DE MAQUINAS, APARELHOS E SERVICOS LTDA",https://wiemspro.com.br
TOTAL FIT EMPREENDIMENTOS E PARTICIPACOES LTDA.,https://totalfit.com.br
NEXXT LEVEL LTDA,https://nexxtlevel.com
CASA SORELLA AROMAS  DETALHES LTDA,https://casasorella.com.br
STENCILDECOR INDUSTRIA E TREINAMENTOS LTDA,https://stencildecor.com.br
MUNICIPIO DE FAINA,https://municipio.net.br
EGREGORA INDUSTRIA E COMERCIO LTDA,https://egregora.com.br
P. R. D. DE OLIVEIRA COMERCIO,https://oliveira.com.br
A.D.F ASSESSORIA EM MEDICINA E SEGURANCA DO TRABALHO LTDA,https://trabalho.com.br
ABRAMAR ABRASIVOS LTDA,https://abramar.com
AQA WEB COMMERCE LTDA,https://aqaweb.com
BRUNA MAGALHAES DE SOUSA GRAFICA E TREINAMENTOS LTDA,https://brunamagalhaes.com.br
ANA LUCIA TEIXEIRA DE JESUS FERREIRA LTDA,https://jesusferreira.com
STORE STOCK COMERCIO LTDA,https://storestock.com
BLOCK OFFICE LTDA,https://office.com.br
SEMENTE EDUCACAO S.A.,https://sementeeducacao.com.br
GOLDEN MAQ COMERCIAL IMPORTADORA DE MAQUINAS LTDA,https://goldenmaq.com.br
MUNICIPIO DE JAIBA,https://municipio.net.br
INSTITUTO HORTENSE,https://institutohortense.org.br
CEVIPA  CENTRAL DE VIGILANCIA PATRIMONIAL LTDA,https://patrimonial.net.br
"R R S ESTRELA COMERCIO DE CACA, PESCA E CAMPING",https://estrela.com.br
EP INDUSTRIA E COMERCIO DE MAQUINAS LTDA,https://epmaquinas.com.br
SANTA EDWIGES COMERCIO DE CAFES ESPECIAIS E ALIMENTOS LTDA,https://santaedwiges.com.br
HF1 SUPRIMENTOS PARA ESTAMPARIA DIGITAL LTDA,https://estampariadigital.com.br
BUBU STORE COMERCIO DE CALCADOS ROUPAS E ACESSORIOS LTDA,https://bubustore.com.br
B  P MARCAS E CONSULTORIA EMPRESARIAL LTDA,https://empresarial.com.br
AQUARIUS COMERCIO DE CALCADOS LTDA,https://aquarius.com.br
DIGNITUS BRASIL SERVICOS E REPRESENTACAO LTDA.,https://dignitusbrasil.com.br
REFERENCIA REPRESENTACAO COMERCIAL DE MERCADORIAS EM GERAL LTDA,https://referencia.com.br
"HADASSA COMERCIO, SERVICOS E VIAGENS LTDA",https://viagens.com.br
LOUCAS POR CAIXAS LTDA,https://loucasporcaixas.com.br
LAZER STORE ARTIGOS ESPORTIVOS LTDA,https://lazerstore.com.br
ELEVA GESTAO DE PROCESSOS ADUANEIROS LTDA,https://elevagestao.com.br
MOVITRONICS DO BRASIL TECNOLOGIA EM COMUNICACAO LTDA,https://brasilcomunicacao.com.br
TONI BARROS CROCHET JEWELRY INDUSTRIA COMERCIO IMPORTACAO E EXPORTACAO DE SEMIJOIAS E ACESSORIOS LTDA,https://semijoias.com.br
ENCANTO DA BELEZA COMERCIO E DISTRIBUIDORA LTDA,https://encanto.com.br
MOVE PUBLICIDADE COMUNICACAO E INTERNET LTDA,https://movepublicidade.com.br
ASSOCIACAO BENEFICENTE CATOLICA,https://beneficente.com.br
THE CRAFT COMERCIO LTDA,https://thecraft.com.br
ARKITECT VESTUARIO E ACESSORIOS LTDA,https://arkitect.com
BIOTROPICO REPRESENTACAO LTDA,https://representacao.com.br
GRAMADO PROMOCAO DE VENDAS S.A.  EM RECUPERACAO JUDICIAL,https://recuperacaojudicial.com.br
AKI TAPETES COMERCIO LTDA,https://akitapetes.com.br
IOTAG TECNOLOGIA LTDA,https://iotag.com.br
GM MOVEIS E ELETRO LTDA,https://gmmoveis.com
SATELRADIO TELECOMUNICACAO LTDA,https://satelradio.com.br
TECHNOLOGY SOLUTIONS COMERCIO E IMPORTACAO LTDA,https://technologysolutions.com
NANOSENS LTDA.,https://nanosens.com.br
HIROKI NISSAN PECAS E SERVICOS LTDA,https://hiroki.com
ULTRAPAO ALIMENTOS CONGELADOS S.A.,https://ultrapao.com.br
HOUSED SERVICOS GRAFICOS E DECORACAO LTDA,https://decoracao.com.br
ACQUALINA MODA PRAIA LTDA,https://modapraia.com.br
P.R LABEL  COMERCIO DE ROUPAS LTDA,https://label.com.br
CENTRO OESTE IMPLEMENTOS PARA TRANSPORTES LTDA,https://centrooeste.com.br
IDEM PER IDEM FARMACIA DE MANIPULACAO LTDA,https://idemperidem.com.br
FEDERACAO EMP. TURISMO E HOSPITALIDADE ESTADO MINAS GERAIS,https://minasgerais.net.br
ROLIMAC ROLAMENTOS LTDA,https://rolimac.com.br
RADIO TELEVISAO DE UBERLANDIA LTDA,https://uberlandia.com.br
REDE MINEIRA DE RADIO E TELEVISAO LTDA,https://redemineira.com.br
ASSOCIACAO COMERCIAL E INDUSTRIAL DE UBERLANDIA,https://uberlandia.com.br
PHARMASCIENCE INDUSTRIA FARMACEUTICA S.A,https://pharmascience.com.br
DUCKS INDUSTRIA E COMERCIO LTDA,https://ducks.com.br
CENTRO EDUCACIONAL ESPACO MAGICO LTDA,https://centro.com.br
TECNOSYS INFORMATICA LTDA,https://tecnosys.com.br
ALFA INFORMATICA LTDA,https://alfa-informatica.com
PANDIA TAGS E CIA LTDA,https://pandia.com
KIKA ARTE E DESIGN LTDA,https://artedesign.com
LEAF COMERCIO VAREJISTA DE JOIAS LTDA,https://leafjoias.com.br
CAFCAF ECOMMERCE LTDA,https://ecommerce.net.br
MAG SAC EMBALAGENS LTDA,https://magsac.com.br
HOSPITAL CRISTAO DE SOROCABA S.A.,https://sorocaba.com.br
R D LAY COMERCIO VIRTUAL DE ROUPAS LTDA,https://virtual.com.br
PRIMICIA PERSONALIZADOS LTDA,https://personalizados.com.br
PERFUMATECH AROMATIZACAO DE AMBIENTES LTDA,https://perfumatech.com
BEBE PANDA CONFECCAO  COMERCIO DE ENXOVAL LTDA,https://bebepanda.com
IEFE INSTITUTO DE EVOLUCAO FUNCIONAL EDUCACIONAL LTDA,https://funcional.com.br
ETECESCOLA TECNICA DE ENSINO PROFISSIONAL LTDA,https://etecescolatecnica.com.br
METROPOLE SECURITY COMERCIO ELETRO ELETRONICO LTDA,https://metropolesecurity.com
LIBERTY EDUCATION DO BRASIL LTDA,https://libertyeducation.com.br
FEDRIGO  FEDRIGO CONFECCOES LTDA,https://fedrigo.com
KRONOS BH COMERCIO DE ACESSORIOS PARA VEICULOS LTDA.,https://bhveiculos.com
"CMOC BRASIL MINERACAO, INDUSTRIA E PARTICIPACOES LTDA.",https://cmocbrasil.com
SMART COFFEE BRASIL LTDA,https://smartcoffee.com
FERTCERES REPRESENTACAO COMERCIAL LTDA.,https://representacao.com.br
Lalan do Brasil Importacao e Comercio de Equipamentos de Protecao Ltda,https://lalan.com.br
ORTOFINO CALCADOS LTDA,https://ortofino.com.br
DIGICON ADMINISTRACAO DE CONDOMINIOS LTDA,https://administracaocondominios.com
SULCARD COMERCIO DE PRODUTOS PARA IDENTIFICACAO LTDA,https://sulcard.com.br
MF FARMACIAS DE MANIPULACAO LTDA,https://manipulacao.com.br
FERNANDO HENRIQUE SIMOES MARQUES LTDA,https://fernandohenrique.com
INSTITUTO DE SAUDE FATOR HUMANO LTDA,https://institutosaude.com
MAXILLO FACIAL TIPS LTDA,https://maxillofacial.com
P R MIRANDA COMERCIO LTDA,https://miranda.com.br
"WARZONE BRAZIL COMERCIO, IMPORTACAO E EXPORTACAO LTDA.",https://warzonebrazil.com.br
OLIGIOIA INDUSTRIA E COMERCIO DE VESTUARIO E ACESSORIOS LTDA,https://oligioia.com.br
APACHE PARTS COMERCIO E DISTRIBUICAO DE AUTO PECAS AUTOMOTIVAS LTDA,https://apacheparts.com
L2D TELEMEDICINA LTDA,https://telemedicina.com.br
INVICTA PRINT SOLUCOES INDUSTRIAIS LTDA,https://invictaprint.com.br
DOM STORE LTDA ME,https://dom-store.com
N. K. FONTANA SOCIEDADE INDIVIDUAL DE ADVOCACIA.,https://fontana.net.br
CANADIAN SOLAR DESENVOLVIMENTO DE USINAS SOLARES LTDA,https://canadiansolar.com.br
Prestige Blindagem em Automoveis LTDA,https://prestige.com.br
LION ROLLING CIRCUS BRASIL COMERCIO DE ARTIGOS DE TABACARIA LTDA,https://lionrollingcircus.com.br
CMO CENTRO DE MEDICINA OCUPACIONAL LTDA,https://ocupacional.com.br
PLANTAE ADUBOS E FERTILIZANTES ORGANICOS LTDA,https://plantae.com.br
"BACKYARD ESCRITORIOS COLABORATIVOS, COMERCIO DE ARTIGOS DE VESTUARIO E BAR LTDA",https://backyard.com.br
STUDIO FRM LTDA,https://studiofrm.com
AREA D20 BOARD GAME STORE LTDA,https://gamestore.com
MIX TUDO COMERCIO DE ALIMENTOS E SERVICOS LTDA,https://alimentos.com.br
"SBRA FABRICACAO E COMERCIO DE MOCHILAS, ARTIGOS ESCOLARES E ACESSORIOS LTDA.",https://mochilasescolares.com
GRA DESTINO CONFECCOES LTDA,https://gradestino.com.br
HPLASTICOS LTDA,https://hplasticos.com
MAGNUS MANUTENCAO EM COMPUTADORES E NOTEBOOKS LTDA,https://magnus.com.br
MEC SUPRIMENTOS INDUSTRIAIS LTDA,https://mecsuprimentos.com.br
PULA MURALHA IDIOMAS LTDA,https://pulamuralha.com.br
REDE EDUCACIONAL DECISAO S.A.,https://rededecisao.com.br
DJ LED ELETRICA COMERCIO DE MATERIAL ELETRICO LTDA.,https://djledeletrica.com.br
J.P STORE LTDA,https://store.com
VITALLE FARMACIA DE MANIPULACAO LTDA,https://manipulacao.com.br
DANIELA DE MIRANDA PETRONI LTDA,https://danielamiranda.com
ACP BIOENERGIA LTDA,https://acpbioenergia.com.br
PRO FIX PRODUTOS MEDICOS LTDA,https://profix.io
GUANABARA  FRANQUIAS DE COSMETICOS DE CAMPINAS LTDA,https://campinas.com.br
JULIANO CHARLES CASTRO LTDA,https://juliano.com.br
NUCLEORAD SOLUCOES EM PROTECAO RADIOLOGICA LTDA,https://radiologica.com.br
GEOSURVEY TECNOLOGIAS COMERCIO REPRESENTACAO E IMPORTACAO LTDA,https://representacao.com.br
CENTRO MEDICO E SAUDE OCUPACIONAL LTDA,https://centromedico.com
MERCADAO NATURAL LTDA,https://mercadaonatural.com.br
CALDEIRAO MISTICO LTDA,https://caldeiraomistico.com.br
P. S. J. ANHANGUERA COMERCIO DE COMBUSTIVEIS LTDA,https://anhanguera.tech
"DIVA COMERCIAL, DISTRIBUIDORA E REPRESENTACAO LTDA",https://representacao.com.br
REIS SANTANA COMERCIO E EVENTOS LTDA,https://eventos.com.br
MUNDI OPTICAL DISTRIBUIDORA DE PRODUTOS OPTICOS LTDA,https://mundioptical.com.br
KPOLTEC MAQUINAS E EQUIPAMENTOS LTDA,https://kpoltec.com.br
COMPANHIA BRASILEIRA DE PLANOS FUNERARIOS SA,https://planosfunerarios.com
NEO BRONZE LTDA,https://neobronze.com.br
PERFORMANCE SPECIALTY PRODUCTS DO BRASIL SERVICOS E COMERCIO DE PRODUTOS ELETRONICOS E DE PROTECAO E SEGURANCA LTDA.,https://protecaoseguranca.com.br
ANDREA DIAS BRANDAO BUENO SEMIJOIAS LTDA,https://andreadias.com.br
MG COMERCIO DE COSMETICOS E AROMATIZANTES LTDA,https://mgcosmeticos.com.br
ENDOLOG LOGISTICA E ARMAZENS LTDA,https://endolog.com.br
PINGO DE GENTE MODA INFANTIL LTDA,https://modainfantil.com
LATAMGLASS INDUSTRIA E COMERCIO DE EQUIPAMENTOS VIDREIROS LTDA,https://latamglass.com.br
3P MEDICAL LTDA,https://3pmedical.com.br
BRANDS4SALE COMERCIO E IMPORTACAO LTDA,https://brands4sale.com.br
TRES PHARMA DISTRIBUIDORA E SERVICOS LTDA,https://trespharma.com.br
VERNACCI PERFUMES LTDA,https://vernacciperfumes.com.br
TRAMPOLIM BRINQUEDOS LTDA,https://trampolimbrinquedos.com.br
ASSOC CENTRO DE TREINAMENTO DE EDUCACAO FISICA ESPECIAL,https://especial.net.br
"PANSERA, DEBONA  CIA LTDA",https://debona.com.br
CRISTIAN ALEX BAGGIO LTDA,https://cristianalex.com
NEW PRINCESS MODA INTIMA LTDA,https://newprincess.com
ZL IMPORTACOES COMERCIO VAREJISTA DE FERRAMENTAS LTDA,https://ferramentas.com.br
DECORA LEE COMERCIO DE DECORACAO LTDA,https://decoralee.com.br
LAVVI EMPREENDIMENTOS IMOBILIARIOS S.A.,https://lavviempreendimentos.com.br
TECHNOW MED LTDA,https://technowmed.com
ASSOCIACAO PREVINE PROTECAO VEICULAR E BENEFICIOS PARA SEGURANCA DOS ASSOCIADOS,https://previne.com.br
PHOTO 43 COMERCIO E SERVICOS LTDA,https://photo43.com.br
ARTIO  ESCOLA DE NEGOCIOS POTENTES LTDA,https://artioescola.com.br
WEB ELETRICA LTDA,https://eletrica.com.br
PREVESTIBULAR NOVO HAMBURGO LTDA,https://hamburgo.com.br
MASTER NETWORK COMERCIO DE PRODUTOS ELETRONICOS LTDA,https://masternetwork.com.br
"XLR8 BRAZIL COMERCIO, IMPORTACAO E EXPORTACAO LTDA",https://xlr8brazil.com
VITAL MED ESPECIALIZACAO EM MEDICINA DO TRABALHO LTDA,https://vitalmed.com.br
VF ATELIER E COMERCIO DE ARTIGOS DE MODA LTDA,https://vfatelier.com
PURO SHARMY INDUSTRIA E COMERCIO DE CONFECCOES LTDA,https://purosharmy.com.br
NIRVANA COMERCIO DE VESTUARIO E ACESSORIOS LTDA,https://nirvana.com
GUEDS MODA INTIMA  LTDA,https://guedsmodaintima.com
AROMAS  LUZ COMERCIO DE AROMAS LTDA,https://aromasluz.com
AME DESIGN LTDA,https://amedesign.com.br
SILVA E MATOS SOCIEDADE DE ADVOGADOS,https://silvamatos.com.br
BELLA STORE LTDA,https://bella-store.com
BOUTIQUE DO PARQUE LTDA,https://boutique.com
ROMAS TECIDOS LTDA,https://tecidos.com.br
"JR INDUSTRIA, COMERCIO  DECORACAO LTDA",https://decoracao.com.br
NEWE SEGUROS S.A.,https://seguros.org.br
"MBR  MAQUINAS TEXTEIS BERNHARD E RAMPANI, COMERCIO E REPRESENTACAO LTDA",https://mbrmaquinas.com.br
WECK UD COMERCIO IMPORTACAO E EXPORTACAO DE UTILIDADES LTDA,https://weckud.com.br
SPINWAY COMERCIO DE ARTIGOS ESPORTIVOS LTDA,https://spinway.com.br
BUY DAY SOLUTIONS LTDA,https://buyday.com
NRODSO ESCOVAS INDUSTRIAIS LTDA,https://escovasindustriais.com.br
COZINHA RETRO COMERCIO ELETRONICO DE PRODUTOS DE DECORACAO LTDA,https://cozinharetro.com.br
SCARLAT GALVANICA LTDA,https://scarlatgalvanica.com.br
OBJETIVA EDICOES EMPRESARIAIS LTDA,https://objetivaedicoes.com.br
AGG COMERCIO DE UTILIDADES DOMESTICAS LTDA,https://aggutilidades.com.br
SMART SHOP CULTIVO INDOOR E TABACARIA LTDA,https://smartcultivo.com
IPCOM DO BRASIL TECNOLOGIA LTDA,https://ipcom.com.br
PIUNATURE COMERCIO DE COSMETICOS E ALIMENTOS LTDA,https://alimentos.com.br
SOMAR SOLUCOES EM AUTOMACAO LTDA,https://somarautomacao.com
CAMISA 10 ENGENHARIA ESPORTIVA LTDA,https://camisa10.com.br
AT FIT LTDA,https://atfit.io
INDUSTRIA DE PRODUTOS MERKBAK LTDA,https://merkbak.com.br
CEM POR CENTO FELICIDADE COMERCIO DE ROUPAS LTDA,https://cemporcento.tech
SPIRITO SANTO COMERCIO DE CONFECCOES LTDA,https://spiritosanto.com
RESIMAC INDUSTRIA E COMERCIO DE RESISTENCIAS ELETRICAS LTDA,https://resimac.com.br
JRL PECAS PARA MAQUINAS LTDA,https://jrlmaquinas.com.br
SAIPOS SERVICOS DE SOFTWARE S.A,https://saipos.com.br
SANTA IZABEL AGRO INDUSTRIA LTDA,https://santaizabel.com.br
ECOSAUNA INDUSTRIA E COMERCIO LTDA,https://ecosauna.com.br
ISCAS CMC LTDA,https://iscas.com.br
GEOTECH BRASIL LTDA,https://geotechbrasil.com.br
H. R. M. SALES LTDA,https://sales.com.br
MEGATOON STORE COMERCIO DE ARTIGOS PARA FESTAS LTDA,https://megatoonstore.com.br
MILLANO DISTRIBUIDORA DE AUTO PECAS LTDA,https://millano.com.br
JULIANI CRISTINA TAVARES BATISTA LTDA,https://batista.org.br
BERGA INDUSTRIA E COMERCIO DE COSMETICOS LTDA.,https://cosmeticos.com.br
VORTEX MOTOPARTS LTDA,https://vortex.com.br
JULIANO BATISTA DE MELLO LTDA,https://julianobatista.com.br
CIACOOL INDUSTRIA E COMERCIO DE PRODUTOS ESPORTIVOS LTDA,https://ciacool.com.br
NUMBERNINE COMERCIO DE INSTRUMENTOS MUSICAIS LTDA,https://instrumentosmusicais.com.br
ALTAI COMERCIO DE PECAS E ACESSORIOS DE MODA LTDA,https://altai.com
DEEP LOGISTICA DEDICADA E PORTUARIA LTDA,https://deeplogistica.com.br
SO  COMERCIO DE EQUIPAMENTOS PARA INTELIGENCIA EM MISTURA LTDA,https://mistura.com.br
ARIRAN ARTIGOS ESPORTIVOS LTDA,https://ariran.com.br
ZAPPELINI MEDICINA E SEGURANCA DO TRABALHO LTDA,https://trabalho.com.br
GLOBAL BELT SOLUCOES INDUSTRIAIS LTDA,https://globalbelt.com.br
FILTRON POSTOS FILTROS E SISTEMAS LTDA,https://filtronpostos.com.br
FUNDACAO PIAUI PREVIDENCIA,https://previdencia.com.br
MM DA SILVA COMERCIO DE AUTO PECAS E ACESSORIOS LTDA,https://silvaauto.com
GRAND BALLET LTDA,https://grandballet.com
QUEBEC CONSTRUCOES E TECNOLOGIA AMBIENTAL S/A.,https://quebec.com.br
CHACON TECHNOLOGY LTDA,https://chacon.com
W CESAR DE OLIVEIRA COMERCIO DE CALCADOS E ACESSORIOS,https://cesaroliveira.com.br
MADGE MODA PRAIA LTDA,https://modapraia.com.br
MARCEL PILOTO COMERCIO DE PECAS,https://piloto.com.br
VEGA MAIS PRODUTOS ALIMENTICIOS LTDA,https://vegamais.com
MSR COMERCIO DE BRINDES LTDA,https://brindes.com.br
EKKO COPOS E BRINDES LTDA,https://ekkocopos.com.br
SERVICO DE REGISTRO DE IMOVEIS DA COMARCA DE PARANAGUA,https://paranagua.com.br
IMPERIO MEDIC CENTER COMERCIO DE PRODUTOS FARMACEUTICOS E HOSPITALAR LTDA,https://imperio.com.br
RSA LOGISTICA INTERNACIONAL E ASSESSORIA LTDA,https://rsalogistica.com.br
PROFINHO CURSOS E TREINAMENTOS ONLINE LTDA,https://profinho.com.br
TNUT SAUDE COMERCIO DE PRODUTOS NUTRICIONAIS LTDA,https://tnutsaude.com.br
SYNDERMA FARMACIA DE MANIPULACAO LTDA,https://manipulacao.com.br
BLITZ CLOSET CONFECCOES E MODA LTDA,https://blitzcloset.com.br
BOUTIQUE DAS CORES - INDUSTRIA E COMERCIO DE TINTAS LTDA,https://tintas.net.br
ROTOR MINAS BOMBAS INJETORAS LTDA,https://rotorminas.com.br
INSTITUTO DESTINY TREINAMENTO E DESENVOLVIMENTO LTDA,https://institutodestiny.com.br
CRIATIVA INDUSTRIA DE CALCADOS E CONFECCAO LTDA,https://criativa.com.br
DC BEAUTY COSMETICS LTDA,https://dcbeautycosmetics.com.br
STUDIO TWF COMERCIO DO VESTUARIO LTDA,https://studio.com.br
STUDIO ADMINISTRACAO LTDA,https://studio.com.br
NASSAU EDITORA RADIO E TV LTDA  EM RECUPERACAO JUDICIAL,https://recuperacaojudicial.com.br
TS MEDICAL COMERCIO E SERVICO DE MATERIAL MEDICO HOSPITALAR E IMPORTACAO LTDA,https://tsmedical.com.br
TRANSFEERA INSTITUICAO DE PAGAMENTO S.A,https://transfeera.com.br
BERTIMARIA CALCADOS LTDA,https://bertimaria.com.br
SAINT CAPE LTDA,https://saintcape.com.br
"BLUE CAMPING COMERCIAL, IMPORTACAO E EXPORTACAO LTDA",https://bluecamping.com.br
CAMPOS  RIBEIRO ROUPAS E ACESSORIOS LTDA,https://campos.com
TROPICALLI BEACH CONFECCOES LTDA,https://tropicallibeach.com.br
JADORE UTSCH COMERCIO DISTRIBUICAO E IMPORTACAO DE SEMIJOIAS E ACESSORIOS LTDA,https://semijoias.com.br
BRASIL BALANCAS ECOMMERCE LTDA,https://ecommerce.net.br
SHEERPACK COMERCIO E IMPORTACAO LTDA,https://sheerpack.com.br
ATORK LTDA,https://atork.com.br
MUNICIPIO DE ALFREDO CHAVES,https://chaves.com.br
FAZ CAPITAL AGENTE AUTONOMO DE INVESTIMENTO SS LTDA,https://fazcapital.com.br
LDI SAFETY COMERCIO DE EQUIPAMENTOS DE PROTECAO INDIVIDUAL LTDA,https://ldisafety.com.br
CITTAZA EMPREENDIMENTOS E PARTICIPACOES LTDA,https://cittaza.com.br
USINATTO INDUSTRIA DE MOVEIS LTDA,https://moveis.com.br
MUNICIPIO DE SANTA LEOPOLDINA,https://municipio.net.br
MUNICIPIO DE CONCEICAO DO CASTELO,https://castelo.com.br
MUNICIPIO DE CACHOEIRO DE ITAPEMIRIM,https://cachoeiroitapemirim.com.br
MUNICIPIO DE CASTELO,https://castelo.com.br
MUNICIPIO DE PRESIDENTE KENNEDY,https://municipio.net.br
MUNICIPIO DE COLATINA,https://municipio.net.br
MUNICIPIO DE BARRA DE SAO FRANCISCO,https://municipio.net.br
MUNICIPIO DE BOM JESUS DO NORTE,https://municipio.net.br
GL MENDES LTDA,https://mendes.com
MUNICIPIO DE NOVA VENECIA,https://municipio.net.br
RAFAEL PINHEIRO RODRIGUES LOUREIRO LTDA,https://rafaelpinheiro.com.br
PRIME ELETRICA E MRO LTDA,https://primeeletrica.com.br
DONA KARDA COMERCIO DE PRODUTOS DE LUXO LTDA,https://donakardaluxo.com.br
MUNICIPIO DE MONTANHA,https://municipio.net.br
RSM MANIPULACAO LTDA,https://manipulacao.com.br
HUM IMPORTADORA E DISTRIBUIDORA DE UTILIDADES DOMESTICAS LTDA,https://domesticas.com.br
SMX AUTOMACAO BANCARIA LTDA,https://smxautomacao.com.br
MARBRASA MARMORES E GRANITOS DO BRASIL S.A,https://marbrasa.com.br
CARNEIRO INSTRUMENTOS MUSICAIS LTDA,https://instrumentosmusicais.com.br
GEOMX TECNOLOGIA LTDA,https://geomx.com.br
TAVERNA GAME HOUSE LTDA,https://tavernagamehouse.com.br
GRUPO EGE LTDA,https://grupo.com.br
TERRA E AGUA SISTEMAS DE IRRIGACAO LTDA,https://terraagua.com
ESCOLA SATURNALIA E EDITORA POGO LTDA,https://editorapogo.com.br
CAMILA ALVES LTDA,https://camilaalves.com
FLOS CARMELI EDICOES LTDA,https://floscarmeli.com.br
Q7 FORMATURAS E VIAGENS LTDA,https://q7formaturas.com.br
ESTUDIO PAPEL PRODUTOS PERSONALIZADOS LTDA,https://estudiopapel.com.br
MOKA DIGITAL LTDA,https://mokadigital.com.br
OUSEUSE FOR MEN LTDA,https://ouseuseformen.com.br
NUTRIAVE ALIMENTOS LTDA,https://alimentos.com.br
SIAAM COMERCIO E SERVICOS DE INFORMATICA E ACESSORIOS AUTOMOTIVOS LTDA.,https://siaam.tech
EPRINTERS PRODUTOS E SERVICOS PARA COMUNICACAO VISUAL LTDA,https://visual.com.br
VERITAS CONSULTORIA LTDA,https://veritas.com
SC MED DISTRIBUIDORA MEDICO HOSPITALAR LTDA,https://medicohospitalar.com
ARTLLURE ACESSORIOS E GIFTS LTDA,https://artllure.com.br
CASA NOBILE IMPORTACAO E COMERCIO LTDA,https://casanobile.com.br
HEMISFERIO DISTRIBUIDORA DE PRODUTOS PARA A SAUDE LTDA,https://hemisferio.com
LOTHAR COMERCIO DE EQUIPAMENTOS E ACESSORIOS PARA ABASTECIMENTOS E LUBRIFICACAO LTDA,https://lotharequipamentos.com.br
PECA DIRETO LTDA,https://pecadireto.com.br
ANAMAR FARMACIA DE MANIPULACAO LTDA,https://anamar.com.br
E GREGORY COMERCIO VAREJISTA DE ARTIGOS DO VESTUARIO E ACESSORIOS LTDA,https://gregory.io
GUILHEN  BROLLO INDUSTRIA E COMERCIO DE MOVEIS LTDA,https://moveis.com.br
RIO PARTICIPACOES LTDA,https://rioparticipacoes.com
DG IMPORTS LTDA,https://dgimports.com
LINHA FINA INDUSTRIA E COMERCIO DE CONFECCOES LTDA,https://linhafina.com.br
FERRAMENTAS AGRICOLAS LP LTDA,https://ferramentas.com.br
DIAGNOSTICO FACIL LABORATORIO DE ANALISES CLINICAS LTDA,https://diagnostico.com.br
INTERSTAR SERVICOS EM TELECOM E TECNOLOGIA LTDA,https://telecom.com.br
MM IMPORTACAO E ECOMMERCE DE INFORMATICA LTDA,https://mmecommerce.com
77 COMERCIO DE VESTUARIO E ACESSORIOS LTDA,https://vestuario.io
MARCIO LUIS GASPAROTTI LTDA,https://marcioluis.com.br
DEROYQUE IT E CONSULT EMPRESARIAL LTDA,https://consultempresarial.com.br
MINI GOLD FABRICA E COMERCIO LTDA,https://minigold.com
ESTEL SERVICOS INDUSTRIAIS LTDA,https://estel.com
JANUARIO SERVICOS ADMINISTRATIVOS LTDA,https://januario.com
MAGNIFICA COMERCIO DE CONFECCOES LTDA,https://magnifica.io
KING POT INDUSTRIA E COMERCIO DE VASOS INTELIGENTES LTDA,https://kingpot.com.br
"MOONEY EDUCACAO FINANCEIRA, CONSULTORIA E SERVICOS DE TECNOLOGIA LTDA",https://educacaofinanceira.com.br
PRODUTECA LTDA,https://produteca.com.br
SFOGGIO METAIS INDUSTRIA E COMERCIO LTDA.,https://sfoggio.com.br
ZZOJET  FABRICACAO DE EQUIPAMENTOS PARA EVENTOS LTDA,https://eventos.com.br
SUDELETRO COMERCIO DE MATERIAIS ELETRICOS LTDA,https://sudeletro.com.br
JETMAQ TECNOLOGIA COMERCIAL DE MAQUINAS LTDA,https://jetmaq.com.br
CONFORMITA AVALIACAO DA CONFORMIDADE LTDA,https://conformita.com.br
LT COMERCIO DE OTICA LTDA,https://otica.net.br
VITORIA CAMARA MUNICIPAL,https://vitoria.net.br
COLOTOP LTDA,https://colotop.com.br
SHG INDUSTRIA E COMERCIO ATACADISTA E VAREJISTA DE INSTRUMENTOS MUSICAIS LTDA,https://instrumentosmusicais.com.br
LOJA WASABI COMERCIO DE ROUPAS LTDA,https://wasabi.com.br
STOCH COMERCIO DE COSMETICOS LTDA.,https://cosmeticos.com.br
MILA MAIS COMERCIO DE ROUPAS LTDA.,https://milamais.com.br
ATACADO DA PRATA DISTRIBUIDORA LTDA,https://atacadoprata.com
CARVALHO VILLELA LIVRARIA E CAFETERIA LTDA,https://cafeteria.com.br
HESSENZA TOOLS COMERCIO E REPRESENTACAO LTDA,https://hessenzatools.com.br
E SOLAR DE MAMBUCABA LTDA,https://mambucaba.com.br
DEJAMARO INDUSTRIA E COMERCIO DE PRODUTOS MEDICOSHOSPITALARES LTDA,https://dejamaro.com.br
X ONE LOGISTICA LTDA,https://onelogistica.com
PODIUMFIT COMERCIO LTDA,https://podiumfit.com.br
J G A DISTRIBUIDORA DE COSMETICOS E CURSOS TECNICOS DE BELEZA LTDA,https://cosmeticos.com.br
CORPO SUBLIME LTDA,https://corposublime.com
VITTEL GROUP SOFTWARES E TELECOMUNICACOES LTDA,https://vittelgroup.com.br
BETA LOCACOES DE EQUIPAMENTOS INDUSTRIAIS LTDA,https://betalocacoes.com.br
PRIME TRAINING E ASSESSORIA ESPORTIVA LTDA,https://primetraining.com.br
VN TECIDOS E DECORACAO LTDA,https://decoracao.com.br
PLENA ADMINISTRADORA DE BENEFICIOS LTDA,https://plenaadministradora.com.br
CREDPAY SOLUCOES EM PAGAMENTOS LTDA,https://credpay.com.br
GPS AIR  SERVICOS AUXILIARES AO TRANSPORTE AEREO LTDA,https://gpsair.com
A.G. COMERCIO DE PRESENTES LTDA,https://presentes.com.br
OCTO PAY SERVICOS DIGITAIS LTDA,https://digitais.net.br
VITTORE LABS INDUSTRIA E COMERCIO DE SUPLEMENTOS E ALIMENTOS FUNCIONAIS LTDA.,https://vittorelabs.com.br
AUTO PECAS ESPECIALISTA LTDA,https://autoespecialista.com.br
YES BIRD COMERCIO E CONFECCOES LTDA,https://yesbird.com.br
FIND AND BUY ASSETS TECNOLOGIA E SERVICOS LTDA,https://findand.com
MUNICIPIO DE RIO BANANAL,https://riobananal.com
MUNICIPIO DE IBATIBA,https://municipio.net.br
MUNICIPIO DE MARILANDIA,https://municipio.net.br
SILVEIRA  DALMAS LTDA,https://silveira.com.br
OLIVEIRA BRINDES LTDA.,https://oliveirabrindes.com.br
TEXTIL INES LTDA,https://textilines.com.br
BYTETRADE IMPORTADORA LTDA,https://bytetrade.com.br
QUIMIAGRI AMBIENTAL INDUSTRIA E COMERCIO DE DESINFESTANTES DOMISSANITARIOS LTDA,https://quimiagri.com.br
F V INTERMEDIACAO DE ATIVOS LTDA,https://ativos.net.br
EVERY CAMISETAS LTDA.,https://every.com
PAMPLONA E HONJOYA SOCIEDADE DE ADVOGADOS,https://sociedadeadvogados.com.br
AK BONES INDUSTRIA LTDA,https://akbones.com.br
JEAN CESAR RIBEIRO MARCELINO LTDA,https://jeancesar.com.br
JH SHOPPING LTDA,https://jhshopping.com.br
GLOBAL MEGA COMERCIO E VARIEDADES LTDA,https://globalmega.com.br
EMPORIO DI ROCA PRODUTOS CASEIROS E DO CAMPO LTDA,https://emporiodiroca.com.br
ATACADAO MULTIMARCAS COMERCIO LTDA,https://atacadao.com.br
EXPLORERS CLUB COMERCIO DE BRINQUEDOS E COLECIONAVEIS LTDA,https://explorersclub.com.br
PARAISO COMERCIO DE COSMETICOS LTDA,https://paraisocosmeticos.com.br
ELLAVEST PRAIA COMERCIO DE ARTIGOS DO VESTUARIO LTDA,https://ellavestpraia.com.br
KRN SHOES COMERCIO DE CALCADOS ON LINE LTDA,https://krnshoes.com.br
VIGNATTI AGROINDUSTRIAL LTDA,https://vignatti.com
RAKS TECNOLOGIA AGRICOLA LTDA.,https://agricola.com.br
TOMMY HILFIGER - THBAL COMERCIO LTDA,https://tommyhilfiger.tech
PERFORMANCEV8 AUTO PARTS LTDA,https://performancev8.com.br
ROSA CHIC COMERCIO DE ROUPAS LTDA,https://rosachic.com
PIT BULL ARAGUAIA SHOPPING LTDA,https://pitbull.com.br
ONE TOUCH COMERCIO DE MATERIAL MEDICO E HOSPITALAR LTDA,https://onetouch.com.br
HIGHLINE DO BRASIL II INFRAESTRUTURA DE TELECOMUNICACOES S.A.,https://highline.com.br
ROYAL ACADEMY OF DANCE BRASIL LTDA,https://royalacademy.com.br
Upa Lele Kids Confeccao LTDA - 27.920.802/0001-76,https://upalelekids.com.br
RP PECAS DIESEL LTDA,https://rpdiesel.com.br
OLIMPO ESPORTES LTDA,https://olimpoesportes.com.br
RR STORE COMERCIO DE VESTUARIO LTDA,https://rrstore.com.br
BOX4 PRINT E LOG LTDA,https://printlog.com.br
TORRE FORTE EMPREENDIMENTOS LTDA,https://torreforte.com
CURSO DO PROFESSOR LEO LTDA,https://cursoprofessor.com.br
PIXPEL EMBALAGENS SUSTENTAVEIS LTDA,https://embalagenssustentaveis.com.br
BAMEX CONSULTORIA EM GESTAO EMPRESARIAL LTDA,https://empresarial.com.br
I VIEIRA  L GUIMARAES LTDA,https://vieira.com.br
BMR COMERCIO DE JOIAS E SEMIJOIAS LTDA,https://semijoias.com.br
"MMN MARKETING, BELEZA, SAUDE E BEM ESTAR LTDA",https://mmnmarketing.com
PAMPA SUL BRASIL INDUSTRIA DE CONFECCOES LTDA,https://pampasul.com.br
IMPRA INDUSTRIA GRAFICA LTDA,https://impra.com.br
CHOCOLATES GAROTO LTDA.,https://chocolatesgaroto.com
COGTIVE S.A.,https://cogtive.com
NEOKOHM SISTEMAS ELETRONICOS LTDA,https://neokohm.com.br
CARD TUTOR COMERCIO DE BRINQUEDOS LTDA,https://cardtutor.com.br
DISTRIBUIDORA DE OCULOS SOLE LTDA,https://oculos.io
LOA RAILWAY COMERCIO E SERVICOS LTDA,https://railway.com.br
OLHAR DISTRIBUICAO DE FILMES LTDA,https://olharfilmes.com.br
XMOLDES LTDA,https://xmoldes.com.br
GURETRUCK DO BRASIL LTDA.,https://guretruck.com
CONEXAO COMERCIO DE PRODUTOS PARA BARBEARIA E PERFUMARIA LTDA,https://conexaobarbearia.com.br
CANDIDAS MODA FEMININA LTDA,https://modafeminina.com.br
ADMINISTRADORA CARTAO DE CREDITO TODOS S.A.,https://administradora.com.br
AUGUSTA ELETRICA LTDA,https://augustaeletrica.com.br
QUALYNUTRI NUTRACEUTICOS LTDA,https://qualynutri.com.br
LA SEMIJOIAS LTDA,https://lasemijoias.com.br
BUAIZ SA INDUSTRIA E COMERCIO,https://buaiz.com.br
YOLO BRAND COMERCIO DE VESTUARIO LTDA,https://yolobrand.com
CIANITAS INDUSTRIA E COMERCIO TEXTIL LTDA,https://cianitas.com.br
ORIGINAL UNIFORMS AB LTDA,https://original.com
MEGGA EQUIPAMENTOS DE MEDICAO E CONTROLE LTDA,https://meggaequipamentos.com.br
UNICAFE COMPANHIA DE COMERCIO EXTERIOR,https://unicafe.com.br
MIRANDA  PEREIRA PRODUTOS NATURAIS LTDA,https://mirandapereira.com
NEUROBRINQ INDUSTRIA E COMERCIO DE EQUIPAMENTOS ELETRICOS LTDA.,https://neurobrinq.com.br
FORMULA X MANIPULACAO E COMERCIO DE PRODUTOS FARMACEUTICOS LTDA,https://formulamanipulacao.com.br
PORTIER COSMETICOS LTDA,https://cosmeticos.com.br
ALFABAG FABRICACAO DE PRODUTOS TEXTEIS LTDA,https://alfabag.com.br
INBOX BRINDES LTDA,https://brindes.com.br
VITALI COMERCIO E INDUSTRIA DE ROUPAS LTDA,https://vitali.tech
GOLDMED IMPORTACAO DE PRODUTOS HOSPITALARES LTDA.,https://goldmed.com.br
AMPLA BENEFICIOS LTDA,https://beneficios.org.br
GREEN PET COMERCIO E SERVICOS LTDA,https://greenpet.net.br
DINOXX COMERCIAL  SERVICOS EM PRODUTOS DE ACO LTDA,https://dinoxx.com.br
VP FLEXGEN (BRAZIL) SPE LTDA.,https://vpflexgen.com.br
JS MOON VESTUARIO LTDA,https://jsmoon.com
BSINE IMPRESSOS PERSONALIZADOS E COMERCIO LTDA.,https://impressospersonalizados.com.br
GLOBAL SOLUCOES DE GESTAO EMPRESARIAL LTDA,https://empresarial.com.br
TREVI CONFECCOES LTDA,https://trevi.com
NEWTEC EQUIPAMENTOS PARA PINTURAS LTDA,https://newtecequipamentos.com.br
HEATEX ENGENHARIA E SISTEMAS TECNOLOGICOS DO BRASIL LTDA,https://heatexengenharia.com.br
EVOLVEMED INSTRUMENTAL CIRURGICO LTDA,https://instrumentalcirurgico.com.br
MARANATA HAIR COSMETICOS LTDA,https://maranata.com.br
TRACTOR CALCADOS DE SEGURANCA LTDA,https://tractorcalcados.com.br
ARSTOP INDUSTRIA E COMERCIO LTDA,https://arstop.com.br
ORTEGA INJECAO ELETRONICA LTDA,https://ortegainjecao.com.br
ADVANTAG TECNOLOGIA E SERVICOS LTDA,https://advantag.com.br
VEDACOES RAFARD LTDA,https://vedacoes.net.br
LLUMINUS INDUSTRIA E COMERCIO DE MATERIAIS PARA CONSTRUCAO LTDA,https://construcao.com.br
L S M UTILIDADES LTDA,https://utilidades.com.br
VANESSA FERRAZ LTDA,https://vanessaferraz.com.br
MATER ECCLESIAE LOJA LTDA,https://materecclesiae.com.br
TELLYCOM BRASIL LTDA.,https://tellycom.com.br
GRACA ARTES GRAFICAS E EDITORA LTDA,https://gracaartes.com.br
PISCALED COMPONENTES ELETRONICOS LTDA.,https://componenteseletronicos.com.br
MAZZINI TRADING LTDA,https://mazzini.com.br
APSA  ADMINISTRACAO PREDIAL E NEGOCIOS IMOBILIARIOS SA,https://negociosimobiliarios.com
4 SHOP ONLINE COMERCIO ELETRONICO LTDA,https://4online.com
FORTA TECH COMERCIO DE EQUIPAMENTOS AUTOMOTIVOS LTDA,https://fortatech.com.br
RSJ ASSESSORIA E SERVICOS LTDA,https://rsjassessoria.com.br
XPERIUN EDUCACAO EM ANALISE DE DADOS LTDA,https://xperiun.com
CANPOTEX BRASIL ESCRITORIO DE REPRESENTACAO LTDA.,https://representacao.com.br
OLIVEIRA E FIGUEIREDO DISTRIBUIDORA DE COSMETICOS LTDA,https://oliveira.com.br
REDE MOVEIS ECOMMERCE LTDA,https://redemoveis.com.br
CCS COMERCIO DE CHOCOLATES E SOBREMESAS LTDA,https://ccschocolates.com
TOP COMERCIO DE RODAS LTDA,https://toprodas.net.br
KELLY CRISTINA DOS SANTOS LTDA,https://kellycristina.com.br
LOJA DO RODIZIO LTDA,https://rodizio.com
COMERCIAL E IMPORTADORA NATURAL FOODS LTDA,https://natural.com.br
TRAVEL BLUE BRASIL ACESSORIOS DE VIAGEM LTDA,https://travelblue.com
PC FIXACOES LTDA,https://pcfixacoes.com.br
GNOSE INDUSTRIA E COMERCIO LTDA,https://gnose.com.br
ESTRELA MATERIAIS ESPORTIVOS E SAPATARIA LTDA,https://estrela.com.br
EDUARDO AZEVEDO ATELIER LTDA,https://eduardoazevedo.tech
GURU 360 PUBLICIDADE LTDA,https://guru360.com.br
LINO INOX COMUNICACAO VISUAL LTDA,https://linoinox.com.br
AGRIFERTIL NUTRICAO VEGETAL E ANIMAL LTDA.,https://agrifertil.com.br
MALEVA COMERCIO VAREJISTA DE ARTIGOS DO VESTUARIO LTDA,https://maleva.com.br
UNI CALCADOS LTDA,https://unicalcados.com.br
BIODEVICE MEDICAL  COMERCIO E IMPORTACAO DE PRODUTOS MEDICOS E HOSPITALARES LTDA,https://biodevice.com.br
VAREJO CONTEMPORANEO DE VESTUARIO MASCULINO LTDA,https://contemporaneo.com.br
FIT URBAN COMERCIO DE ROUPAS E ACESSORIOS LTDA,https://fiturban.com.br
GMR ASSESSORIA E CORRETAGEM DE SEGUROS LTDA,https://seguros.org.br
MINAS BRASIL MAQUINAS E EQUIPAMENTOS LTDA,https://minasbrasil.net.br
FINARTE FABRICA DE BROWNIE LTDA,https://finarte.com.br
J. M. DA CUNHA  CIA LTDA,https://cunha.com.br
RAYMUNDO E RAYMUNDO MAQUINAS E EQUIPAMENTOS LTDA,https://raymundo.com
VOLUY TELECOM LTDA,https://telecom.com.br
MULTICOM ATACADO E VAREJO SA,https://multicom.com.br
ANJOS FRANCHISING LTDA,https://anjos.com
PSICOLOGIA VIVA S.A.,https://psicologiaviva.com.br
VIOLET INTIMATE COMERCIO DE PRODUTOS LTDA,https://violetintimate.com.br
POSTO ROTA 101 DERIVADOS DE PETROLEO LTDA,https://derivadospetroleo.com
MOBILI  ASSOCIACAO DOS PORTADORES DE MOBILIDADE REDUZIDA,https://mobili.com.br
ISABELA ALVES MOTA LTDA,https://alvesmota.com.br
FETTI SOLUCOES EM INJECAO DE ALUMINIO LTDA,https://fettiinjecao.com.br
STRIKE BRASIL STORE LTDA,https://strikebrasil.com.br
DESAFIOS DO APRENDER LTDA,https://aprender.org.br
PIETA MODA FEMININA E DELIVERY LTDA,https://pietamodafeminina.com.br
TICTO TECNOLOGIA LTDA,https://ticto.com.br
AGROCERES MULTIMIX NUTRICAO ANIMAL LTDA,https://agroceresmultimix.com.br
ESCOLA HOLISTICA ENERGIA ATIVA LTDA,https://escolaholistica.com.br
MADAME CORUJA STORE LTDA,https://madamecoruja.com.br
MUNICIPIO DE CANTAGALO,https://cantagalo.org.br
SM PRESTSERVICE TECNOLOGIA E SOLUCOES EM SERVICOS LTDA,https://smprestservice.com
ACREDITAR COBRANCA E ANALISE DE CREDITO LTDA,https://credito.com.br
PLASCRIL COMERCIO DE ACRILICOS LTDA,https://plascril.com
SAINTGOBAIN CANALIZACAO LTDA,https://canalizacao.com.br
UNIVERSO PARTS IMPORTACAO EXPORTACAO E COMERCIO DE PECAS AUTOMOTIVAS LTDA,https://universo.com.br
NISSIPLAS ARTIGOS PARA FESTAS LTDA,https://festas.com.br
VENENO DE COBRA COMERCIO DO VESTUARIO LTDA,https://veneno.com.br
INOVA CWB TECNOLOGIA DA INFORMACAO LTDA,https://informacao.com.br
BEM VIVER PHARMA  MANIPULACAO LTDA,https://bemviver.com.br
TASK SISTEMAS DE COMPUTACAO SA,https://tasksistemas.com.br
DA MINHA COR IMPORTADORA E EXPORTADORA LTDA,https://minhacor.com
"P.ZAMBONI COMERCIO, IMPORTACAO E EXPORTACAO, E SERVICOS DE BELEZA LTDA",https://zamboni.com.br
LEONE COMERCIO E DISTRIBUICAO DE PRODUTOS NUTRICIONAIS LTDA,https://nutricionais.com.br
NUTTI INDUSTRIA E COMERCIO DE MODA INFANTIL LTDA,https://modainfantil.com
MACRISAN MAKEUP STORE LTDA,https://macrisan.com.br
"CONTENTO COMERCIO DE DECORACAO, AROMAS E ACESSORIOS LTDA.",https://contento.com.br
ALESSANDRA VALERIA F DA SILVA LTDA,https://valeriasilva.com.br
FEBRACIS FORTALEZA TREINAMENTO EM DESENVOLVIMENTO PROFISSIONAL E GERENCIAL LTDA,https://febracis.com.br
TEKNOVA BR COMERCIO E MANUTENCAO DE EQUIPAMENTOS E TINTAS PARA COMUNICACAO VISUAL LTDA.,https://teknova.com.br
ST. THOMAS BOUTIQUE LTDA,https://stthomas.com.br
SMART REPRESENTACAO DE ELETRONICOS LTDA,https://smartrepresentacao.com
CIANO CAMISETAS LTDA,https://cianocamisetas.com.br
INNOVAK DO BRASIL PROD AGRICOLAS LTDA,https://innovak.com.br
BERRA BODE INDUSTRIA E COMERCIO LTDA,https://berra.com
EMEAEME INDUSTRIA E COMERCIO LTDA,https://emeaeme.com.br
ALMA SEMIJOIAS ARRUDA LTDA,https://almasemijoias.com
FLAVIO JOSE ESPINOSA PINHEIRO JUNIOR LTDA,https://flaviojose.com.br
CONCEPTY DISTRIBUIDORA LTDA,https://concepty.io
MS CAMISARIA LTDA,https://mscamisaria.com.br
DENTAL SORRISO DE JUIZ DE FORA LTDA,https://dentalsorriso.com.br
DOCE VIDA DIABETES LTDA,https://docevidadiabetes.com.br
ELO TEXTIL LTDA,https://elotextil.com.br
SANCHES COMERCIO DE ARTIGOS CICLISTICOS LTDA,https://sanches.com.br
E. R. GESTAO EM TELECOMUNICACOES LTDA,https://gestao.com.br
LOPES LEME MOVIMENTO LITERARIO LTDA,https://movimentoliterario.com.br
FERNANDA DI BIASE COMERCIO DE ROUPAS LTDA,https://dibiase.com.br
HANDEX DO BRASIL LTDA,https://handex.com.br
IONFIX EQUIPAMENTOS INDUSTRIAIS E SERVICOS LTDA,https://ionfix.com.br
COCO  BAMBU MODA PRAIA E ACESSORIOS LTDA,https://cocobambu.com.br
EDITORA MAQUINA DE LIVROS LTDA,https://livros.com.br
CLINICA MEDICA DRA JULIANA FONSECA LOBO LTDA,https://clinicamedica.net.br
CERRADO CF CENTRO DE TREINAMENTO ESPORTIVO LTDA,https://cerrado.com.br
ENSABOA BRASIL LTDA,https://ensaboa.com
RENOVA DE ICARAI COMERCIO DE ROUPAS E ACESSORIOS LTDA,https://renova.com.br
ARTCRAFT IMPORTACAO  ARTESANATO E PAPELARIA LTDA,https://artcraft.com.br
SAGI SOLUTIONS LTDA,https://sagisolutions.com.br
SAGIT IMPLEMENTOS RODOVIARIOS LTDA,https://rodoviarios.com.br
BIOMEGA MEDICINA DIAGNOSTICA LTDA,https://medicinadiagnostica.com.br
INSTITUTO CAPILARE LTDA,https://instituto.io
ZARADISE COMERCIO DE SEMIJOIAS LTDA,https://semijoias.com.br
CECI ATELIER MODA E ACESSORIOS LTDA,https://ateliermoda.com
NEBULIZE INDUSTRIA E COMERCIO LTDA,https://nebulize.com.br
PIGEONS OUT INDUSTRIA E COMERCIO DE EQUIPAMENTOS ELETRONICOS LTDA,https://pigeonsout.com.br
DFA DEFENSE LTDA.,https://dfadefense.com
INFRAMETRO SERVICOS TECNICOS LTDA,https://inframetro.com.br
DESPERTAH COMERCIO DE ALIMENTOS SAUDAVEIS LTDA,https://despertah.com.br
DRV BOMBAS LTDA,https://drvbombas.com.br
KOALA PARTS ACESSORIOS AUTOMOTIVOS E ELETRONICOS LTDA,https://koalaparts.com.br
BUBBLECO COMERCIO DE COSMETICOS LTDA,https://cosmeticos.com.br
MUNICIPIO DE RIO CLARO,https://rioclaro.com.br
V. J. DAS NEVES JUNIOR LTDA,https://junior.com.br
POLIMIX CONCRETO LTDA,https://polimixconcreto.com.br
PHOENIX VALVULAS LTDA,https://phoenixvalvulas.com.br
VICENTE E TEIXEIRA COSMETICOS LTDA,https://vicenteteixeira.com
FEMME ORIGINAL CONFECCAO DE ARTIGOS DO VESTUARIO LTDA,https://femmeoriginal.com.br
MARILAR COMERCIO DE UTILIDADES DOMESTICAS LTDA,https://domesticas.com.br
"BARAO ALPHA COMERCIO DE CALCADOS, VESTUARIOS E ACESSORIOS LTDA",https://baraoalpha.com.br
MUNICIPIO DE SANTO ANTONIO DE PADUA,https://santoantoniopadua.com.br
JOIAS OMEGA LTDA,https://joias.io
ACTIVE COMERCIO DE ROUPAS E CALCADOS LTDA,https://active.io
ROSSI INSTRUMENTOS CIRURGICOS INDUSTRIA E COMERCIO LTDA,https://rossiinstrumentos.com.br
MUNICIPIO DE TRES RIOS,https://municipio.net.br
EWA COMERCIO E SERVICOS INTELIGENCIA EM ELETRONICA LTDA,https://inteligenciaeletronica.com.br
MACH CNC INDUSTRIA E FABRICACAO DE MAQUINAS LTDA,https://machcnc.com.br
W.R. ETIQUETAS LTDA,https://etiquetas.com.br
CMC LAB LTDA,https://cmclab.com.br
MM MIRASSOL COMERCIO E SERVICOS LTDA.,https://mirassol.com
"RESPIRE CARE COMERCIO, SERVICOS, IMPORTACAO E EXPORTACAO LTDA",https://respirecare.com.br
TECHNOTRIBO INDUSTRIA E COMERCIO LTDA,https://technotribo.com.br
AUXTER SP MAQUINAS E PARTS LTDA,https://auxter.com.br
EMPREENDIMENTO IMOBILIARIO JARDIM DOS IPES  SPE LTDA,https://empreendimento.com.br
PROJETO HITO LTDA,https://projetohito.com.br
DIRETA CERTIFICACAO DIGITAL LTDA,https://certificacaodigital.com.br
DROP1 BRINQUEDOS E LIVRARIA LTDA,https://livraria.net.br
OCEAN DROP S.A.,https://oceandrop.com.br
ANA KROSS INDUSTRIA E COMERCIO DE CALCADOS LTDA,https://anakross.com.br
CAROLINA OUTLET LTDA,https://carolinaoutlet.com
ACO CORTEN INDUSTRIA E COMERCIO DE TINTAS ESPECIAIS LTDA.,https://acocortentintas.com.br
LIIGO SERVICOS DE INTERNET LTDA,https://liigo.com.br
JA METAIS PARA MODA LTDA,https://jametais.com
TRIPP VESTE MODA E ESTILO LTDA,https://trippveste.com.br
ALVES VALADAO LTDA,https://valadao.com.br
ZOHLA SAPATARIA LTDA,https://sapataria.com.br
CUTE PAWS BR COMERCIO DE ARTIGOS PARA ODONTOPEDIATRIA LTDA,https://cutepaws.com.br
DIESEL10 COMERCIO E SERVICOS DIESEL LTDA,https://diesel.com.br
NEW MEDIC HOSPITALAR LTDA,https://newmedic.com.br
CWB LENTES COMERCIO DE ARTIGOS OPTICOS LTDA,https://cwblentes.com.br
TM BRASIL TRANSPORTES ELOGISTICA LTDA,https://tmbrasil.com
"DI BACCELLI CONFECCOES, COMERCIO E VESTUARIOS ECOMMERCE LTDA",https://ecommerce.net.br
ALTESO EQUIPAMENTOS INDUSTRIAIS S.A.,https://altesoequipamentos.com
VIA BELLA STORE LTDA.,https://viabella.com
XCOMM IMPORTADORA E ECOMMERCE LTDA,https://xcomm.com
MULTI PAPER PAPELARIA LTDA,https://multipaper.io
DK CENTRO OPERACIONAL INTEGRADO LTDA,https://integrado.br
FTS DO BRASIL COMERCIAL LTDA,https://ftsbrasil.com.br
TIGHT BRAZIL LTDA,https://tight.com.br
SENSO SOLUTION BRASIL TECNOLOGIA LTDA,https://sensosolutionbrasil.com.br
CAMARA DE DIRIGENTES LOJISTAS DE BARRA MANSA,https://barramansa.com.br
"TWA CODIFICACAO E AUTOMACAO INDUSTRIAL, COMERCIO E SERVICOS LTDA",https://twacodificacao.com.br
AT PROAUDIO LTDA,https://atproaudio.com.br
W FREIRE CALCADOS E CONFECCOES LTDA,https://freirecalcados.com.br
LIDER VAREJO COMERCIO ELETRONICO LTDA,https://lider.net.br
SUED PARTS SERVICO E COMERCIO DE PECAS LTDA,https://suedparts.com.br
NOVA SMAR SA,https://novasmar.com
CALAMITY JOGOS DE TABULEIRO E ACESSORIOS LTDA,https://tabuleiro.com.br
ACQUA COMERCIO DE BOMBAS HIDRAULICAS E EQUIPAMENTOS DE GERACAO DE ENERGIA LTDA,https://acquabombas.com.br
TKS MEDICAL IMPORTACAO E EXPORTACAO LTDA,https://tksmedical.com
ME LEVE COMERCIO DE ALIMENTOS LTDA,https://alimentos.com.br
DONA VAL PIJAMAS CONFECCAO E COMERCIO VAREJISTA LTDA,https://donaval.com.br
FAIRTEK SISTEMAS INTELIGENTES S.A.,https://sistemasinteligentes.com.br
RICARDO RODRIGUES E MARENIZIA B. S. RODRIGUES CONSULTORIOS S.A.,https://ricardorodrigues.com
NOVATEC INDUSTRIA E COMERCIO LTDA,https://novatec.com.br
ADECORE INDUSTRIA E COMERCIO DE PRODUTOS PARA DECORACAO LTDA,https://decoracao.com.br
D  G FASHION MODAS LTDA,https://fashion.com
NORTE INOX INDUSTRIA E COMERCIO DE FERRAGENS E FERRAMENTAS LTDA,https://norteinox.com.br
ALVES  FREITAS INDUSTRIA E COMERCIO DE COMPONENTES PARA CALCADOS LTDA,https://alvesfreitas.com.br
ASSOCIACAO DE PROTECAO VEICULAR DOS FUNCIONARIOS DA INDUSTRIA E COMERCIO DO ESTADO DE SAO PAULO,https://protecaoveicular.com.br
LABSIT INTELIGENCIA DIGITAL LTDA,https://inteligenciadigital.com.br
SHOPPING DOS PETS COMERCIO IMPORTACAO E EXPORTACAO LTDA,https://shopping-pets.com
PEIXOTO FARIAS SOCIEDADE INDIVIDUAL DE ADVOCACIA,https://peixoto.com.br
SAO PADRE PIO EMPREENDIMENTOS E PARTICIPACOES LTDA,https://padrepio.com
ARAUNAH TECH SOLUCOES TECNOLOGICAS LTDA,https://araunahtech.com.br
AK ASSIS COSMETICOS LTDA,https://cosmeticos.com.br
F. BARBOZA MACHADO  COMERCIO DE ELETRONICOS,https://barboza.com.br
UNIVERSIDADE FEDERAL RURAL DO RIO DE JANEIRO,https://janeiro.com.br
BRASIL CAPAS INDUSTRIA COMERCIO E DISTRIBUICAO DE EQUIPAMENTOS PARA PISCINAS LTDA,https://brasilcapas.com.br
NINATHEO COMERCIO E LOCACAO DE ARTIGOS DE FORMATURA LTDA,https://formatura.com.br
HITNORTH BRASIL PRODUTOS PERSONALIZADOS LTDA,https://personalizados.com.br
ALEXIA MAIA LTDA,https://alexia.com
TERAPEUTICA SINGULAR FARMACIA DE MANIPULACAO LTDA,https://manipulacao.com.br
DROGARIA EXECUTIVA LTDA,https://executiva.com.br
INSTITUTO TRENI LTDA,https://institutotreni.com.br
ALLIANCE PISCINAS LTDA,https://alliancepiscinas.com.br
BALL BEVERAGE CAN SOUTH AMERICA LTDA,https://southamerica.com.br
HOLI COATS CONFECCOES LTDA,https://holicoats.com.br
PREVENIR ASSESSORIA EM SAUDE OCUPACIONAL LTDA,https://ocupacional.com.br
GARMENT MODAS LTDA,https://garment.com
LOJA DELBO LTDA,https://delbo.com.br
SOCIEDADE BRASILEIRA DE COMPUTACAO,https://sociedadebrasileira.com.br
TN MOEDAS NUMISMATICA LTDA,https://tnmoedas.com.br
JOATINGA FABRICACAO E COMERCIO DE PERFUMES E COSMETICOS LTDA,https://cosmeticos.com.br
JF AUTO DIESEL LTDA,https://jfauto.com
CUNHA SOLUCOES TECNOLOGICAS LTDA,https://cunha.com.br
COMARY INDUSTRIA DE BEBIDAS LTDA,https://comary.com.br
ROX TRAVEL TURISMO E LOCACAO DE VEICULOS LTDA,https://roxtravel.com
VERSALHES CONFECCAO DE ARTEFATOS DE TECIDO LTDA,https://versalhes.com.br
CENTRO DE SAUDE CLIMT LTDA,https://centrosaude.com
PROJEFARMA INDUSTRIA DE MOVEIS PARA FARMACIA LTDA,https://projefarma.com.br
COMPANHIA SIDERURGICA DO ESPIRITO SANTO S.A.,https://espiritosanto.com
LD  CELULOSE S.A.,https://ldcelulose.com
GRIPP CONFECCOES LTDA,https://gripp.com
P PAGAMENTOS LTDA,https://pagamentos.io
CINTASE NOVA  COMERCIO VAREJISTA DE ARTIGOS MEDICOS E ORTOPEDICOS LTDA.,https://cintasenova.com.br
AMANUENSE LIVROS LTDA,https://livros.com.br
CODINTER DO BRASIL EQUIPAMENTOS S.A.,https://brasilequipamentos.com.br
BDM PERFORMANCE COMERCIO DE AUTO PECAS LTDA,https://bdmperformance.com.br
AMG MEDICINA E SAUDE OCUPACIONAL LTDA,https://ocupacional.com.br
GR COMERCIO  MAGAZINE LTDA,https://magazine.net.br
TRIIBO TECNOLOGIA E COMUNICACAO LTDA,https://triibo.com.br
CONFECCAO SONHAR SLEEPWEAR LTDA,https://sleepwear.com.br
ELETRICA FUSAO LTDA,https://eletricafusao.com.br
NATURES PERSONNALISE LTDA,https://natures.com
VELOPACK INDUSTRIA COMERCIO DE MAQUINAS E AUTOMACAO LTDA,https://velopack.com.br
"ORION INDUSTRIA E COMERCIO DE UNIFORMES, EPIS E TECIDOS LTDA.",https://tecidos.com.br
LEZZCURVE INDUSTRIA E COMERCIO DE CONFECCOES LTDA,https://lezzcurve.com.br
THE PARADISE BOUTIQUE LTDA,https://theparadise.com
FENCHEM BIOQUIMICA LTDA,https://bioquimica.org.br
EDITORA INTERCIENCIA LTDA,https://editorainterciencia.com
WAYON IT SOLUTIONS LTDA,https://wayonit.com
KOCHEN AZEITES SABORIZADOS LTDA,https://kochenazeitessaborizados.com.br
VANELLI MODA FEMININA LTDA,https://modafeminina.com.br
AVEC VOUS BOUTIQUE DE ROUPAS E ACESSORIOS LTDA,https://avecvous.com.br
CWTRENDS SUPLEMENTOS ALIMENTICIOS LTDA,https://cwtrends.com.br
MEGA PESADOS COMERCIO DE AUTOMOVEIS E MAQUINAS LTDA,https://megapesados.com.br
JOALHERIA LOKA DO PIERCING LTDA,https://joalheria.com.br
INFORMATICA MAIS TECNOLOGIA LIMITADA,https://informaticamais.com
AZZI AND CO COMUNICACOES LTDA,https://azziandco.com
LUCAS FERREIRA DORNELLAS LTDA,https://lucasferreira.com.br
CESAR COMERCIO E INDUSTRIA LTDA,https://cesar.com.br
CENTRO DE ESTUDOS BIBLICOS  CEBI,https://centro.com.br
ARELL IMPORTACAO E COMERCIO LTDA,https://arell.com.br
QUIMERA KIDS CONFECCOES E COMERCIO DE ROUPAS LTDA,https://quimerakids.com.br
LETISSU BOUTIQUE  COMERCIO DE ROUPAS E ACESSORIOS LTDA,https://letissuboutique.com.br
T.W.O STYLUS ARTIGOS DO VESTUARIO LTDA,https://stylus.com
R.T IND. E COM. DE ARTIGOS EM COURO LTDA,https://indcom.com
SMARTHIS CONSULTORIA EM TECNOLOGIA DA INFORMACAO LTDA,https://informacao.com.br
SCARLATELLI ARTE E DECOR LTDA,https://artedecor.com
EXTREME OUTDOOR PRODUTOS DE AVENTURA LTDA,https://extremeoutdoor.com.br
GOLDEN IMEX LTDA,https://golden.com
BIO STORE ONLINE LTDA,https://storeonline.com
STRONGER COMERCIO VAREJISTA LTDA,https://stronger.com.br
METALURGICA TAK LTDA,https://metalurgicatak.com.br
VELOZCARD ADMINISTRADORA DE CARTOES LTDA,https://velozcard.com.br
VANI PET LTDA,https://vanipet.com.br
TRIWAY SPORTS COMERCIO DE ARTIGOS ESPORTIVOS LTDA,https://triwaysports.com.br
"IESA  PROJETOS, EQUIPAMENTOS E MONTAGENS SA. EM RECUPERACAO JUDICIAL",https://recuperacaojudicial.com.br
LE BAMBINO INDUSTRIA E COMERCIO DE CONFECCOES LTDA,https://lebambino.com.br
PONTO BR COMERCIO ELETRONICO LTDA,https://pontobr.com.br
REAGE TRANSPORTES LTDA,https://reage.org.br
BRILHA LENTES PRODUTOS OPTICOS LTDA,https://brilhalentes.com.br
MX ESCOLA DE NEGOCIOS LTDA,https://negocios.com.br
MADE IN KOREA MINAS LTDA,https://madein.com.br
ELO EQUIPAMENTOS MEDICOS LTDA,https://eloequipamentos.com.br
ALI SAT RASTREAMENTO E MONITORAMENTO LTDA,https://alisat.com.br
YOOU PRODUCAO AUDIOVISUAL LTDA,https://producaoaudiovisual.com
CLEVERSON A M SOARES LTDA,https://cleversonsoares.com
PROTECTRONICS SOLUCOES INDUSTRIAIS LTDA,https://protectronics.com.br
F.B.F. COMUNICACAO VISUAL LTDA,https://comunicacaovisual.net.br
RIO FITNESS WEAR LTDA,https://riofitness.com.br
AVM TATTOO E PIERCING LTDA,https://tattoopiercing.com
CREB CENTRO DE REUMATOLOGIA E ORTOPEDIA BOTAFOGO S.A.,https://botafogo.com.br
INSTITUTO ESPIRITUAL CENTRO AYAHUASQUEIRO JIBOIA SAGRADA,https://jiboiasagrada.com.br
FARMAWEGMAN  ASSOCIACAO DOS AMIGOS DA ARTE DO MEDICAR,https://farmawegman.com.br
WJ MATERIAIS ELETRICOS LTDA,https://wjmateriaiseletricos.com.br
PLANET ARTEFATOS DE COURO LTDA,https://planet.com.br
REFINATTA AROMATIZACAO PROFISSIONAL E RESIDENCIAL LTDA,https://refinatta.com.br
INSTITUTO IDEIAS DE FUTURO,https://institutoideias.com.br
HI GROUP LTDA,https://higroup.com.br
LIONS SEGUR E VIGIL PATRIMONIAL LTDA,https://patrimonial.net.br
BALALA MIX DISTRIBUIDORA LTDA,https://balalamix.com.br
BELA MAGAZINE COMERCIO VAREJISTA DE MOVEIS LTDA,https://belamagazine.com
IBIRITE ANTI MULTAS LTDA,https://antimultas.com.br
FIMACOM INDUSTRIA E COMERCIO TEXTIL LTDA,https://fimacomtextil.com.br
CL CAPAS E ACESSORIOS LTDA,https://clcapas.com.br
WIDETECH AUTOMACAO LTDA,https://widetechautomacao.com.br
CAMARIM FLORIDO CONFECCOES LTDA,https://camarimflorido.com.br
VEGALLI COMERCIO DE CALCADOS E ACESSORIOS LTDA,https://vegalli.com.br
EDITORA QUATRO VENTOS LTDA,https://quatroventos.com.br
SOCIEDADE BRASILEIRA DE ENGENHARIA DE TELEVISAO,https://sociedadebrasileira.com.br
FESTA COMERCIO VAREJISTA DE BRINDES LTDA.,https://festabrindes.com.br
ADAPTARE PODOPOSTUROLOGIA E COMERCIO DE ORTESES LTDA,https://adaptare.com.br
KERIDINHAS MODA PRAIA LTDA,https://modapraia.com.br
ITH BOLTING TECHNOLOGY BRASIL LTDA,https://technologybrasil.com
"STICKTAPE COMERCIO, IMPORTACAO, EXPORTACAO E REPRESENTACOES COMERCIAIS DE PRODUTOS ADESIVOS LTDA",https://sticktape.com.br
VICOM TELECOM LTDA,https://telecom.com.br
GUERBET IMAGEM DO BRASIL LTDA,https://imagembrasil.com.br
MINI TROFEUS INDUSTRIA E COMERCIO LTDA,https://minitrofeus.com.br
MTC ANLAGENBAU TELETEC INDUSTRIA COMERCIO DE PECAS E EQUIPAMENTOS LTDA,https://mtcanlagenbau.com.br
NOVO MUNDO TELECOM LTDA,https://novomundo.com.br
AMBIENTE G3 CORTINAS MOTORIZADAS LTDA,https://ambienteg3.com.br
LUA DOCE COMERCIO LTDA,https://luadoce.com
TACOLADO COMERCIO DE ARTIGOS DECORATIVOS LTDA,https://tacolado.com.br
PENTA LASER COMERCIO DE MAQUINAS LTDA,https://pentalaser.com.br
CONFETES DECORATIVOS ESTILO E FESTAS LTDA,https://festas.com.br
NEW YORK STORE MULTIMARCAS LTDA,https://newyork.com.br
MEGA MAKE COSMETICOS LTDA,https://cosmeticos.com.br
J2R AUTOMACAO LTDA LTDA,https://j2rautomacao.com.br
BRAMARLOG ARMAZEM E LOGISTICA LTDA,https://bramarlog.com.br
AMO INDUSTRIA E COMERCIO DE CALCADOS,https://amocalcados.com.br
FAZENDA ALEGRIA LTDA,https://fazendaalegria.com.br
PV8 PECAS PARA AR CONDICIONADO AUTOMOTIVO LTDA,https://automotivo.com.br
"DELTA COMERCIO, IMPORTACAO E EXPORTACAO LTDA",https://delta.com
ALLAN CANDIDO PECLI CONSULTORIA,https://allancandido.com.br
HAZER HOME LTDA,https://hazerhome.com
ANCORUP CONSULTORIA LTDA,https://ancorup.com
CARMEL LTDA,https://carmel.com
BONJOUR COMERCIO E IMPRESSAO DE PRODUTOS PERSONALIZADOS LTDA,https://personalizados.com.br
IDEA  INSTITUTO DE DESENVOLVIMENTO E APRENDIZAGEM LTDA,https://ideainstituto.com.br
La Belle Petit Kids La Belle Petit Moda Infantil LTDA 30.376.696/0001-16,https://labellepetit.com.br
ALL PHARMACY MANIPULACAO LTDA,https://allpharmacy.com.br
REZENDE TEIXEIRA ARTIGOS ESPORTIVOS LTDA,https://rezende.com.br
"ALOAS VIAGENS E TURISMO, IMPORT EXPORT LTDA",https://importexport.com.br
INDFLOW EQUIPAMENTO INDUSTRIAIS LTDA,https://indflow.com.br
PARANHOS CALDAS COMERCIO DE MESA POSTA LTDA,https://mesaposta.com.br
ILDA AP. DE OLIVEIRA LTDA,https://oliveira.com.br
CALCADOS PARA TRABALHAR COMERCIO DE EQUIPAMENTOS DE PROTECAO INDIVIDUAL LTDA,https://individual.com.br
PATRONO TRANSPORTES LTDA,https://patrono.com
PAGTODOS INTERMEDIACAO DE NEGOCIOS LTDA,https://negocios.com.br
LORITA BASICS COMERCIO DE VESTUARIO E ACESSORIOS LTDA,https://lorita.com.br
RED PANDA TOYS LTDA,https://redpanda.com
ADVICE MEDICINA E ENGENHARIA DO TRABALHO LTDA,https://advice.com.br
FEEDZ TECNOLOGIA S.A.,https://feedz.com.br
ADT COMERCIO DE ARTIGOS PARA FESTAS LTDA,https://festas.com.br
ITQUALITY INFORMATICA LTDA,https://itquality.com.br
LEAD BOOK COMERCIO DE MATERIAL DIDATICO LTDA,https://leadbook.io
PAPEIS E TUDO MAIS COMERCIO LTDA,https://tudomais.com.br
PORTO ROUPAS ATACADO LTDA,https://porto.com.br
HORTOJAS DISTRIBUIDORA IMPORTS LTDA,https://hortojas.com.br
SERVICOS DE PETROLEO CONSTELLATION S.A.,https://constellation.com.br
SUA FABRICA ECOSSISTEMA DE MODA LTDA,https://suafabrica.com.br
EH MEDICAL COMERCIO DE MATERIAIS HOSPITALARES E MANUTENCAO DE EQUIPAMENTOS LTDA,https://ehmedical.com.br
FGM CLINICA DA SAUDE DO TRABALHADOR LTDA,https://saudetrabalhador.com.br
PINK PAY SOLUCAO EM PAGAMENTOS LTDA,https://pinkpay.com.br
FLASHLAB COMERCIO E SERVICOS LTDA,https://flashlab.com
VELAS DE FATIMA INDUSTRIA E COMERCIO DE VELAS LTDA,https://velasfatima.com
CHANGE COSMETICOS LTDA,https://changecosmeticos.com
GRAN COMERCIO DE LIVROS E SERVICOS LTDA,https://livros.com.br
TEX  GRAF INDUSTRIA E COMERCIO DE ARTEFATOS DE BORRACHA LTDA,https://texgraf.com
MARIANA CAVALCANTI DE ALBUQUERQUE SA,https://mariana.com.br
JOJAFER COMERCIO DE PECAS E ACESSORIOS LTDA,https://jojafer.com.br
DONNA PINK MODAS LTDA,https://donnapink.com.br
MARIANA MODAS COMERCIO DE ROUPAS E ACESSORIOS LTDA,https://mariana.com.br
DN MAMMY ROUPAS DE AMAMENTACAO LTDA,https://dnmammy.com.br
SILARE SOLUCOES AGRICOLAS LTDA,https://silare.com.br
AUTO POSTO PHOENIX PINHAL DE ITAPETININGA LTDA,https://itapetininga.net.br
HARTMANN INDUSTRIA E COMERCIO DE PRODUTOS MEDICOHOSPITALARES LTDA,https://hartmann.com.br
AGROPEC LESSE PROMOCAO DE VENDAS LTDA.,https://agropeclesse.com.br
FO POSITIVO COSMETICOS MILITARES LTDA,https://fopositivo.com.br
FAVORITA COMERCIO DE BIJUTERIAS LTDA,https://favorita.com.br
ARMAZEM 135 LTDA,https://armazem.tech
ACT ARTE LTDA,https://actarte.com
CENTERSPORT ARTIGOS ESPORTIVOS LTDA,https://centersport.com.br
VIEIRA  VIEIRA  FARMACIA DE MANIPULACAO LTDA,https://vieiravieira.com.br
LOJAS SIPOLATTI COMERCIO E SERVICOS LTDA,https://sipolatti.com.br
TRANSPORTES POLONI LTDA,https://poloni.com.br
DADA COMERCIO DE ESSENCIAS E EMBALAGENS PARA COSMETICOS LTDA,https://cosmeticos.com.br
MCAPITAL CONSULTORIA EMPRESARIAL LTDA,https://empresarial.com.br
NINACEREJA MODAS LTDA,https://ninacereja.com.br
M R DEBS EDITORA,https://debseditora.com.br
MAGALHAES E COTA LTDA,https://magalhaes.com
JUMPER EQUIPAMENTOS MEDICOS COMERCIO LTDA,https://jumperequipamentos.com.br
LC AVIAMENTOS LTDA,https://lcaviamentos.com.br
JOB PROMOCOES E EVENTOS LTDA,https://eventos.com.br
EDITORA MERCADO E EVENTOS LTDA,https://eventos.com.br
SAN DIEGO INDUSTRIA MINEIRA LTDA,https://sandiego.com.br
POWER TRAIL LTDA,https://powertrail.com
NR COMERCIO DE FERRAMENTAS E EQUIPAMENTOS PARA MAQUINAS AGRICOLAS LTDA,https://nrferramentas.com.br
TECHSOL BRASIL ENGENHARIA LTDA,https://techsolbrasil.com.br
CSO AUTOMACAO E MANUTENCAO INDUSTRIAL LTDA,https://manutencao.com.br
SL Assessoria Empresarial Ltda,https://slassessoria.com
MMB CONSULTORIA EM GESTAO EMPRESARIAL LTDA,https://empresarial.com.br
CLAUDIA ARBEX BIJUTERIAS LTDA,https://claudiaarbex.com.br
FERREIRA AMARO DENTAL LAB LTDA,https://dentallab.com.br
HIVAH ACESSORIOS LTDA,https://hivah.com
YAMAMOTTO COMERCIO E SERVICOS DE TECNOLOGIA LTDA,https://yamamotto.com.br
MADRE JOIAS - COMERCIO DE ACESSORIOS LTDA,https://madrejoias.com.br
LOG PRIME TRANSPORTES E LOGISTICA LTDA,https://logprime.com.br
NUTRAER E MASSABORE BEBIDAS E ALIMENTOS NUTRICIONAIS LTDA,https://nutraer.com.br
NEY FEK COMERCIO DE MALHAS LTDA,https://neyfek.com.br
INSTITUTO DE PESQUISA E TERAPIAS COMPLEMENTARES  ITHC,https://institutopesquisa.com.br
BY DANY VIANNA LTDA,https://bydanyvianna.com.br
NOVAPARTS COMERCIO E DISTRIBUICAO LTDA,https://novaparts.com.br
SKIN SHIRT COMERCIO TEXTIL LTDA,https://skinshirt.com.br
FOUETTE ECOMMERCE COMERCIO DE ACESSORIOS PARA DANCA LTDA,https://fouette.com.br
ADVENTURE GESTAO EMPRESARIAL LTDA,https://empresarial.com.br
BF PRINT SERVICOS GRAFICOS LTDA,https://bfprint.com.br
SOCIEDADE BRASILEIRA DE DIABETES,https://sociedadebrasileira.com.br
PATIO GOURMET COMERCIO LTDA,https://patiogourmet.com.br
VALENTINA TSHIRT COMERCIO E INDUSTRIA DE ARTIGOS DO VESTUARIO LTDA,https://valentinatshirt.com.br
SYSTEMPHARMA COMERCIO DE PRODUTOS MEDICOS LTDA,https://systempharma.com.br
PAS CLASSIQUE ECOMMERCE VESTUARIOS LTDA,https://pasclassique.com.br
RL INFORMATICA LTDA,https://informatica.com
VALORIZE INDUSTRIA TEXTIL LTDA,https://valorize.io
RITA LESSA INDUSTRIA E COMERCIO E PRODUTOS TEXTEIS E CONFECCAO LTDA,https://ritalessa.com
EUROPANEL DISPLAYS LTDA,https://displays.com.br
FORT SUPPLY COMERCIO DE EQUIPAMENTOS E MATERIAIS LTDA,https://fortsupply.com.br
ACQUA FLOR IND COM IMPORTACAO E EXPORTACAO LTDA,https://acquaflor.com.br
FAST TRANSLATION  TRANSCRICAO E DIGITACAO LTDA,https://fasttranslation.com.br
ELETRO SLIN TECNOLOGIA LTDA,https://eletro.org.br
SALVADOR COMERCIO DE VAREJO E ATACADO LTDA,https://salvador.com.br
TRES CHIC ACCESSOIRES LTDA.,https://treschic.com.br
CANTINHO MEU COMERCIO DE MOVEIS LTDA,https://cantinhomeu.com.br
TR TOOLS REPRESENTACOES E COMERCIO DE FERRAMENTAS LTDA,https://trtools.com.br
BELA ATITUDE MODA FEMININA LTDA,https://modafeminina.com.br
ATUACAO CAMISARIA LTDA,https://camisaria.com.br
VICTORY COMERCIO DE PERFUMES E COSMETICOS LTDA,https://victory.com.br
QUALITTY CASES COMERCIO DE EMBALAGENS LTDA,https://qualittycases.com.br
GARANTE BLU SERVICOS CONDOMINIAIS LTDA,https://garanteblu.com.br
ARCOE INTERMEDIACAO DE NEGOCIOS LTDA,https://negocios.com.br
FORMATO DIGITAL COMERCIO E COMUNICACAO MULTIMIDIA LTDA,https://formatodigital.com
MC MODAS JEANS LTDA,https://mcmodas.com.br
GRECIA P DA SILVA LTDA,https://greciasilva.com
SR ODONTOLOGIA DIGITAL LTDA,https://srodontologia.com.br
VIP COMERCIAL DE MOTOCICLETAS LTDA,https://motocicletas.com.br
AMBAR ORIGINAL COMERCIO VAREJISTA DE JOIAS LTDA,https://ambaroriginal.com.br
ALFA LAVAL AALBORG INDUSTRIA E COMERCIO LTDA,https://alfalaval.com.br
RODOBRAS COMBUSTIVEIS LTDA,https://rodobras.com.br
RENATA TORRAS CALCADOS LTDA,https://renata.com.br
IMPRIZIL SISTEMAS DE IDENTIFICACAO E IMPRESSOS DE SEGURANCA LTDA,https://imprizil.com.br
SIDNEY FERRAMENTAS LTDA,https://sidneyferramentas.com.br
GRAVITEON FABRICACAO DE IMPRESSOS EM MATERIAS DIVERSOS LTDA,https://graviteon.com.br
MVQ FARMACIA DE MANIPULACAO LTDA,https://manipulacao.com.br
PETMOM JOIAS E ACESSORIOS LTDA,https://petmom.com
SORELLA ARTE E COSTURA LTDA,https://sorella.com.br
ACESSO MARKETING PROMOCIONAL LTDA,https://acessomarketing.com.br
ASTRAB LAQUIO META OCUPACIONAL LTDA,https://astrab.com.br
CALMA SAO PAULO LTDA,https://calma.io
"SANAR A3  ANALISES DE AR, AGUAS E ALIMENTOS LTDA.",https://sanara3.com.br
HYDROGEN COMERCIO ELETRONICO LTDA,https://hydrogen.com.br
MED FUSION MANUTENCAO E VENDA CLINICA HOSPITALAR LTDA,https://medfusion.com
REVOLUTION ECOMMERCE E IMPORTACAO DE BIKES LTDA,https://revolutionecommerce.com
CASTANHEIRA E PEIXOTO COMERCIO DE ROUPAS LTDA,https://peixoto.com.br
SULTS TECNOLOGIA LTDA,https://sults.com.br
FOUR SECURITIZADORA SA,https://securitizadora.com.br
ANA MARIA BRASIL PEREIRA  LTDA,https://anamaria.com.br
BATTUTA  COMERCIO DE PRODUTOS PROMOCIONAIS LTDA,https://promocionais.com.br
THAIS RODRIGUES DOS SANTOS TRES DONAS LTDA,https://thaisrodrigues.com.br
PRODIHL COMERCIO DE PRODUTOS PARA AUTOMACAO E CONTROLE LTDA,https://prodihl.com.br
BASE ALIMENTOS BRASIL LTDA,https://basealimentos.com
GI MODAS BOUTIQUE LTDA,https://gimodas.com
ALL MAKE DISTRIBUIDORA DE COSMETICOS LTDA,https://cosmeticos.com.br
FEPAMAD FERRAMENTAS PARA MADEIRA LTDA,https://fepamad.com.br
FIGHTERS BRASIL COMERCIO ARTIGOS ESPORTIVOS LTDA,https://fightersbrasil.com.br
MM GEEK GAMES LTDA,https://mmgeekgames.com.br
SANTA RITA TECIDOS LTDA,https://santarita.org.br
CLINICA MAIS SAUDE CAMPOS LTDA,https://clinicamais.com.br
MARIA LINDA CALCADOS LTDA,https://marialinda.com
ALFAROMA INDUSTRIA E COMERCIO DE PERFUMES LTDA,https://alfaroma.com.br
"ATTRAK AUTOMACAO INDUSTRIAL, COMERCIO E SERVICOS LTDA",https://attrakautomacao.com
ALLCATRAZES LTDA,https://allcatrazes.com.br
UNIVERSO REBORN COMERCIO E IMPORTACAO LTDA,https://universoreborn.com
INFRAMED SOLUCOES TECNOLOGICAS LTDA,https://inframed.com.br
VILLE GESTAO DE CONDOMINIOS LTDA,https://gestaocondominios.com.br
FULL FITNESS LTDA,https://fullfitness.com
PRIETO  SOUTINHO COMERCIO DE ROUPAS E ACESSORIOS EM GERAL LTDA,https://prieto.com.br
KB BRINDES PROMOCIONAIS LTDA,https://brindespromocionais.com.br
THRONI ANGELORUM LTDA,https://throniangelorum.com.br
CRYSTAL RIO EXPORTACAO E IMPORTACAO LTDA,https://crystalrio.com.br
AENCANTOS MODA EVANGELICA LTDA,https://aencantos.com.br
FASTER MAIL RS SERVICOS DE CORREIO PRIVADO LTDA,https://fastermail.com.br
BOUCLE ROSE COMERCIO DE ACESSORIOS E VESTUARIO LTDA,https://boucle.com.br
WECLIX TELECOM S.A.,https://telecom.com.br
NEXUS SOFTWARE LTDA,https://nexus-software.com
LIFE HAIR COMERCIO DE BIJUTERIAS E ACESSORIOS LTDA,https://lifehair.com.br
SURGUIDE ODONTOLOGIA VIRTUAL LTDA,https://virtual.com.br
MARIANA NEVES JOIAS LTDA,https://mariana.com.br
R.C. PECAS E MANUTENCAO DE EQUIPAMENTOS CERAMICOS LTDA,https://manutencao.com.br
PASSO CERTO COMERCIO DE CALCADOS LTDA,https://passocerto.com
NEECHE VAREJO DE PERFUMES S.A.,https://neeche.com.br
ROYAL FACE FRANCHISING S.A.,https://royalface.com.br
ALIANCA COMERCIO E DISTRIBUICAO LTDA,https://alianca.com.br
NTS PARTS DIESEL AUTO PECAS LTDA,https://ntsparts.com.br
BELLAMED PRODUTOS HOSPITALARES LTDA,https://bellamed.com.br
PSM COMERCIO VIRTUAL LTDA,https://psmvirtual.com
MUNDIAL ENERGY MATERIAIS ELETRICOS LTDA,https://materiaiseletricos.com.br
RACHEL RIO JOIAS LTDA.,https://riojoias.com.br
"ALUMINIO INDUSTRIA, COMERCIO E SERVICOS LTDA",https://aluminio.tech
CONFEDERAL VIGILANCIA E TRANSPORTE DE VALORES LTDA,https://confederal.com.br
UNIVERSO SUB LTDA,https://universosub.com.br
MACAM BRASIL PRODUTOS PLASTICOS LTDA,https://macambrasil.com.br
BRUNA ANDRADE SOCIEDADE INDIVIDUAL DE ADVOCACIA,https://brunaandrade.com
WORLD STORE ACESSORIOS E UTILIDADES DOMESTICAS LTDA.,https://worldstore.tech
ROCK FEMME ACESSORIOS E MODA LTDA,https://rockfemme.com.br
Vivencie Urbanismo Servicos e Gestao Imobiliaria LTDA,https://vivencieurbanismo.com.br
PASQUINI COMERCIO DE MEDICAMENTOS LTDA,https://medicamentos.com.br
ANTONOW BRASIL LTDA,https://antonow.com.br
RC TEC COMERCIO DE COSMETICOS LTDA,https://rctec.com.br
2MT MOTORSPORTS LTDA,https://2mtmotorsports.com
GALINDA LTDA,https://galinda.com.br
"MENTOKO COMERCIO, IMPORTACAO E EXPORTACAO LTDA",https://mentoko.com
ARTT LASER COMERCIO DE CARTAZES E OBJETOS EM GERAL PERSONALIZADOS LTDA,https://personalizados.com.br
GLOBALPRO COSMETICOS LTDA,https://cosmeticos.com.br
FLEX ECOMMERCE BRASIL  COMERCIAL E REPRESENTACAO LTDA,https://flexecommerce.com
MICHELLY PALMA MAKEUP LTDA,https://michellypalma.com.br
MAC INCORPORADORA LTDA,https://macincorporadora.com.br
IGO LOGISTICA LTDA,https://igologistica.com.br
SANTAFADA SEMIJOIAS LTDA,https://semijoias.com.br
ADE DECORE COMERCIO LTDA,https://adedecore.com.br
SUPREMAIS COMERCIO E MANUTENCAO LTDA,https://manutencao.com.br
ENDOSCOPE CENTER MANUTENCAO EM APARELHOS MEDICOS LTDA,https://endoscopecenter.com.br
MERCEDESBENZ CARS  VANS BRASIL LTDA,https://vansbrasil.com.br
LABORPLAC INDUSTRIA E COMERCIO LTDA,https://laborplac.com.br
W. R. MOTOS E ACESSORIOS LTDA,https://motos.net.br
Les Alis Almeida e Araripe Comercio de Confeccoes LTDA 31.722.925/0001-70,https://lesalis.com.br
JANAINA DA SILVA SAUTHIER LTDA,https://janainasilva.com
ESTILO FASHION COMERCIO DE AVIAMENTOS LTDA,https://estilofashionaviamentos.com.br
4ASSET TECNOLOGIA SA.,https://4asset.com.br
JUNQUEIRA E CARDONE SOCIEDADE DE ADVOGADOS,https://sociedadeadvogados.com.br
DIGICASH DO BRASIL LTDA.,https://digicash.com.br
ESTILO PATRONES VESTUARIO LTDA,https://estilopatrones.com.br
EDNA MARIA MONTEIRO PEIXOTO  CIA LTDA,https://peixoto.com.br
REINVENTECH EDITORA E INOVACAO TECNOLOGICA LTDA,https://reinventech.com.br
CASA BERGAN COMERCIO DE TECIDOS E ARTIGOS DE DECORACAO LTDA,https://casabergan.com.br
RADIOCOMPONENTES COMERCIO E SERVICOS LTDA,https://radiocomponentes.com.br
ACO ART MECANICA INDUSTRIA E COMERCIO LTDA,https://acoart.com.br
MACENA COSMETICOS LTDA,https://cosmeticos.com.br
BERGER  GONCALVES LTDA,https://goncalves.com.br
ENVASE BRASIL E COMERCIO LTDA,https://envasebrasil.com.br
"MEGAGRAPHIC IMPORTADORA, INDUSTRIA E COMERCIO DE EQUIPAMENTOS S.A",https://megagraphic.com.br
TRES PARES COMERCIAL DE CALCADOS LTDA,https://trespares.com
RS PROTECAO LTDA,https://rsprotecao.com.br
NOVOMUNDO ARTIGOS ESPORTIVOS INTERNET LTDA,https://novomundo.com.br
FLORIPA VESTIBULARES LTDA,https://vestibulares.com.br
NOOSA COMERCIO DO VESTUARIO LTDA,https://noosa.io
SP BLANKS INDUSTRIA E COMERCIO DE PLACAS LTDA,https://spblanks.com.br
DUAL BELLE JOIAS COMERCIO DE SEMIJOIAS LTDA,https://dualbelle.com.br
DY PARTS AUTO PECAS LTDA,https://partsauto.com.br
BONECA DE FERRO MODA FITNESS LTDA.,https://modafitness.com.br
MAMA BIRD BRASIL VESTUARIO E ACESSORIOS LTDA,https://mamabirdbrasil.com.br
MD TECH COMERCIO LOCACAO E ASSISTENCIA TECNICA DE EQUIPAMENTOS MEDICOS LTDA,https://mdtech.com.br
DEDO DE MOCA MODA FEMININA LTDA,https://modafeminina.com.br
KATIA ROSA COMERCIO DE ROUPAS E ACESSORIOS LTDA,https://katiarosa.com.br
EDITORA CONECTOMUS LTDA,https://editoraconectomus.com.br
TIGRE DE PRATA FABRICACAO DISTRIBUICAO E IMPORTACAO DE JOIAS EM PRATA LTDA,https://joiasprata.com.br
BACCO SPIRIT DESTILARIA LTDA,https://baccospirit.com
ADORO QUEIJO LTDA,https://adoro.com
UNILABEL COMERCIO DE ETIQUETAS ADESIVA LTDA,https://adesiva.com.br
FACULDADE DUNAMIS LTDA,https://faculdadedunamis.com.br
CAROL ROSA SERVICOS DE ORGANIZACAO E PARTICIPACOES LTDA,https://carolrosa.com.br
SAFE SOLUCOES LOGISTICAS LTDA,https://logisticas.com.br
VIACAO METROPOLE PAULISTA SA,https://viacaometropole.com.br
PLUGFIELD TECNOLOGIA EM AGRONEGOCIOS S.A.,https://plugfield.com.br
UNIAO UCAB ASSESSORIA ADMINISTRATIVA LTDA,https://assessoriaadministrativa.com.br
DIVINA MULHER SEMI JOIAS LTDA,https://divinamulher.com.br
XRS SERVICOS AUXILIARES DE PORTARIA E LIMPEZA LTDA,https://limpeza.com.br
LIOHM INDUSTRIA E COMERCIO DE SENSORES LTDA,https://liohm.com
ART BOX 3D COMERCIO E SERVICOS DE IMPRESSOES LTDA,https://artbox.com.br
ANANDRA INDUSTRIA E COMERCIO LTDA,https://anandra.com.br
COMERCIAL KENNEDY MOVEIS E ELETRO LTDA,https://eletro.org.br
ANDRE LIMA CAVALCANTE COMERCIO DE INSTRUMENTOS MUSICAIS LTDA,https://instrumentosmusicais.com.br
COSTA MOREIRA MEDICINA OCUPACIONAL LTDA,https://ocupacional.com.br
H. VISION COMERCIO DE PRODUTOS OTICOS LTDA,https://vision.com
ARCIELO INDUSTRIAL LTDA,https://arcielo.com
TARDENE CONFECCOES LTDA,https://tardene.com.br
NORDEN TECHNOLOGIE ELETRONICA LTDA,https://norden.com.br
FARIAS E ANDRADE EMPREENDIMENTOS LTDA,https://farias.com.br
QUEEN MODA FESTA LTDA,https://queenmoda.com
RACINE EDUCACIONAL LTDA,https://racine.io
LAPIDA SEMIJOIAS E ACESSORIOS LTDA,https://lapidasemijoias.com.br
MARIA HEAD  HAIR SPA LTDA,https://hairspa.com
ICOMPUTER COMERCIO E SERVICOS DE INFORMATICA,https://icomputer.com.br
DAP DISTRIBUIDORA DE COSMETICOS LTDA,https://cosmeticos.com.br
MARIANA SERON SCARPELLI  CIA LTDA,https://mariana.com.br
NOTE REIS INFORMATICA COMERCIO VAREJISTA LTDA,https://reisinformatica.com.br
MENS FASHION STORE ROUPAS E ACESSORIOS LTDA.,https://mensfashion.com
SUDASEG SEGURADORA DE DANOS E PESSOAS SA,https://sudasegseguradora.com
AURA MATRA FARMACIA DE MANIPULACAO LTDA,https://auramatra.com.br
JR PERFIS LTDA,https://jrperfis.com.br
AMAZONIA AROMATIZANTES COMERCIAL LTDA,https://amazonia.com
EDITORA CIENCIA MODERNA LTDA,https://cienciamoderna.com.br
MULTISIG GEOPROCESSAMENTO LTDA,https://geoprocessamento.com.br
SOMAR INDUSTRIA E COMERCIO LTDA,https://somar.net.br
HOSPLOG LOGISTICA LTDA.,https://hosplog.com.br
3STORIES1 LTDA,https://3stories1.com.br
LEG LACRES LTDA,https://lacres.com.br
SOLARCOMP INDUSTRIA E COMERCIO DE MATERIAIS ELETRICOS LTDA,https://solarcomp.com.br
EMOLIENCE PROFESSIONAL LTDA,https://emolienceprofessional.com.br
INNOVATION  INDUSTRIA  DE  COSMETICOS  E  SUPLEMENTOS  LTDA,https://suplementos.com.br
YEES INCORPORADORA E CONSTRUTORA LTDA,https://construtora.net.br
LOJAS GD COMERCIO DE MOVEIS LTDA,https://moveis.com.br
TROMOT INDUSTRIA ELETRONICA LTDA,https://tromot.com.br
COLAFORT ETIQUETAS E RIBBONS LTDA,https://colafort.com.br
BP TECNOLOGIA EM SISTEMAS E LOCACAO DE EQUIPAMENTOS LTDA,https://bpsistemas.com.br
LUCITEX CONFECCOES LTDA,https://lucitex.com
S  B COMERCIO FARMACEUTICO LTDA,https://farmaceutico.io
FINEZ RACE  COMERCIO DE PECAS E OFICINA LTDA,https://finezrace.com.br
HENRIKEI ARTES ARMARINHOS E BIJUTERIAS LTDA,https://henrikeiartes.com.br
NANI HEELS COMERCIO DE CALCADOS E VESTUARIO LTDA,https://naniheels.com
LS INTERBANK COBRANCAS LTDA,https://lsinterbank.com.br
MARILHA MIRANDA  O TERRITORIO DAS DIVAS LTDA,https://marilhamiranda.com
A C B L DISTRIBUIDORA DE MEDICAMENTOS E PRODUTOS PARA SAUDE LTDA,https://medicamentos.com.br
COOPERFIBRA FIOS COOPERATIVA AGROINDUSTRIAL,https://cooperfibra.com.br
ISC TREINAMENTOS LTDA,https://isctreinamentos.com.br
RELPROT COMERCIO E MONTAGEM DE PRODUTOS ELETRONICOS LTDA.,https://relprot.com.br
INGRAL INDUSTRIA GRAFICA LTDA,https://ingral.com.br
CAJUGRAM GRANITOS E MARMORES DO BRASIL LTDA,https://cajugram.com.br
MUDRA HAND PAN COMERCIO LTDA,https://mudrahandpan.com
METROLAB SOLUCOES EM ENGENHARIA CLINICA LTDA,https://engenhariaclinica.com.br
FARMACIA MOULIN LTDA,https://moulin.com.br
FUNESP  EAD CENTRO EDUCACIONAL LTDA,https://funespead.com.br
ADVANCED STERILIZATION PRODUCTS DISTRIBUICAO E COMERCIO DE PRODUTOS PARA SAUDE LTDA.,https://advancedsterilizationproducts.com
MG MEDICAL COMERCIO E IMPORTACAO LTDA,https://medical.com.br
PENAVED VEDACOES INDUSTRIAIS LTDA,https://penaved.com.br
CAMILA CRUZ FERREIRA  LTDA,https://camilacruz.com.br
IMATERIAL ARTESANATO BRASILEIRO LTDA,https://imaterialartesanato.com.br
INSTITUTO E SE FOSSE VOCE,https://institutose.com.br
ART COCO ECOMMERCE COMERCIO DE JOIAS E BIJUTERIAS LTDA,https://artcoco.com.br
VIA BELLA MODA EVANGELICA LTDA,https://viabella.com
CONQUISTA RW PECAS E ACESSORIOS LTDA,https://conquista.net.br
COMERCIAL PROMOSTORE CONFECCOES LTDA,https://promostore.tech
SEJA SENSACIONAL APOIO ADMINISTRATIVO LTDA,https://administrativo.com.br
DEL CARPIO COMERCIO DE VEICULOS LTDA,https://delcarpio.com
FAIR CORRETORA DE CAMBIO SA,https://faircorretora.com.br
BBSX GESTAO DE ECOMMERCE LTDA,https://gestaoecommerce.com.br
GABRIELE ROSA DA SILVA COMERCIO DE PRODUTOS DE UTILIDADES DOMESTICAS LTDA,https://gabriele.com.br
RUBY STORE SEMI JOIAS LTDA,https://semijoias.com.br
INSTITUTO MUNICIPAL DE TRANSITO E TRANSPORTE  IMTRANS,https://imtrans.com.br
VALTER F SANTOS  2MV MANUTENCAO INSTRUMENTAL CIRURGICO LTDA,https://valtersantos.com
SEVENBIO COMERCIO E IMPORTACAO DE PRODUTOS NATURAIS LTDA,https://sevenbio.com.br
GOLDEN SOLUCOES ADMINISTRATIVAS LTDA,https://golden.com
SINDICATO DOS TRA DO SERVICO PUBLICO FED NO EST DA BA,https://sindicato.com.br
LUANA PEREIRA  TREINAMENTOS  CURSOS LTDA,https://luanapereira.com
VILACA JOALHERIA E OURIVESARIA LTDA,https://vilacajoalheria.com.br
GALAPAGOS CAPITAL INVESTIMENTOS E PARTICIPACOES LTDA.,https://galapagoscapital.com.br
AQUI TEM MAIS COMERCIO E SERVICOS LTDA,https://aquitem.com.br
ALEXANDRE DE PAULA FREIRE PRODUTOS E EQUIPAMENTOS ODONTOLOGICOS LTDA,https://equipamentosodontologicos.com.br
M M TOUR AGENCIA DE VIAGENS LTDA,https://touragencia.com
TOOLS GKW FABRICACAO DE FERRAMENTAS LTDA,https://ferramentas.com.br
WELLE DECOR ARTIGOS PARA O LAR LTDA,https://decorlar.com.br
DROPS DE COR LTDA.,https://drops.com
RENOVA INDUSTRIA E COMERCIO LTDA,https://renova.com.br
SHALLOW CONFECCOES DO VESTUARIO E ACESSORIOS LTDA,https://shallow.com.br
CONVERGENCIA DIGITAL SOLUCOES LTDA,https://convergenciadigital.com.br
CLIOMED MEDICINA DO TRABALHO SERVICOS MEDICOS HOSPITALARES LTDA,https://cliomed.com.br
PINKMODAS COMERCIO DE CONFECCOES LTDA,https://pinkmodas.com.br
ACAROLAC BRAND VESTUARIOS LTDA,https://acarolacbrand.com.br
OPTSIS SISTEMAS DE AUTOMACAO LTDA,https://optsis.com.br
EIFER COMERCIO E SOLUCOES HOSPITALARES LTDA,https://eifer.com
GREGO METAL FABRICACAO E COMERCIO DE PECAS DE METAIS LTDA,https://gregometal.com.br
PRODLAC PRODS MEDICOS HOSPITALARES LTDA,https://prodlac.com.br
FACINI INFORMATICA LTDA,https://facini.com
ISABELLA FJ INDUSTRIA E COMERCIO DE CALCADOS LTDA,https://isabella.com
HALLON  NATURAL COSMETICOS LTDA,https://hallon.com.br
YOURDRESS COM VAREJISTA DE VESTUARIOS LTDA,https://yourdress.com.br
SCAR MODAS COMERCIO DE ROUPAS LTDA,https://scarmodas.com.br
LE HIT INDUSTRIA DE CONFECCAO LTDA,https://lehit.com.br
GCI TRADING COMERCIO E SERVICOS INTERNACIONAIS LTDA,https://gcitrading.com.br
IAGO PIT DONATTI  CIA LTDA,https://donatti.com.br
PROGRESSIVA ORGANICA COSMETICOS LTDA,https://progressivaorganica.com.br
GLOBAL PARTNEER COMERCIAL IMPORTACAO E EXPORTACAO  LTDA,https://globalpartneer.com.br
PAYSAGE CORPAL INCORPORACOES SA,https://paysagecorpal.com.br
C A S  COM DE CALCADOS E ACESS LTDA,https://comcalcados.com
INDUSTRIA E COMERCIO DE CAFE DUPAN LTDA,https://cafedupan.com.br
FULLDNA DIAGNOSTICOS E SERVICOS MEDICOS LTDA,https://fulldna.com.br
VALENCIA ARTIGOS ESPORTIVOS LTDA,https://valencia.com.br
ELETROMAR MOVEIS E ELETRODOMESTICOS LTDA,https://eletromar.com.br
TRES IRMAS LTDA,https://tresirmas.com
MODELS JEANS LTDA,https://modelsjeans.com.br
jump modas fitness com de roupas ltda,https://jumpmodas.com.br
LOLLY STORE COSPLAY  IMPORTACAO E EXPORTACAO DE ARTIGOS DE OPTICA LTDA,https://lollystore.com.br
FIBRA BRASIL LTDA,https://fibrabrasil.com.br
INFOIOT TECNOLOGIA LTDA,https://infoiot.com.br
R A J R SEGURANCA DO TRABALHO E SAUDE OCUPACIONAL LTDA,https://ocupacional.com.br
MEU SONHO MAGICO VIAGENS E TURISMO LTDA,https://meusonho.com.br
QUASA CALCADOS LTDA,https://quasa.io
WERNER FABRICA DE TECIDOS S.A.,https://tecidos.com.br
MEGALABS FARMACEUTICA S.A.,https://megalabs.tech
PREVTECH EQUIPAMENTOS E MOVEIS LTDA,https://prevtechequipamentos.com.br
COLLEGE MODA UNIVERSITARIA ARTIGOS E COMERCIO DO VESTUARIO LTDA,https://collegemoda.com
FUNDACAO LOGOSOFICA EM PROL DA SUPERACAO HUMANA,https://fundacaologosofica.com.br
EMID VIP COMERCIO ATACADISTA DE ARTIGOS OPTICOS LTDA,https://opticos.com.br
FATOR SEGURADORA S.A.,https://fatorseguradora.com.br
ROSE MONTEIRO COSMETICOS LTDA,https://cosmeticos.com.br
POPIDI VESTUARIO E CALCADOS LTDA,https://popidi.com.br
FERREIRA DE MELO E MELO SOCIEDADE DE ADVOGADOS,https://sociedadeadvogados.com.br
EDITORA CULTURA MEDICA LTDA,https://editoracultura.com.br
GO2HOME COMERCIO DE COMPONENTES EM FERRAGENS E FERRAMENTAS LTDA,https://ferramentas.com.br
BOLD STRAP CONFECCAO DE ROUPAS E ACESSORIOS LTDA,https://boldstrap.com
LE CAPS DISTRIBUIDORA MULTIMARCAS LTDA,https://lecaps.com.br
COTA DENTAL NEGOCIACOES ELETRONICAS LTDA,https://cotadental.com.br
PHARMACIA GALGANI LTDA,https://pharmaciagalgani.com.br
MISS ROSE BRASIL COSMETICOS LTDA,https://missrosebrasil.com.br
PINNACLE BROADCAST SUPORTE E ASSISTENCIA TECNICA EM EQUIPAMENTOS LTDA,https://pinnaclebroadcast.com.br
BICHINHO VIRTUAL COMERCIO DE ARTIGOS PARA ANIMAIS LTDA.,https://bichinhovirtual.com.br
PECA RARA FRANQUIAS S.A,https://pecarara.com
QUATTRI MED REPRESENTACOES LTDA,https://quattri.com.br
CARL ZEISS DO BRASIL LTDA,https://zeissbrasil.com.br
LUI BAMBINI COMERCIO DE ROUPAS E CALCADOS LTDA,https://luibambini.com.br
VIA LIVRE CALCADOS LTDA,https://vialivre.com.br
ONOCULOS ARTIGOS DE OTICA ONLINE LTDA,https://oticaonline.com
HAUTT ALTA PERFUMARIA LTDA,https://altaperfumaria.com
CONCREMAT ENGENHARIA E TECNOLOGIA SA,https://concremat.com.br
RICARDO DIAS MUNIZ TECNOLOGIA LTDA.,https://ricardodias.com
BRUNO PALMA HIDROPONIA LTDA,https://brunopalmahidroponia.com.br
CROWN EMBALAGENS METALICAS DA AMAZONIA SA,https://crownembalagens.com
WOMPEK COMERCIO DE MATERIAIS ELETRICOS LTDA,https://materiaiseletricos.com.br
YUSE INDUSTRIA E COMERCIO DE COSMETICOS LTDA,https://cosmeticos.com.br
MS ENVIOS EXPRESS E COMERCIO LTDA,https://enviosexpress.com.br
CARTUMANTE ILUSTRACOES LTDA.,https://cartumante.com
JAMMING JOIAS LTDA,https://jammingjoias.com.br
ELEMENTAR VITORIA COMERCIO DE MEDICAMENTOS LTDA,https://elementarvitoria.com.br
PODESTA  GOMES ENGENHARIA LTDA,https://gomesengenharia.com.br
JL TOOLS COMERCIAL DE FERRAMENTAS LTDA,https://ferramentas.com.br
GUARDA MOVEIS COPACABANA LTDA,https://guardamoveis.com.br
ECL COMERCIO DE COSMETICOS LTDA,https://cosmeticos.com.br
KAIZEN MAX IMPORTACAO LTDA,https://kaizen.com
SAO LOCACAO E VENDA DE MAQUINAS E CAFE LTDA,https://maquinascafe.com.br
DRONE PLACE COMERCIO E MANUTENCAO LTDA,https://droneplace.com.br
NEW LIFE SERVICOS LTDA,https://newlife.com.br
ADRIELY PARIZI MODA FEMININA  LTDA,https://modafeminina.com.br
RDB EQUIPAMENTOS LTDA,https://rdbequipamentos.com.br
ADMINISTRADORA DE CARTAO LEVE MAIS LTDA,https://administradora.com.br
KOSMETIQUE DISTRIBUIDORA DE COSMETICOS LTDA,https://cosmeticos.com.br
RJ SOLUCOES DE ILUMINACAO LTDA,https://rjiluminacao.com
MG CLINICA SERVICOS EM SAUDE LTDA,https://clinicasaude.com.br
LIMIAR GAMES STORE LTDA,https://limiargames.com.br
FISCHER BRASIL INDUSTRIA E COMERCIO LTDA,https://fischerbrasil.com.br
PLANALTO DISTRIBUIDORA DE IMPLEMENTOS LTDA,https://planalto.com.br
MAMUTE EMPREENDIMENTOS LTDA,https://mamute.com.br
UNICA ASSISTENCIA MEDICA LTDA,https://assistenciamedica.com.br
"BLESSED COMERCIO DE LIVROS, ARTIGOS RELIGIOSOS E JOALHERIA LTDA",https://joalheria.com.br
DAQUI PRA LI ARTIGOS PARA FESTAS LTDA,https://daquiprali.com.br
FORT MEDICAL COMERCIO DE PRODUTOS PARA SAUDE LTDA,https://fortmedical.com.br
CNV INDUSTRIA DE COSMETICOS LTDA,https://cosmeticos.com.br
POKOLOCA INDUSTRIA E DISTRIBUIDORA DE COSMETICOS LTDA,https://cosmeticos.com.br
LIGHTTEC COMERCIO E SERVICOS EM EQUIPAMENTOS DE INFORMATICA LTDA,https://lighttec.com.br
UNISYS BRASIL LTDA,https://unisys.com.br
PERUCAS FISZPAN LTDA,https://fiszpan.com.br
BIOCELL BIOTECNOLOGIA LTDA,https://biotecnologia.com.br
VENUS ATOMICA LTDA,https://venusatomica.com
SEBINHO LTDA,https://sebinho.com.br
FRANCISCO ARENA ROMANATO LTDA,https://romanato.com.br
EMPRESA BRASILEIRA DE BENEFICIOS E PAGAMENTOS INSTITUICAO DE PAGAMENTO LTDA,https://empresabrasileira.com.br
SINDICATO NACIONAL DOS AERONAUTAS,https://sindicato.com.br
GSM COMERCIO DE ETIQUETAS E ROTULOS LTDA,https://gsmetiquetas.com.br
GENERAL ELECTRIC DO BRASIL LTDA,https://generalelectric.io
RC SERVICO E DISTRIBUIDORA DE EMBALAGENS LTDA,https://rcembalagens.com.br
TECMATOOLS LTDA,https://tecmatools.com.br
CAFFE BRASILIANO DI CHIARA LTDA,https://dichiara.com.br
GUANABARA DIESEL SA COMERCIO E REPRESENTACOES,https://guanabaradiesel.com.br
METRO COMERCIO DE TECIDOS LTDA,https://tecidos.com.br
ECOSS AMBIENTAL SERVICOS DE LIMPEZA URBANA  SPE LTDA,https://ecossambiental.com.br
TEMON E TULIPA ENERGIA SOLAR LTDA,https://energiasolar.com.br
Carranza Cursos LTDA - 33.518.854/0001-13,https://carranzacursos.com.br
M BORGES EVANGELISTA LTDA,https://evangelista.com.br
"MDK INK, INDUSTRIA E SUPRIMENTOS EM TINTAS DIGITAIS LTDA",https://digitais.net.br
NASA CAMINHOES LTDA,https://nasacaminhoes.com.br
SESMT MEDICINA DO TRABALHO LTDA,https://sesmtmedicina.com.br
RHOMOS IND DE MAQUINAS E ACESS LTDA,https://rhomos.com.br
G4 PLASTICOS LTDA,https://g4plasticos.com.br
BABA YAGA ESC DE CAFE LTDA,https://babayaga.io
NOVA AGENCIA EVENTOS CORPORATIVOS LTDA,https://eventos.com.br
MARCO GRILLI COMERCIO DE OBJETOS DE ARTE LTDA,https://marcogrilli.com.br
DANCOR S A INDUSTRIA MECANICA,https://mecanica.net.br
ROBSON RAMOS CLINICA DE SISTEMA DE TRATAMENTO CAPILAR LTDA,https://robsonramos.com.br
SUB4 TURISMO ESPORTIVO LTDA,https://sub4turismo.com.br
SICMOL SA,https://sicmol.com.br
GUSTAVO PASSOS DA SILVA LTDA,https://gustavopassos.com
POLTRONA MAGICA COMERCIO DE LIVROS LTDA,https://poltronamagica.com.br
SINCES TECNOLOGIA COMERCIO E SERVICOS LTDA,https://sinces.com.br
ARAUJO FERNANDES REVENDEDORA LTDA,https://araujofernandes.com.br
IRP CUSTOMIZADOS INDUSTRIA E COMERCIO DE CONFECCOES LTDA,https://irpcustomizados.com.br
BARBARANA COSMETICOS E PERFUMARIA LTDA,https://barbarana.com.br
KALFE CALCADOS LTDA,https://kalfe.com.br
"SINDICATO DO COM VAREJ DE COMB, ENERGIAS ALTERNATIVAS PARA VEICULOS AUTOMOTIVOS, LUB E DE LOJAS DE CONVENIENCIA DO MUNICIPIO DO RIO DE JANEIRO",https://sindicatocom.com
BEM STAR LIFE FORTAL LTDA,https://bemstar.com.br
AGROFLUX EQUIPAMENTOS DE CONTROLE AGRICOLA LTDA,https://agricola.com.br
D. J. PRIMUS COMERCIO DE MAQUINAS E FERRAMENTAS LTDA,https://primus.com.br
EDITORA DANDARA LTDA,https://dandara.com.br
THE HEAT COMERCIO VAREJISTA DE SUPLEMENTO ALIMENTARES LTDA,https://theheat.com.br
BELEZA POETICA COSMETICOS LTDA,https://belezapoetica.com.br
TECNOBOR PRODUTOS PARA RECAUCHUTAGEM LTDA,https://tecnobor.com.br
PIMENTAS TEREZINA LTDA,https://pimentasterezina.com.br
G. VILELA CLINICA MEDICA LTDA,https://vilela.com.br
ASSURE ADMINISTRACAO E CORRETAGEM DE SEGUROS LTDA.,https://assure.com.br
POWER TRUCK DISTRIBUIDORA DE AUTO PECAS LTDA,https://truckauto.com
ARIETTO COMERCIO DE CALCADOS E ACESSORIOS LTDA,https://arietto.com.br
AURUM COMERCIO DE ARTIGOS DE JOALHERIA LTDA,https://joalheria.com.br
PINHEIRO E MARCONDES MACHADO SOCIEDADE DE ADVOGADOS,https://sociedadeadvogados.com.br
NOSSO CANTO CASA E DECOR LTDA,https://nossocanto.com.br
HEIDRICH  ROSITO LTDA,https://heidrich.com.br
FUNDACAO OSWALDO CRUZ,https://oswaldocruz.com.br
GRAZIELE TOMAZINI COELHO LTDA,https://coelho.com.br
ALBAN COMERCIO ATACADISTA DE CRISTAIS E PRESENTES LTDA,https://presentes.com.br
PASOKA DO TAO INDUSTRIA E COMERCIO DE ALIMENTOS LTDA,https://alimentos.com.br
DJ LIDER COMERCIO DE SOM PROFISSIONAL LTDA,https://somprofissional.com.br
"SEMPRE IOT INDUSTRIA, COMERCIO E SERVICOS DE DISPOSITIVOS ELETRONICOS LTDA",https://sempreiot.com.br
A.V.S.J  MARKETING DIGITAL LTDA,https://marketingdigital.com.br
SUL COMERCIO VIRTUAL DE PRODUTOS LTDA,https://virtual.com.br
AURUM NEGOCIANTE DE OURO PRATA E PLATINA LTDA,https://platina.com.br
PERNOD RICARD BRASIL INDUSTRIA E COMERCIO LTDA,https://pernodricard.com.br
STUNT RACE BRASIL LTDA,https://stuntrace.com.br
FERNANDA RODRIGUES DE ALMEIDA LTDA,https://fernandarodrigues.com.br
B2TI SOLUCOES CORPORATIVAS EM TECNOLOGIA DA INFORMACAO LTDA,https://informacao.com.br
FLORANA MODA FEMININA LTDA,https://modafeminina.com.br
WORK FAST BRASIL ELETRONICOS LTDA,https://workfast.com.br
MOBI RASTREADORES E SERVICOS LTDA,https://mobirastreadores.com.br
AMISIS STORE LTDA,https://amisisstore.com.br
ZANCHETTA INDUSTRIA DE ALIMENTOS LTDA,https://zanchettaalimentos.com
NATURALX COMERCIO DE PRODUTOS NATURAIS LTDA,https://naturalx.com
BANCO MASTER SA,https://bancomaster.com.br
SUA IDEA STORE MODAS LTDA,https://suaidea.com.br
WEB RADIO BRASILHITS LTDA,https://webradio.com.br
JUTTI COMERCIO DE VESTUARIO E ACESSORIOS LTDA,https://jutti.com.br
"SENSORIAL CONSULTORIA, HUMANIZACAO, CAPACITACAO EM SAUDE LTDA",https://sensorial.com.br
MAX MED EQUIPAMENTOS MEDICOS LTDA,https://maxmed.com.br
W PREMIUM GROUP SERVICOS AUXILIARES EM PORTOS E AEROPORTOS LTDA,https://premiumgroup.com.br
SOS PRIME DISTRIBUIDORA DE PECAS E ACESSORIOS PARA CELULARES LTDA,https://sosprime.com.br
LINHA CHIC CONFECCOES LTDA,https://linhachic.com.br
LAMPERT  LAMPERT COMERCIO DE SUVENIRES LTDA,https://lampert.com.br
STILO ZOE CONFECCOES LTDA,https://zoeconfeccoes.com.br
RAR INDUSTRIA E COMERCIO DE ALIMENTOS LTDA,https://alimentos.com.br
SISS MODA PRAIA LTDA,https://modapraia.com.br
DEKABRAS COMERCIO E SERVICOS AUTOMOTIVOS LTDA,https://dekabras.com.br
TOCA DO TABULEIRO COMERCIO DE BRINQUEDOS LTDA,https://brinquedos.com.br
SUPER SPRING INDUSTRIA METALURGICA LTDA,https://metalurgica.com.br
LMS TRAJES TIPICOS LTDA,https://trajestipicos.com.br
FORMAT COMUNICACAO GRAFICA E EDITORA LTDA,https://format.com.br
MEDPLUS HOSPITALAR COMERCIO E SERVICOS LTDA,https://medplushospitalar.com.br
STUDIO ESTAMPAR  ESTAMPARIA LTDA,https://studioestampar.com.br
BEMAX COMERCIO E DISTRIBUICAO DE EQUIPAMENTOS LTDA,https://bemaxequipamentos.com.br
NB COSMETICOS E PRODUTOS DE PERFUMARIA LTDA,https://nbcosmeticos.com
CENTRAIS DE ABASTECIMENTO DO ESTADO DO R DE JANEIRO SA,https://janeiro.com.br
EMPIPLAST COMERCIO DE PECAS PARA EMPILHADEIRA LTDA,https://empiplast.com.br
DAMMA COMERCIO LTDA,https://damma.com
POLIMAX   SOLUCOES EM ESTRUTURAS FOTOVOLTAICAS LTDA,https://polimaxestruturas.com
INSTITUTO MOTIVA DESENVOLVIMENTO E TREINAMENTO LTDA,https://institutomotiva.com.br
ASSOCIACAO DOS ENGENHEIROS DA PETROBRAS,https://petrobras.com.br
GROUP DIAS VAREJO E COMERCIO LTDA,https://group.com.br
K.BRITTO ATELIE COMERCIO VAREJISTA DE ROUPAS LTDA,https://britto.com.br
SOTREQ SA,https://sotreq.com.br
INLITE INSTRUMENTOS DE MEDICAO LTDA,https://inlite.com.br
BASE MANUTENCAO E CALIBRACAO EM INSTRUMENTOS DE MEDICAO LTDA,https://basemanutencao.com.br
COSMO SWIM COMERCIO DE VESTUARIO LTDA,https://cosmoswim.com
DIVINO SAPATO COMERCIO DE CALCADOS LTDA,https://divinosapato.com.br
YELLOW PET  COMERCIO DE ACESSORIOS E ARTIGOS PET LTDA.,https://yellowpet.com.br
RE.CRIE INDUSTRIA E COMERCIO DE UNIFORMES LTDA,https://recrie.com
JOTACAR PARTS ACESSORIOS AUTOMOTIVOS LTDA,https://jotacar.com.br
J S SOARES COMERCIO DE MATERIAIS ELETRICOS,https://soaresmateriais.com.br
FSR COMERCIO DE COSMETICOS LTDA,https://cosmeticos.com.br
"INVICTUS OUTLET VESTUARIO, CALCADOS E ACESSORIOS LTDA",https://invictusoutlet.com.br
MON AMOUR COMERCIO DE VESTUARIO E ACESSORIOS LTDA,https://monamour.com.br
MITTIE COMERCIO DE ROUPAS LTDA,https://mittie.io
CHAVI TECNOLOGIA LTDA.,https://chavi.com.br
AUTO POSTO RSN LTDA,https://autoposto.com
NUCLEARIO COMERCIO DE PRODUTOS AGRICOLAS LTDA,https://nucleario.com.br
VALOR COMERCIO DE CAFES LTDA,https://valor.com.br
OCULOS EM FOCO COMERCIO DE OTICA LTDA,https://otica.net.br
Oculos em Foco Comercio de Otica LTDA,https://otica.net.br
MCM ABREU & BONTEMPO COSMETICOS LTDA,https://cosmeticos.com.br
FELLIPE SIMOES CLEMENTE LTDA,https://clemente.com.br
Industrial Rigel do Brasil LTDA,https://rigelbrasil.com.br
CAISER MAKING LTDA,https://making.com.br
REPLICARE IMPRESSAO 3D LTDA,https://impressao3d.com.br
COOPERATIVA DE TRANSPORTE RODOVIARIO DE CARGAS E LOGISTICA COOPER10 LTDA,https://cooper10.com.br
LA ERREVIEFFE AMERICA ARTIGOS FUNERARIOS LTDA,https://laerrevieffe.com
AGILIZA MEDICINA OCUPACIONAL LTDA,https://agilizamedicinaocupacional.com.br
EVOLUTION COMERCIO DE COMPONENTES ELETRONICOS LTDA,https://componenteseletronicos.com.br
ORTOFINO CALCADOS E VESTUARIO LTDA,https://ortofino.com.br
VITRINE DA MODA LTDA,https://vitrinemoda.com.br
REACIONA EQUIPAMENTOS ELETRONICOS LTDA,https://reaciona.com.br
BRAVALUMI GROUP LTDA,https://bravalumi.com.br
GALLERIA FINANCAS SECURITIZADORA S.A.,https://galleriafinancas.com.br
"LOJA DO FILMMAKER, COMERCIO, IMPORTACAO E EXPORTACAO LTDA",https://filmmaker.com.br
SANTA FE CLOTHING LTDA,https://santafe.com
ANNA BRAND COMERCIO DE ROUPAS E ACESSORIOS LTDA,https://annabrand.com.br
PALEX TREINAMENTO EM EDUCACAO FINANCEIRA LTDA,https://educacaofinanceira.com.br
STONE WATER BRASIL COMERCIO DE ARTIGOS LTDA,https://stonewater.com.br
GLOBAL ESPORTES COMERCIO DE CALCADOS LTDA,https://global.org.br
SABORETHOS ALIMENTOS LTDA.,https://alimentos.com.br
VISION TRACKER RASTREAMENTO LTDA,https://visiontracker.com
MATER ECCLESIAE COMERCIO LTDA,https://materecclesiae.com.br
ATACADISTA PREMIUM COMERCIAL LTDA,https://premium.com.br
TEA ROAD COMERCIO VAREJISTA E IMPORTACAO DE CHAS LTDA,https://tearoad.com.br
JADER HERMES LTDA,https://hermes.net.br
VELAS CATUMBI COMERCIO E INDUSTRIA LTDA,https://catumbi.com.br
EUFLORIA RIO LTDA.,https://eufloria.com
DUPLOCE SERVICOS ADMINISTRATIVOS LTDA,https://duploce.com.br
LUCKY_U LAS MENINAS LTDA,https://lasmeninas.com.br
MUNDO NOVO JEANS INDUSTRIA E COMERCIO DE CONFECCOES URUPES LTDA.,https://mundonovojeans.com.br
MY FARM AGRODIGITAL LTDA,https://myfarm.com.br
CARBASE INNOVATION PECAS AUTOMOTIVAS LTDA.,https://carbase.com.br
WHITE MARTINS GASES INDUSTRIAIS DO NORTE LTDA.,https://whitemartins.com.br
HINOVA GARANTIDO  LOCALIZACAO VEICULAR S.A.,https://hinovagarantido.com.br
BLEND ESSENCIAL LTDA,https://blendessencial.com
W16 AUDIO COMERCIO DE EQUIPAMENTOS DE AUDIO E VIDEO LTDA,https://w16audio.com.br
SUPER 2 ELETRONICOS MAQUINAS E SERVICOS LTDA,https://super2eletronicos.com.br
MICROASS SOLUCOES MEDICAS LTDA,https://microass.com.br
FERREIRA & GUIMARAES LTDA,https://ferreiraguimaraes.com
OS MENINOS DA CONSCIENCIA TREINAMENTOS PROFISSIONAIS LTDA,https://treinamentosprofissionais.com
OXYGEN COMERCIO DE PRODUTOS QUIMICOS LTDA,https://oxygen.com
P.A.I. COMERCIO DE PIERCINGS LTDA,https://piercings.com.br
BRANCO ONLINE LTDA,https://brancoonline.com.br
GRINGO O MELHOR AMIGO DO MOTORISTA LTDA.,https://motorista.com.br
FREZO COMERCIO DE SORVETES LTDA,https://frezo.com
ALLE DOUX COMERCIO DE ACESSORIOS LTDA,https://alledoux.com.br
PAPEL PRONTO COMERCIO DE ADESIVOS LTDA,https://papelpronto.com.br
MOONLIGHT COFFEE CAFETERIA LTDA,https://moonlightcoffee.com
FET VG ESPORTES LTDA.,https://esportes.com.br
UP  IB INDUSTRIA E COMERCIO DE PLASTICOS LTDA,https://ibplasticos.com.br
QUALITY IMPORTACAO E EXPORTACAO DE PRODUTOS PARA SAUDE LTDA.,https://qualitysaude.org.br
TAVARES COMERCIO DE PERFUMARIA E COSMETICOS LTDA,https://cosmeticos.com.br
I. DE OLIVEIRA  SUPRIMENTOS DE INFORMATICA EIRELI,https://oliveira.com.br
AMJ COMERCIO E MANUTENCAO DE MAQUINAS E FERRAMENTAS LTDA,https://ferramentas.com.br
SABOR  NATUREZA INDUSTRIA E COMERCIO DE PRODUTOS NATURAIS ALIMENTICIOS LTDA,https://sabornatureza.com.br
MALYKS INDUSTRIA E COMERCIO DE COSMETICOS LTDA,https://cosmeticos.com.br
LUMEN SUPRIMENTAL E LOCACOES LTDA,https://lumensuprimental.com.br
MAISON FLOR CANDIDO LTDA,https://candido.com.br
ARGIA COMERCIAL IMPORTADORA LTDA,https://argia.com.br
THUNDER CELL LTDA,https://thundercell.tech
HOLISTIX BRASIL ECOMMERCE LTDA,https://brasilecommerce.com.br
RM MOTORCYCLE EUROTOURS LTDA,https://rmmotorcycle.com.br
ARGOS SUPPLY CHAIN MANAGEMENT LTDA,https://argossupplychain.com
ICONEONE RETAIL SOLUTIONS LTDA,https://retailsolutions.com.br
ALMAS SEMIJOIAS LTDA,https://almassemijoias.com.br
HOSPITAL SAO PAULO SS LTDA,https://hospitalss.com
SAFETY SHOP REPRESENTACAO COMERCIAL IMPORTADORA E EXPORTADORA DE PRODUTOS DE SEGURANCA LTDA,https://safety.com.br
TMA  MEDICINA TACTICA LTDA,https://medicinatactica.com
L BZ COMERCIO DE COSMETICOS LTDA,https://cosmeticos.com.br
VWA BOOTS COMERCIO DE CALCADOS LTDA,https://vwaboots.com.br
QUESTRADE CONSULTORIA EM TECNOLOGIA DA INFORMACAO LTDA.,https://informacao.com.br
STRONG MONKEY ARTIGOS ESPORTIVOS LTDA,https://strongmonkey.com.br
"ASSOCIACAO DE APOIO A PACIENTES, PESQUISA E DESENVOLVIMENTO DE CANHAMO E CANNAB",https://cannab.com.br
SAOMIGUELITO TREINAMENTO ONLINE LTDA,https://saomiguelito.com.br
POP COMPRAS COMERCIAL LTDA,https://popcompras.com.br
COLLUCCI FASHION LTDA,https://colluccifashion.com.br
PIUS EDICOES LTDA,https://piusedicoes.com.br
CAMILLA AMARAL ACESSORIOS LTDA,https://camillaamaral.com.br
SC MEDIC DISTRIBUICAO E COMERCIO LTDA,https://scmedic.com
ADONAI ESTOFADOS LTDA,https://adonaiestofados.com.br
YPSLON BARREIRO FRANQUIA E COMERCIO DE ROUPAS LTDA,https://franquia.com.br
POSTO 7 PENAPOLIS LTDA,https://posto7.com
SUPPLY COMERCIO LTDA,https://supply.com
"F  F COMERCIO DE EQUIPAMENTOS MEDICOS, ODONTOLOGICOS E VETERINARIOS LTDA",https://equipamentosmedicos.com
GE COSMETICOS LTDA,https://cosmeticos.com.br
IONBRAS COMERCIO DE PRODUTOS PARA SAUDE LTDA,https://ionbras.com
CHILLER COMERCIO DE PECAS E ACESSORIOS LTDA,https://chiller.com.br
CERAMICA BRASILEIRA CERBRAS LTDA,https://ceramicabrasileira.com.br
MARON AMBIENTAL LTDA,https://maronambiental.com.br
ROSA MICANGA CONFECCOES E COMERCIO LTDA,https://rosamicanga.com.br
PLACE COMPANY LTDA,https://place.com.br
NUF FARMACEUTICA LTDA,https://nuffarmaceutica.com.br
SAFETY UP CONSULTORIA E COMERCIO DE PRODUTOS LTDA,https://safety.com.br
RITATI INDUSTRIA E COMERCIO DE CONFECCOES LTDA,https://ritati.com
BERLIM ATACADISTA LTDA,https://berlim.com.br
OHANA SURF COMERCIO DE ROUPAS LTDA,https://ohana.com
L1 VERSATIL ACESSORIOS LTDA,https://versatil.io
PLANT GROWTH LTDA,https://plantgrowth.com.br
ADEMIR FERREIRA NEVES SUPRIMENTOS DE INFORMATICA E SERVICOS,https://ademirferreira.com.br
SB COMERCIO DE SEMI JOIAS LTDA,https://semijoias.com.br
AN MODA FITNESS PRAIA E ACESSORIOS LTDA,https://anmoda.com.br
NOVA MEDICINA E SEGURANCA DO TRABALHO LTDA,https://trabalho.com.br
PEPPER TECNOLOGIA E PAGAMENTOS LTDA,https://pepper.com.br
VFF INDUSTRIA DE FERRAMENTAS LTDA,https://ferramentas.com.br
SANDRA B. S. PRADO LTDA,https://sandraprado.com.br
VIEIRA COMERCIO DE ARTIGOS OPTICOS LTDA,https://opticos.com.br
NOVA ERA INDUSTRIA DE MODA LTDA,https://novaera.com.br
DIVINO ARTIGO LTDA,https://divinoartigo.com.br
PHARMANUTRITION LTDA,https://pharmanutrition.com.br
CATOLIKIDS BRINQUEDOS CATOLICOS LTDA,https://catolikids.com.br
VISAO SAFETY BRASIL  EPI LTDA,https://visaosafetybrasil.com.br
LIVRARIA ZAMBIANCHI  ALCARRIA LTDA,https://livraria.net.br
CINTIA CHIARELLI DESENVOLVIMENTO EMPRESARIAL LTDA,https://empresarial.com.br
B DALONSO COMERCIO DE ACESSORIOS E ELETROELETRONICOS LTDA,https://dalonso.tech
PASSION IMPORTACAO E DISTRIBUICAO LTDA,https://passion.com
LOJA DOT PARNAMIRIM COMERCIO DE ROUPAS E ACESSORIOS LTDA,https://parnamirim.net.br
BRUNO OLIVEIRA BARBOSA LTDA,https://brunooliveira.com.br
BR BRASIL INDUSTRIA DE AEROSSOIS LTDA,https://brbrasil.com.br
ESPECIALI INDUSTRIA DE ALIMENTOS LTDA,https://especialialimentos.com.br
KINGS COMERCIO DE PECAS DE REFRIGERACAO LTDA,https://kingsrefrigeracao.com.br
EWINES BRASIL COMERCIO DE BEBIDAS LTDA,https://brasilbebidas.com.br
NICOLE AMORIM CALCADOS LTDA,https://amorimcalcados.com.br
IDEALLUME INDUSTRIA E COMERCIO DE LUMINARIAS LTDA,https://luminarias.com.br
CENTRAL DAS CAMERAS COM LTDA,https://centralcameras.com
EDITORA SIMETRIA LTDA,https://editorasimetria.com.br
NEXMUV TECNOLOGIA E INOVACAO LTDA,https://nexmuv.com.br
BISCOITOS BARDAN COMERCIO DE ALIMENTOS LTDA.,https://biscoitosbardan.com.br
KALEX INFORMATICA LTDA,https://kalexinformatica.com.br
FLORESTA ENCANTADA LTDA,https://florestaencantada.com.br
A.M.P. METROLOGIA E MANUTENCAO DE EQUIPAMENTOS LTDA,https://metrologia.org.br
SPACEFIRE DISTRIBUIDORA DE PRODUTOS PARA COMBATE A INCENDIOS LTDA,https://combateincendios.com.br
DIAMAXI TOOLS COMERCIO DE FERRAMENTAS LTDA,https://ferramentas.com.br
"TAG COMERCIO DE PAPEIS,SUPORTES E MATERIAIS PARA COMUNICACAO VISUAL LTDA",https://comunicacaovisual.net.br
BRUNO STORE LTDA,https://bruno.com.br
ILDENIR MIGUEL DE OLIVEIRA LTDA,https://oliveira.com.br
PELIZZARO OFICINA E COMERCIO LTDA,https://oficina.com.br
ITALIANI SHIRATORI ODONTOLOGIA LTDA,https://italianishiratoriodontologia.com
BUPHALLOS COMERCIO E SERVICO LTDA,https://buphallos.com.br
EPCENTER TECNOLOGY EQUIPAMENTOS E SUPRIMENTOS LTDA,https://epcenter.com.br
HENZ DISTRIBUIDORA DE COSMETICOS LTDA,https://cosmeticos.com.br
POSTO 10,https://posto10.com
ROYALE MODA SOCIAL LTDA,https://modasocial.com.br
4VALES COSMETICOS LTDA,https://cosmeticos.com.br
TOQUE FINAL SEMIJOIAS LTDA,https://toquefinal.com.br
PORTO VEDACOES  COMERCIO DE PECAS INDUSTRIAIS LTDA,https://portovedacoes.com.br
GUILHERME CRISPINO LTDA,https://crispino.com.br
"ZIA COMERCIO, INDUSTRIA E DISTRIBUICAO DE PRODUTOS DE HIGIENE E TINTAS LTDA",https://tintas.net.br
LAR COM EFEITO COMERCIO DE ARTIGOS DE CAMA MESA E BANHO LTDA,https://larcom.com
RUDOLPH SNACKS BRASIL INDUSTRIA DE ALIMENTOS LTDA,https://rudolphsnacks.com.br
WORLD STEAK COMERCIO DE CARNES LTDA.,https://worldsteak.com.br
HEALTH & MEDICINA LTDA,https://medicina.net.br
CACHACARIA ITUANA UNIPESSOAL LTDA,https://cachacariaituana.com.br
CARIOCA GELATERIA LTDA,https://carioca.com
COPALUX COMERCIO DE MATERIAIS E ACABAMENTOS PARA CASA LTDA,https://copalux.com.br
MJCV BRINQUEDOS E PRESENTES LTDA,https://presentes.com.br
LADEIRA COMERCIO DE BIJUTERIAS LTDA.,https://ladeirabijuterias.com.br
TERMIKAS TECNOLOGIA EM AVICULTURA LTDA,https://termikas.com.br
UP TATTOO ESTUDIO COLABORATIVO LTDA,https://uptattoo.com.br
VIACARD SOLUCOES EM IDENTIFICACAO LTDA,https://viacard.com.br
IDCONTROL IDENTIFICACAO E TECNOLOGIA LTDA,https://idcontrol.io
ZLETRIC COMERCIAL ELETROELETRONICA S.A,https://zletric.com.br
IG LOGISTICA E TRANSPORTES LTDA,https://iglogistica.com.br
NEW FORCE REVOLUTION LTDA,https://newforce.com.br
AMELIE EDITORIAL LTDA,https://amelieeditorial.com.br
ALEXANDRE VEIGA ACESSORIOS DE MODA LTDA,https://alexandre.com.br
EXPERTABI ASSESSORIA INTERNACIONAL LTDA,https://expertabi.com
CASTRO DA SILVA SOCIEDADE INDIVIDUAL DE ADVOCACIA,https://castrosilva.com.br
MOSAICO JOGOS LTDA,https://mosaicojogos.com.br
EDITORA SA PALAVRA LTDA,https://editorapalavra.com.br
VALERIA MANSUR INDUSTRIA E COMERCIO DE ROUPAS LTDA,https://valeriamansur.com.br
IMPERIAL ARMAZENAGEM LTDA,https://imperialarmazenagem.com.br
FREEDOM DO BRASIL LTDA,https://freedom.com
MUNDO SADIO PRODUTOS NATURAIS LTDA,https://mundosadio.com.br
KALEO EDITORA LTDA,https://kaleo.com
INDUSTRIA DE ALIMENTOS KRB LTDA,https://alimentos.com.br
4 PLAY UNIFORMES LTDA,https://4play.com
INSTITUTO GALO,https://instituto.io
ANDRADE ALMEIDA COMERCIO DE ARTIGOS DO VESTUARIO LTDA,https://andradealmeida.com
ASGARD COMERCIO DE BRINQUEDOS LTDA,https://brinquedos.com.br
E A CAPUTO MOVEIS LTDA,https://moveis.com.br
PESQUISA CLINICA PANAMERICANA LTDA,https://clinicapanamericana.com.br
TIJUCAR MECANICA LTDA,https://tijucar.com.br
LESAFFRE DO BRASIL PRODUTOS ALIMENTICIOS LTDA,https://lesaffre.com.br
BOSS DISTRIBUIDORA ONLINE DE PECAS E ACESSORIOS LTDA,https://bossonline.com
SHOP RACING AUTOPECAS LTDA,https://racing.com
LEVTY SISTEMAS LTDA,https://levty.com.br
VILA SINTRA AZULEJOS E DECORACAO LTDA,https://vilasintra.com.br
GLOBAL ALIANCA COMERCIO DE PRODUTOS OPTICOS LTDA,https://opticos.com.br
PACTO PROTECAO ASSOCIACAO DE BENEFICIOS MUTUOS,https://pactoprotecao.org.br
OFFLIMITSBYMAPS LTDA,https://offlimitsbymaps.com.br
ATITUDE MODA INTIMA  LTDA,https://atitudemodaintima.com.br
Z S PECUARIA LTDA,https://pecuaria.com.br
SPILPACK DISTRIBUIDORA LTDA,https://spilpack.com.br
ARTES LR ACESSORIOS LTDA,https://artes.com
Z.a. Digital de Sao Paulo Sistema de Estacionamento Rotativo S.a.,https://digitalsistema.com.br
ENGEORTHO INDUSTRIA E COMERCIO DE PRODUTOS ORTOPEDICOS LTDA,https://engeortho.com.br
INOVA PRESENTES E PRODUTOS PERSONALIZADOS LTDA,https://inovapresentes.com.br
ONYX TECH INFORMATICA LTDA,https://onyxtech.com.br
INFORMAL INDUSTRIA E COMERCIO DE CONFECCOES LTDA,https://informal.com.br
GLOBAL FABRICACAO DE EMBALAGENS BIODEGRADAVEIS LTDA,https://global.org.br
HAJI COMERCIO DE COSMETICOS LTDA,https://cosmeticos.com.br
ESPECIALISTAS PLACAS MERCOSUL LTDA,https://especialistasplacas.com.br
INSTITUTO PSICOPEDAGODANCA LTDA,https://institutopsicopedagodanca.com.br
CARLOS CORREIA EMPREENDIMENTOS EDUCACIONAIS E CULTURAIS LTDA,https://carloscorreia.com
SPECTRA COMERCIO E INDUSTRIA LTDA,https://spectra.io
FEBRACIS ASSINATURA E COMERCIO DE LIVROS LTDA,https://febracis.com.br
VERTICAL DO PONTO INDUSTRIA E COM DE PARA QUEDAS LTDA,https://vertical.com.br
FERRAZ TELECOM LTDA,https://telecom.com.br
MX COPOS E POTES LTDA,https://mxcopos.com.br
WIFIMAXX  DESENVOLVIMENTO E SOLUCOES EM PLATAFORMAS DIGITAIS LTDA,https://wifimaxx.com.br
BRAGAFOR AUTO PECAS LTDA,https://bragafor.com.br
WB SPORTS INDUSTRIA E COMERCIO LTDA,https://wbsports.com.br
INSTITUTO FUTURO BRASILEIRO,https://institutofuturo.org.br
LUNA ROSA COMERCIO DE ROUPAS LTDA,https://luna-rosa.com
ARPA COMERCIO DE MODA PRAIA LTDA,https://modapraia.com.br
BASLAB LABORATORIO DE ANALISES AGRICOLAS LTDA,https://baslab.com.br
FONSECA NETO  IORIO SOCIEDADE DE ADVOGADOS,https://fonsecaneto.com.br
HM CLOSET LTDA,https://closet.com
MANIPULARE FARMACIA DE MANIPULACAO LTDA,https://manipulare.com.br
CONTROL ELECTRONICS LABORATORIO DE ELETRONICA LTDA,https://controlelectronics.com.br
MORAIS ANDRADE LEANDRIN MOLINA SOCIEDADE DE ADVOGADOS,https://moraisandrade.com.br
OMNIBEAUTY DESENVOLVIMENTO E GESTAO DE MARCAS LTDA,https://omnibeauty.com.br
LIGAMIDIA CONCEITO DIGITAL E COMUNICACAO LTDA,https://ligamidia.com.br
SANGAO REDES ESPORTIVAS LTDA,https://sangaoredes.com.br
MUNDIAL COM DE PAPEIS E SERV GRAFIC LTDA,https://mundialcom.com.br
FERNANDO JOSE MAZUR COMERCIO DE ARTIGOS ESPORTIVOS,https://fernandojose.com
COMPRA CERTA INTERMEDIACAO E REPASSE DE VEICULOS LTDA,https://compracerta.com.br
VITAL FARMACIA HOMEOPATICA LTDA,https://vitalfarmacia.com
"AGORACRED SA SOCIEDADE DE CREDITO, FINANCIAMENTO E INVESTIMENTO",https://agoracred.com.br
SO3 ASSESSORIA OCUPACIONAL LTDA,https://ocupacional.com.br
CBA COMERCIO DE LIVROS LTDA,https://livros.com.br
VILY PIJAMAS LTDA,https://vilypijamas.com.br
GIRAO SERVICOS E E COMMERCE LTDA,https://commerce.net.br
CARBOGRAFITE EQUIPAMENTOS INDUSTRIAIS LTDA,https://carbografite.com.br
PURE STYLE CONFECCOES LTDA,https://purestyle.com.br
LR COMERCIO DE MATERIAIS MEDICOS HOSPITALARES LTDA,https://lrmateriais.com.br
BELACCI DO BRASIL LTDA,https://belacci.com.br
MM BIJOU AVIAMENTOS LTDA.,https://mmbijou.com.br
SAARA COMERCIO DE FLORES LTDA,https://saara.com.br
C3 ROLAMENTOS LTDA,https://c3rolamentos.com.br
RS SEAL COMERCIO DE VEDACOES LTDA,https://rssealvedacoes.com.br
FOLADOR DESPACHANTE LTDA,https://foladordespachante.com.br
PLANETA AGUA COMERCIO DE ELETRODOMESTICOS LTDA,https://planetaagua.org.br
CAPOVILLA BRINDES LTDA,https://brindes.com.br
LEVE SAUDE OPERADORA DE PLANOS DE SAUDE S.A.,https://levesaude.com.br
SAUDE DIGITAL TECNOLOGIA LTDA.,https://saudedigital.tech
CERRADO SOUL EMPREENDIMENTO LTDA,https://cerrado.com.br
AGENCIA G&Y BRAND EXPERIENCE LTDA,https://agenciabrand.com.br
BRETES INDUSTRIA E COMERCIO DE ARTIGOS DE METAIS LTDA,https://bretes.com.br
L P ARTIGOS DO VESTUARIO LTDA,https://vestuario.io
DUDE COMPANY LTDA,https://dudecompany.com.br
YELLOW LILY STORE COMERCIO DE ROUPAS E ACESSORIOS LTDA,https://yellowlily.com.br
SAMI ASSISTENCIA MEDICA LTDA,https://assistenciamedica.com.br
AGENCIA IMPERO LTDA,https://agenciaimpero.com.br
BORA NA OBRA TREINAMENTOS EM DESENVOLVIMENTO PROFISSIONAL LTDA,https://boraobra.com.br
TOYS LAB BRINQUEDOS LTDA,https://toyslab.com
NFX USINAGEM LTDA,https://nfxusinagem.com.br
LOCA EASY FRANQUIAS LTDA,https://locaeasy.com.br
MISS PRINCESA LTDA,https://missprincesa.com.br
GPCONTROL SINALIZACOES LTDA,https://sinalizacoes.com.br
CIRANDINHA STORE LTDA,https://cirandinhastore.com.br
VEGETAL DO BRASIL LTDA,https://vegetalbrasil.com.br
BLUECORP TECNOLOGIA EM SAUDE LTDA.,https://bluecorp.tech
GWS INDUSTRIA QUIMICA LTDA,https://gwsquimica.com.br
ACTIVE PHARMA MANIPULACAO LTDA,https://activepharma.com.br
TUDO AR CONDICIONADO LTDA,https://tudoar.com.br
AQUARELA COMERCIO E SERVICOS EM MARKETING LTDA,https://aquarela.io
ACUPUNTURA BRASIL COMERCIO E DISTRIBUIDORA DE LIVROS E PRODUTOS TERAPEUTICOS LTDA,https://acupuntura.net.br
ESPLENDIDA LOOKS LTDA,https://esplendidalooks.com.br
RP EMPREENDIMENTOS DIGITAIS LTDA,https://empreendimentosdigitais.com.br
FATTO 3D SOLUCOES DIGITAIS LTDA,https://fatto3d.com.br
PROJETA COMERCIO DE EQUIPAMENTOS AGRICOLAS LTDA,https://projeta.com.br
VZ GOLD IND E COM DE SEMIJOIAS LTDA,https://vzgold.com.br
"LIVROS E MUSICA, EDITORA E EVENTOS LTDA",https://livros.com.br
INFINITA ESTAMPARIA E DECORACOES LTDA,https://infinita.com.br
COFFEE MAIS INDUSTRIA DE CAFE LTDA.,https://coffeemais.com.br
SEMALO INDUSTRIA E COMERCIO DE ALIMENTOS LTDA,https://alimentos.com.br
COMERCIO E INDUSTRIA DE JOIAS SEBBEN LTDA,https://joias.io
CONSOLIDACAO TREINAMENTO E INFOPRODUTOS LTDA.,https://infoprodutos.com.br
IAM MOTO PARTS DO BRASIL LTDA,https://iammoto.com
VERDE BRASIL INDUSTRIA DE PRODUTOS PLASTICOS LTDA,https://verdebrasil.com
IBIZITAS COMERCIO DE CALCADOS LTDA,https://ibizitas.com.br
MALU DISTRIBUIDORA DE COSMETICOS LTDA,https://cosmeticos.com.br
MAXISOLO - NUTRICAO VEGETAL LTDA,https://nutricaovegetal.com.br
HOME GIFTS DECOR  PRESENTES LTDA,https://homegifts.com.br
NEWBABY CONFECCAO E COMERCIO LTDA,https://newbaby.com.br
FLORA LAR COMERCIO VAREJISTA LTDA,https://floralar.com.br
NEW ROUTE INDUSTRIA  COMERCIO DE PECAS E BICICLETAS LTDA,https://newroute.com.br
VQ JEWELLERY IMPORTACAO E EXPORTACAO LTDA,https://vqjewellery.com.br
GRANDO COMERCIO DE JOIAS LTDA,https://grando.com.br
AD COMERCIO OPTICOS E COSMETICOS LTDA,https://cosmeticos.com.br
PLANALTO INDUSTRIA MECANICA LTDA,https://planalto.com.br
SELECT OPERADORA DE PLANO DE SAUDE LTDA,https://select.net.br
TRUBELO EQUIPAMENTOS E PECAS INDUSTRIAIS LTDA,https://trubelo.com.br
PB MARKETING DIRETO LTDA,https://pbmarketing.com
NUBIA HOME DECOR LTDA,https://homedecor.com.br
BRASIL FOODS COMERCIAL LTDA,https://brasilfoods.com.br
RAYSSA GUILHERME WEAR LTDA,https://rayssaguilhermewear.com.br
TERRALED SISTEMAS ELETRONICOS LTDA,https://sistemaseletronicos.com
PIETIE CONFECCAO E COMERCIO DE ROUPAS LTDA,https://pietie.com
ROXANA MULTIMARCAS LTDA,https://roxana.io
SCHIPPER CONSULTORIA INTERNACIONAL COMERCIO IMPORTACAO E EXPORTACAO LTDA,https://internacional.com.br
ESPARTA SEGURANCA LTDA,https://espartaseguranca.com.br
REEDS COMPANY LTDA,https://reeds.com
NEANDER INDUSTRIA E COMERCIO DE EQUIPAMENTOS ELETRONICOS LTDA,https://neander.com.br
ID BRANDS SERVICOS ADMINISTRATIVOS E COMERCIO VAREJISTA DE COSMETICOS LTDA,https://idbrands.com
NEW SUB ARTIGOS ESPORTIVOS LTDA,https://newsub.com
AGREGA INDUSTRIA TEXTIL LTDA,https://agregatextil.com.br
MY PACK PARTICIPACOES SOCIETARIAS LTDA,https://mypack.io
DUBOI IND E COM DE ARTEF PARA PECUARIA LTDA,https://pecuaria.com.br
L.E SERVICOS DE INFORMACAO E NEGOCIOS NA INTERNET LTDA,https://informacao.com.br
INFORGRAFIC EDITORA E IMPRESSORA LTDA,https://inforgrafic.com.br
R. CALISTI COMERCIO DE JOIAS LTDA,https://calisti.com
DOG ELETRO LTDA,https://dogeletro.com.br
CHIC COMERCIO DE COSMETICOS LTDA,https://cosmeticos.com.br
BAMBU T-SHIRTS LTDA,https://bambushirts.com
CONCREMAT ENGENHARIA E SERVICOS SA,https://concremat.com.br
J. E. AFONSO E CIA LTDA,https://afonso.io
Brunetta Importacao e Exportacao LTDA,https://brunetta.com.br
WORK FUN COMERCIO DIGITAL LTDA,https://workfun.com
ISTOQUE DISTRIBUIDORA E LOGISTICA LTDA,https://istoque.com.br
TAVERNA REAL COMERCIO DE JOGOS LTDA,https://tavernareal.com.br
KR JOIAS BR LTDA,https://krjoias.com.br
"METALURGICA SARON SERVICOS DE USINAGEM, TORNEARIA E SOLDA LTDA",https://metalurgica.com.br
GRUP FARMA COMERCIO DE PRODUTOS FARMACEUTICOS LTDA,https://grupfarma.com.br
LUZ SERVICE COMERCIO E SERVICOS LTDA,https://luzservice.com.br
AMENNA COMERCIO DE ARTIGOS DE JOALHERIA LTDA.,https://joalheria.com.br
INTRAGEN INDUSTRIA E COMERCIO DE ARTEFATOS PLASTICOS E EQUIPAMENTOS LTDA,https://intragen.com.br
NT TEXTIL INDUSTRIALIZACAO LTDA,https://industrializacao.com.br
WSX ESPECIALISTA EM PROTECAO RADIOLOGICA LTDA,https://radiologica.com.br
INDUSTRIA E COMERCIO DE BARCOS CALACA LTDA,https://barcos.com
ZF INDUSTRIA E COMERCIO DE BOLSAS E ACESSORIOS DE COURO LTDA,https://couro.io
ISB MARKETING LTDA,https://isbmarketing.com
FEITO COM CARINHO ECOMMERCE DE VARIEDADES LTDA,https://feitocom.com.br
MASUT COMBUSTIVEIS LTDA,https://masut.com.br
GALILEO TECNOLOGIA PARA GAS LTDA,https://galileo.io
PROGRAMA DE SOCORRO MUTUO DO COMERCIO VAREJISTA DE VEICULOS,https://programa.com.br
AMARAL E SILVA LTDA,https://amaral.net.br
PONTOMEDI DISTRIBUIDORA DE MEDICAMENTOS LTDA,https://medicamentos.com.br
WELLA BRASIL LTDA.,https://wella.com.br
GALATEIA CONFECCAO LTDA,https://galateia.tech
MUNICIPIO DE VILA BOA,https://vilaboa.com.br
GPS BEAUTY COSMETICOS LTDA,https://cosmeticos.com.br
"FLORA INDUSTRIA E DISTRIBUIDORA DE PRODUTOS ALIMENTICIOS, HIGIENE E LIMPEZA LTDA",https://limpeza.com.br
AN EMPORIUM LINE COMERCIO ATACADISTA DE ARTIGOS DE VESTUARIO E ACESSORIOS LTDA,https://anemporiumline.com.br
TRADICAO AGRICOLA IRRIGACAO LTDA,https://tradicaoagricola.com.br
VIVAT IMPORTACAO LTDA,https://vivat.com
MED DOCTOR ACESSORIOS LTDA,https://meddoctor.com
STORE ESTOFADOS INDUSTRIA E COMERCIO LTDA,https://storeestofados.com.br
DATAFOX BRASIL COMERCIO EXTERIOR LTDA,https://datafoxbrasil.com.br
QUALITY SEG SEGURANCA E MEDICINA DO TRABALHO LTDA,https://qualityseg.com
ATACADAO DO NATURAL COMERCIO E IMPORTACAO DE PRODUTOS ALIMENTICIOS LTDA.,https://atacadao.com.br
PROFIXA DISTRIBUIDORA LTDA,https://profixa.com
CAPIM LIMAO ATELIE DECOR LTDA,https://capimlimao.com.br
LORD AUDIENCIAS PUBLICAS LTDA,https://lordaudiencias.com.br
CONCEPT PHARMA LTDA,https://conceptpharma.com.br
SMARTSTORE COMERCIO E LICENCIAMENTO LTDA,https://licenciamento.net.br
PISTACHE DECORACAO EM TECIDOS LTDA,https://tecidos.com.br
"SERRAS FACIL COMERCIO DE FERRAMENTAS, MAQUINAS E EQUIPAMENTOS LTDA",https://serrasfacil.com.br
STUDIO MEMORIA DESIGN DE PRODUTO LTDA,https://designproduto.com.br
GR PRODUCAO E TRANSPORTES LTDA,https://grproducao.com.br
BLUE COSMETICS  COMERCIO E DISTRIBUIDORA DE COSMETICOS LTDA.,https://cosmeticos.com.br
HOPE INDUSTRIA METALURGICA LTDA,https://metalurgica.com.br
BH COMERCIO DE PECAS E REFRIGERACAO LTDA,https://bhrefrigeracao.com.br
A.R COMERCIO E REPRESENTACAO LTDA,https://representacao.com.br
D SANTIS COMERCIO DE CONFECCOES LTDA,https://santis.com.br
STUDIO DALZOTTO LTDA,https://studiodalzotto.com
FLYPAY SOLUCOES EM PAGAMENTOS E ASSESSORIA ADMINISTRATIVA LTDA,https://flypay.com.br
WSPAPER COMERCIO DE PAPEIS LTDA,https://wspaper.com.br
FF TECH E PARTICIPACOES LTDA,https://fftech.io
PERGAMO DIGITAL ELETRONICOS LTDA,https://pergamo.com.br
SCIN COM DE COSMETICOS LTDA,https://cosmeticos.com.br
LUME DECORA LTDA,https://lumedecora.com.br
MERCADO 3D LTDA,https://mercado.com
CARIMBOS MIMOS LTDA,https://carimbosmimos.com.br
SEU PERFIL LTDA,https://seuperfil.com.br
JS. ISERI ECOMMERCE LTDA,https://ecommerce.net.br
HONLEY COMERCIO DE PRODUTOS MEDICOS LTDA,https://honley.com.br
SANLOU COMERCIO DE ARTIGOS ESPORTIVOS LTDA,https://sanlou.com.br
DONNA HELENA BOUTIQUE LTDA,https://donnahelena.com.br
DR INDUSTRIA METALURGICA DE MARILIA LTDA,https://marilia.net.br
ARGILANATU COSMETICOS NATURAIS LTDA,https://cosmeticosnaturais.com.br
IMPLAMEDIC COMERCIO IMPORTACAO E EXPORTACAO DE PRODUTOS MEDICOS E ODONTOLOGICOS LTDA,https://implamedic.com.br
SENSE BRASIL COSMETICOS LTDA,https://sensebrasil.com.br
AMOFADAS DECOR COMERCIO DE DECORACOES LTDA,https://amofadas.com.br
CURSOS ACELERADOR MEDICOS LTDA,https://cursos.net.br
FOLITRIX COSMETICOS LTDA,https://cosmeticos.com.br
ATELIE ARTE E ENCANTO LTDA,https://ateliearteencanto.com.br
EDITORA SOBREDIREITO LTDA,https://editorasobredireito.com
COMERCIO DE INSUMOS AGRICOLAS LTDA,https://insumos-agricolas.com
MMORIAL COMERCIO DE BRINDES LTDA,https://brindes.com.br
MSK MODA INFANTIL LTDA.,https://modainfantil.com
ORIENTE PARTS E PECAS LTDA,https://orienteparts.com
LARSSON PRODUTOS MEDICOS LTDA,https://larsson.com.br
GESAFER COMERCIO DE MAQUINAS E FERRAMENTAS LTDA,https://ferramentas.com.br
ANDERSON SOARES ALVES LTDA,https://andersonsoares.com.br
ANGELUS EDITORA LTDA,https://angeluseditora.com
LAMITEX INDUSTRIA E COMERCIO DE TECIDOS LTDA,https://tecidos.com.br
VIDAS SOLUCOES EM SAUDE LTDA,https://vidas.com.br
ASTON AUTOMOTIVE COMERCIO DE AUTO PECAS LTDA,https://astonautomotive.com.br
MAGNIFICA HAIR COMERCIO DE FIBRAS E COSMETICOS LTDA,https://magnificahair.com.br
DRI FERREIRA SEMIJOIAS LTDA,https://driferreira.com.br
AUDAX CAPITAL SECURITIZADORA S.A,https://audaxcapital.com.br
LABORATORIO DE PROTESE DENTARIA PROTETIC LTDA,https://protetic.com.br
D C NOGUEIRA COMERCIO E SERVICOS LTDA,https://nogueira.com.br
ARVEN JOIAS COMERCIO DE JOIAS E ACESSORIOS LTDA,https://arvenjoias.com.br
VB COMERCIO DE SEMIJOIAS E ACESSORIOS LTDA,https://semijoias.com.br
ALLVEST COMERCIO DIGITAL LTDA,https://allvest.com.br
ATACADAO DISTRIBUIDORA DE EQUIPAMENTOS DE INFORMATICA LTDA,https://atacadao.com.br
HAAKAA ACESSORIOS INFANTIS STORE ECOMMERCE LTDA,https://storeecommerce.com
ER DA SILVA COMERCIO DE ARTIGO DO VESTUARIO LTDA,https://ersilva.com.br
HIGHEND IMPORTS COMERCIO LTDA,https://highendimports.com
MASOTTI VIVERE EMPREENDIMENTOS IMOBILIARIOS SPE LTDA,https://masotti.com.br
MINDLOG SOLUCOES INTELIGENTES LTDA,https://mindlog.com.br
BTQ DIGITAL LTDA,https://btqdigital.com.br
SOLETO DECOR LTDA,https://soletodecor.com
RESERVA PREMIER DISTRIBUIDORA DE BEBIDAS LTDA,https://reservapremier.com
TOCANTINS PECAS E ACESSORIOS LTDA,https://tocantins.com
CANAA COMERCIO E SERVICOS LTDA,https://canaa.com
ANCORA ENGENHARIA LTDA,https://ancoraengenharia.com.br
PET ROE INDUSTRIA DE ARAMADOS LTDA.,https://petroe.com
CHAMPION FARMOQUIMICO LTDA,https://champion.com
EMPILHADEIRA SANTANA LTDA,https://empilhadeirasantana.com.br
SAM BRINDES COMERCIO LTDA,https://sambrindes.com.br
LACOS SAUDE S.A.,https://lacossaude.com.br
COUTINHO  FERREIRA LTDA,https://coutinho.com
BEM ESTAR CASA COMERCIO ELETRONICO LTDA,https://bemestar.com
C.E.R CHIOZZINI COMERCIO DE ARTIGOS ESPORTIVOS LTDA,https://chiozzini.com.br
IM STORE LTDA,https://im-store.com
ODIN MOTORES E SERVICOS TECNICOS LTDA,https://odinmotores.com.br
BWB EMPILHADEIRAS LTDA.,https://bwbempilhadeiras.com.br
REDE BRASIL DE ASSISTENCIA FUNERAL E BENEFICIOS LTDA,https://redebrasil.com.br
GARCIA UTILIDADES EM GERAL LTDA,https://garcia.com.br
TUDO  VINHO LTDA,https://tudovinho.com
VOA DUA COMERCIO DE PRODUTOS LTDA.,https://voadua.com
FECULARIA ELDORADO LTDA,https://eldorado.org.br
CM IMPORTADOS E NACIONAIS LTDA,https://cmimportados.com
CROPPEDLUXO ARTIGOS DO VESTUARIO LTDA,https://croppedluxo.com.br
HAPPY FLUTE LTDA,https://happyflute.com.br
FOTON INFORMATICA S.A.,https://foton.com.br
INSTITUTO JD RODRIGUES  MARKETING E COMUNICACAO INTEGRADA,https://institutojdrodrigues.com.br
ALUMI COMERCIO DE JOIAS E MODA LTDA,https://alumijoias.com.br
LOG TECH INTELIGENCIA EM LOGISTICA SA,https://logtech.com.br
R2S MED DISTRIBUIDORA E REPRESENTACAO LTDA,https://representacao.com.br
LE TAILLEUR COMERCIO DE VESTUARIO SA,https://letailleur.com
LE BRUNE LTDA.,https://lebrune.com.br
ADILSON J. ANGST LTDA,https://adilson.net.br
AJC MARKETING VISUAL LTDA,https://ajcmarketing.com
SEJA CLUB LTDA,https://sejaclub.com.br
SAFETECH COMERCIO DE EQUIPAMENTOS LTDA,https://safetech.io
VALENTINA PRESENTES LTDA,https://presentes.com.br
KL COMERCIO DE VESTUARIO LTDA,https://klvestuario.com.br
ORBIS FOR MAN LTDA,https://orbisforman.com.br
DECORISE COMERCIO DE MOVEIS LTDA,https://moveis.com.br
PAPELANDIA IMPORTACAO E DISTRIBUICAO DE PAPELARIA LTDA,https://papelandia.com.br
FAVE BIKINI LTDA,https://favebikini.com.br
MILCORTE FERRAMENTAS LTDA,https://ferramentas.com.br
BELLA PEDRA CRISTAL LTDA,https://bellapedra.com.br
LITOFIX COMERCIO DE GRAMPOS LTDA,https://grampos.com.br
LE BLOOM COMERCIO DE ARTEFATOS DE COURO LTDA,https://lebloom.com.br
DELARA BABY LTDA,https://delarababy.com.br
SUPER EMBALAGEM COMERCIO E DISTRIBUICAO DE EMBALAGENS LTDA,https://superembalagem.com
ITI SERVICOS COM E IND LTDA,https://iticom.com.br
KS SPORTS LTDA,https://kssports.com.br
BAOBA DISTRIBUICAO DE COSMETICOS LTDA,https://cosmeticos.com.br
HAH STUDIO LTDA,https://hahstudio.com.br
H.CARE COMERCIO DE COSMETICOS LTDA,https://cosmeticos.com.br
BRIANEZI COMERCIO DE BRINQUEDOS E JOGOS LTDA,https://brianezi.com.br
GRILO DIFUSORES LTDA,https://difusores.com.br
CONFRARIA CHIC INTERMEDIACAO LTDA,https://confrariachic.com.br
RP-G MOBILIARIO E COMUNICACAO VISUAL LTDA,https://comunicacaovisual.net.br
ATTIMO TELECOM LTDA,https://attimotelecom.com.br
EMOTICOVER PRODUTOS PERSONALIZADOS LTDA,https://personalizados.com.br
FRAN MAFTUM TREINAMENTO E DESENVOLVIMENTO HUMANO LTDA,https://desenvolvimentohumano.com.br
TRIELAS MODAS LTDA,https://trielasmodas.com.br
HB SUPRIMENTOS LTDA,https://hbsuprimentos.com.br
OS STORE LTDA,https://store.com
MOBYSPORT MOTO WEB LTDA,https://motoweb.com.br
LU CAYRES COMERCIO DE COSMETICOS LTDA,https://cosmeticos.com.br
ROSE MARTINS HEALING LTDA,https://rosemartins.com.br
FLORENZZA JEANS COMERCIO VAREJISTA E ATACADISTA DE ARTIGOS DO VESTUARIO E ACESSO,https://acesso.com.br
MC PNEUMATICA COMERCIO DE PECAS INDUSTRIAIS LTDA,https://mcpneumatica.com.br
"SHALOM E RARA COMERCIO VAREJISTA DE JOIAS,SEMI JOIAS E SEX SHOP LTDA",https://shalom.net.br
SA SUPREMA CONSULTORIA EMPRESARIAL LTDA,https://empresarial.com.br
MEU GERADOR COMERCIO DE ENERGIA SOLAR LTDA,https://meugerador.com.br
JOY TO JOY COMERCIO DE ACESSORIOS E SERVICOS ADMINISTRATIVOS LTDA,https://joytojoy.com.br
BG SENSUALITY COMERCIO VAREJISTAS LTDA,https://bgsensuality.com.br
E O TELES COMERCIO ATACADISTA DE COURO LTDA,https://teles.com.br
NATUREZA SAUDAVEL INDUSTRIA DE ALIMENTOS IMPORTACAO E EXPORTACAO LTDA,https://naturezasaudavel.com.br
PORTO INSUMOS AGRICOLAS LTDA,https://portoinsumos.com.br
HOLY NUTS COMERCIO DE ALIMENTOS LTDA,https://holynuts.com.br
COMPANY COMERCIO DE ACESSORIOS E VIDROS LTDA,https://companyvidros.com.br
BASE CURSOS E LIVROS LTDA,https://livros.com.br
SEMEP LOGISTICA E CONSTRUCAO LTDA,https://construcao.com.br
NATHIONAL COOK EQUIPAMENTOS PARA GASTRONOMIA LTDA,https://gastronomia.com.br
LS SERVICOS DE APOIO ADMINISTRATIVO LTDA,https://administrativo.com.br
EMPORIO DE SALINAS LTDA,https://salinas.com.br
ALMA LEE INDUSTRIA E COMERCIO DE ROUPAS LTDA,https://almalee.com.br
KATRIN JESSICA CONFECCOES LTDA,https://katrinjessica.com.br
PD CASE INFORMATICA LTDA,https://pdcase.com.br
ORGANIZACOES CEITEL LTDA,https://ceitel.com.br
MATSUDA MINAS COMERCIO E INDUSTRIA LTDA,https://matsudaminas.com.br
EAD AVIACAO LTDA,https://eadaviacao.com.br
BOX4 ENVIOS LTDA,https://envios.com.br
SENSE CONFECCOES LTDA,https://sense.com
IGO PASS SOLUCOES DIGITAIS LTDA,https://igopass.com.br
FOCUS ADMINISTRACAO E GESTAO CONDOMINIAL LTDA,https://gestaocondominial.com.br
EDITORA GIANINI LTDA,https://gianini.com.br
"SOHO BAZAR, COMERCIO E INTERMEDIACOES LTDA",https://sohobazar.com.br
RIGAMES COMERCIO DE BRINQUEDOS LTDA,https://brinquedos.com.br
LIMNOS  HIDROBIOLOGIA E LIMNOLOGIA LTDA,https://limnos.com.br
STRATA ENGENHARIA LTDA,https://strata.com.br
DKT DO BRASIL PRODUTOS DE USO PESSOAL LTDA,https://usopessoal.com.br
GRAMA CONFECCOES LTDA,https://grama.org.br
MAQANBI COMERCIO DE FERRAMENTAS E ACESSORIOS LTDA,https://ferramentas.com.br
ENDOSCOPY MEDICAL SYSTEMS LTDA,https://endoscopymedical.com
QG PROMOCIONAL COMERCIO DE BRINDES LTDA,https://promocionalbrindes.com.br
POLYCROM QUIMICA DO BRASIL LTDA,https://polycrom.com.br
MY ITALIAN SOFT GESTAO E COMERICO DE ALIMENTOS LTDA,https://myitalian.com
EDITORA MAGNIFICAT LTDA,https://editoramagnificat.com.br
CAMBE PARTS DIESEL LTDA,https://partsdiesel.com.br
FIBRA FORTE COMERCIAL LTDA,https://fibraforte.com.br
INA  INDUSTRIA NAUTICA DE ATIBAIA LTDA,https://atibaia.net.br
NIZAM UNIFORMES ESPORTIVOS LTDA,https://nizam.com.br
"PHARMAKO FARMACIA DE MANIPULACAO, PRODUTOS NATURAIS LTDA",https://pharmako.com.br
ESBELT LINGERIE LTDA,https://esbelt.com
SIGARI INDUSTRIA E COMERCIO LTDA,https://sigari.com
ATERA INFORMATICA LTDA,https://atera.com.br
UARINI INDUSTRIA DE ALIMENTOS NUTRICIONAIS LTDA,https://nutricionais.com.br
UNITED SURGICAL IMPORTACAO E EXPORTACAO LTDA,https://unitedsurgical.com
KLAROMA STORE  COMERCIO DE COSMETICOS LTDA,https://klaromastore.com.br
CENTRO DE TREINAMENTO E INOVACAO EM BIOFABRICACAO 3D LTDA,https://centro.com.br
RAFANNA&#39;S COMERCIO DE PRODUTOS FARMACEUTICOS LTDA,https://rafanna.com.br
JARDINS EMPREENDIMENTOS IMOBILIARIOS LTDA,https://jardins.com.br
COP 1000 TRANSPORTES LTDA,https://cop1000.com
FENIX DISTRIBUIDORA DE PECAS LTDA,https://fenix.com.br
BAUNNI MODA PROFISSIONAL LTDA,https://baunni.com.br
SEVEN COMERCIO DE PRODUTOS MEDICOS LTDA,https://seven.com.br
BLACKOUT JEANS WEAR LTDA,https://blackoutjeans.com.br
JOTACAR - PECAS E ACESSORIOS LTDA,https://jotacar.com.br
LE BORO COMERCIO DE CALCADOS LTDA,https://leboro.com.br
BLUEVIX COMERCIO E SERVICO LTDA,https://bluevix.com.br
MUZION LTDA,https://muzion.com.br
A SMART SHOOT ARMAS E EQUIPAMENTOS LTDA,https://smartshoot.com
AUDIO SOLUTIONS IMPORTADORA LTDA,https://audiosolutions.tech
HOSPITAL PRAIA DA COSTA SA,https://hospital.net.br
GD ASSESSORIA E SERVICOS EM MEDICINA E SEGURANCA DO TRABALHO LTDA,https://gdassessoria.com
KAFKA COMERCIO DE CALCADOS E ACESSORIOS LTDA,https://kafka.com
LOVX INDUSTRIA E COMERCIO DE COSMETICOS LTDA,https://cosmeticos.com.br
CURY COMEX LTDA,https://curycomex.com.br
STYLUS ONLINE COMERCIO DE CALCADOS E BOLSAS LTDA,https://stylusonline.com
CATEDRAL DISTRIBUIDORA LTDA.,https://catedral.org.br
DI PIETTRO COMERCIO DE PERFUMES E ACESSORIOS LTDA,https://dipiettro.com.br
BENEFICIO MAIS FAMILIAR GESTAO DE PLANOS DE AMPARO E DE BENEFICIOS AO TRABALHADOR E SUA FAMILIA LTDA,https://beneficiomais.com.br
TR LAB PRODUTOS E EQUIPAMENTOS PARA LABORATORIOS LTDA.,https://trlab.com.br
MIRA CASSIANI COMERCIO E IMPORTACOES LTDA,https://importacoes.com.br
DEFFO COMERCIO DE PRODUTOS LTDA,https://deffo.com.br
C. MACHADO IGNACIO  D. A. MENTZ LTDA,https://machadoignacio.com
COMBAT CUSTOM EQUIPAMENTOS TATICOS LTDA,https://combatcustom.com.br
CORDAS CLUB INSTRUMENTOS MUSICAIS LTDA,https://cordasclub.com
PRIME LONAS COMERCIO DE PRODUTOS PLASTICOS LTDA,https://primelonas.com.br
Grid Co. LTDA - 39.468.209/0001-10,https://gridco.com.br
Grid Co. LTDA - 39.468.209/0002-09,https://gridco.com.br
Grid Co. LTDA - 39.468.209/0003-81,https://gridco.com.br
HUS BRASIL LTDA,https://husbrasil.com.br
SNAP ALIGNER DO BRASIL LTDA,https://snapaligner.com.br
ASSOCIACAO DOS LOJISTAS DO MODA BRASIL,https://modabrasil.com.br
ASSOCIACAO ANGLICANA DE EDUCACAO DO BRASIL,https://educacaobrasil.com.br
RAMA NATURE LIFE LTDA,https://naturelife.com
SUNIZE DIGITAL LTDA,https://sunize.com.br
MB COMERCIO DE FOLHEADOS LTDA,https://folheados.com
PARO MOVEIS COMERCIO LTDA,https://moveis.com.br
MY CURVES MODA LTDA,https://mycurves.com
GEN PARTS BRASIL SERVICOS E COMERCIO DE ARTEFATOS EM GERAL LTDA,https://genparts.com.br
PREDIALIZE PLATAFORMA DIGITAL LTDA,https://plataformadigital.com.br
PHARMA BEAUTY FARMACIA E COMERCIO DE MEDICAMENTOS LTDA,https://medicamentos.com.br
CENTRAL BIKE STORE LTDA,https://centralbikestore.com
FABRICA DA ALEGRIA LTDA,https://fabrica.com.br
CDE MODA FITNESS LTDA,https://modafitness.com.br
ESTUDIO LABORATORIO CHAMA COMERCIO E SERVICOS LTDA,https://estudiochama.com.br
THERM LINE PRODUTOS TERMICOS LTDA,https://thermline.com
FRATELLO TECH SOLUTIONS COMERCIO DE INFORMATICA SOCIEDADE UNIPESSOAL LTDA,https://fratellotech.com.br
MEGA HAIR BOUTIQUE LTDA,https://hairboutique.com
BRASIL CELLARS COMERCIO E CONSULTORIA,https://brasil.io
TREVO PAPELARTE LTDA,https://trevopapelarte.com.br
EURO TERRAZZO BRASIL LTDA,https://euroterrazzobrasil.com.br
TOPSTOREJOIAS SEMIJOAIS DE LUXO LTDA,https://topstorejoias.com.br
ALVES MONTEIRO COMERCIO LTDA,https://alvesmonteiro.com.br
ODOYA INDUSTRIA COMERCIO IMPORTACAO E EXPORTACAO LTDA,https://odoya.com
MARQUES STORE LTDA,https://marquesstore.com
FRONT ROW CONTEUDO ONLINE E COMERCIO SOCIEDADE DE RESPONSABILIDADE UNIPESSOAL LIMITADA,https://frontrow.com.br
MANCINI INDUSTRIA E COMERCIO S.A.,https://mancini.io
MAXTORQUE INDUSTRIA DE BOMBAS D AGUA LTDA,https://maxtorque.com.br
MATERIA ESCURA EDITORA LTDA,https://materiaescura.com
ESPACO ANDREZZA BICALHO LTDA,https://espacoandrezzabicalho.com.br
GRAFICA AMORIM MULT LTDA,https://graficaamorim.com.br
CAPILAR ESSENCIA COMERCIO DE COSMETICOS LTDA,https://capilaressencia.com.br
PAR PERFEITO COMERCIO DE CALCADOS E ACESSORIOS LTDA,https://parperfeito.com.br
CASA DO IMPORTADOR BR LTDA,https://importadorbr.com
ASSOCIACAO DE SOCORRO MUTUO TOP BRASIL PV,https://socorromutuo.com
ARTE ETC. COMERCIO ELETRONICO LTDA,https://arteetc.com.br
M N CONTABIL LTDA,https://contabil.com.br
NET ONZE SERVICOS DE DATACENTERS E COBRANCAS LTDA,https://netonze.com.br
NAVITEC COMERCIO E SERVICOS LTDA,https://navitec.com.br
SENISE MODA FEMININA LTDA,https://modafeminina.com.br
TERNO REI LTDA,https://ternorei.com.br
EDITORA RENOVADA,https://editorarenovada.com.br
F O IND E COM DE ALIM LTDA,https://indcom.com
FT SETE BONES LTDA,https://ftsete.com.br
MASTER  MASTER SUPLEMENTOS ALIMENTICIOS LTDA,https://mastermaster.com.br
LIOSVALDO B DE BARROS CARVALHO COMERCIO DE ROUPAS,https://barroscarvalho.com.br
HILST JOIAS EM PRATA LTDA,https://joiasprata.com.br
CENTRAL DA BELEZA LTDA,https://central.com
CENTRO OESTE PECAS E PARTES LTDA,https://centrooeste.com.br
RA COMPANY STORE COMERCIO DE PRODUTOS DE VESTUARIO E ACESSORIOS LTDA,https://racompany.com.br
MASTERMEDIC DISTRIBUIDORA LTDA,https://mastermedic.com.br
ATHOS SISTEM COM E SERVICOS DE PONTO E A,https://componto.com
THAIS PRATAS LTDA,https://thais.com.br
VCM COMERCIO DE ALIMENTOS LTDA,https://alimentos.com.br
DEMOROU MAS APARECEU COMERCIO DE ROUPAS LTDA,https://apareceu.com.br
FML COMERCIO DE COSMETICOS LTDA,https://cosmeticos.com.br
NATURAL PRIMER LTDA,https://natural.com.br
KONTENTA CONFECCAO LTDA,https://kontenta.com.br
DIGITAL MINDSET LTDA,https://digitalmindset.com
TT IMPORT LTDA,https://ttimport.com.br
RHEEMANN FERRAMENTAS LTDA,https://ferramentas.com.br
SUDESTE DISTRIBUIDORA ESCOLAR LTDA,https://escolar.com.br
VOCEM EMPREENDIMENTOS LTDA,https://vocem.com
LIMARI  BRINDES PERSONALIZADOS LTDA,https://limaribrindes.com.br
OMEGA GRAPHICS SOLUCOES GRAFICAS E VISUAIS LTDA,https://omegagraphics.com
COMERCIO DE PLASTICOS OWL LTDA,https://plasticosowl.com.br
MAXESHOP INDUSTRIA METALURGICA LTDA,https://metalurgica.com.br
SP COMERCIO ELETRONICO E MARKET PLACES LTDA,https://marketplaces.io
HAPPY HAIR LTDA,https://happyhair.com.br
CEA - CURSOS EDGAR ABREU LTDA,https://ceacursos.com.br
PET DOSE LTDA,https://petdose.com
LUMINI WALL PAINEIS SHINING E EVENTOS LTDA,https://luminiwall.com.br
"LEON BARBER DISTRIBUIDORA COMERCIO VAREJISTA DE MOVEIS, COSMETICOS E ACESSORIOS LTDA",https://leonbarber.com
GRINGA INTERNACIONAL LTDA,https://internacional.com.br
TARSILA ATELIE LTDA,https://tarsilaatelie.com.br
KIDZEE MODA INFANTIL LTDA,https://modainfantil.com
SOUL CODE ACADEMY CAPACITACAO PROFISSIONAL S.A,https://soulcode.com.br
SOFTWARE ZEN EDUCACAO E TECNOLOGIA LTDA,https://softwarezen.com.br
MARCONDES & CO. DISCOS DE VINIL LTDA,https://marcondes.com.br
MODA EM CASA COMERCIO DE ROUPAS LTDA,https://moda-casa.com
M4 STORE COMERCIO DIGITAL LTDA,https://m4store.com
JOTA 1 SOLUCOES INTEGRADAS LTDA,https://jota1.com.br
SOLO SNACKS COMERCIO DE PRODUTOS ALIMENTICIOS LTDA.,https://solosnacks.com.br
MEGAMARKS COMERCIO E SERVICOS LTDA,https://megamarks.com.br
RENTAL COMPUTER LTDA,https://rentalcomputer.com.br
GABILU MODA INFANTIL LTDA,https://modainfantil.com
TOP SEVEN COMERCIO E MANUTENCAO DE PRODUTOS ELETRONICOS LTDA,https://topseven.com.br
MASTER INK COM E IMPORT LTDA,https://masterink.com.br
ATLAS SAFE SEGURANCA EM ALTURA LTDA,https://atlassafe.com.br
HIDROVEDA TECNOLOGIA LTDA,https://hidroveda.com.br
ARTEMIA SALINA RN LTDA,https://artemia.com
"SOUL VIVA MANIPULACAO ORGANICA, NATURAL E VEGANA LTDA",https://soulviva.com
RR COMERCIO E SERVICOS EM SISTEMAS ELETRONICOS DE PESAGEM LTDA.,https://rrsistemas.com
ZAHIR MODA MASCULINA LTDA,https://modamasculina.com.br
URBANO DISTRIBUIDORA DE INFORMATICA LTDA,https://urbano.com.br
BIOMAKERS BRASIL LTDA,https://biomakers.io
STUDIO MARLA MUNIZ LTDA,https://studiomarla.com
GAS GARAGE MOTORCYCLE MECHANICS LTDA,https://gasgarage.com.br
MEGA FACIL MOVEIS ECOMMERCE LTDA,https://megafacilmoveis.com.br
ERVA DOCE GRAOS  ESPECIARIAS LTDA.,https://ervadoce.com.br
KKINFO TECNOLOGIA DA INFORMACAO LTDA,https://informacao.com.br
ESTECT MED COMERCIO DE EQUIPAMENTOS LTDA,https://estectmed.com.br
ELGISA PECAS E SERVICOS PARA IMPRESSORAS LTDA,https://impressoras.com.br
F.C.G COMERCIO DE SEMIJOIAS LTDA,https://semijoias.com.br
"GREEN TECH INNOVATION  APOIO EMPRESARIAL, COMERCIO DE ELETRONICOS LTDA",https://greentech.com.br
MOBLAN DECOR INDUSTRIA E COMERCIO DE MOVEIS E DECORACOES LTDA,https://moblandecor.com
ASSOCIACAO CENTRAL PETRO,https://centralpetro.com.br
SELARIA CORNETA LTDA,https://selariacorneta.com.br
CRUX AGARRAS EQUIPAMENTOS ESPORTIVOS LTDA,https://cruxagarras.com.br
FOFINHO MODA BEBE LTDA,https://modabebe.com.br
NIPLAN INFRAESTRUTURA S.A.,https://infraestrutura.net.br
IDNLABS INDUSTRIA PHARMACEUTICAL  FOOD SUPPLEMENTS LTDA,https://foodsupplements.com
TRES FIOS INSUMOS PARA CUTELARIA E INJETADOS LTDA,https://tresfios.com.br
ONCOEXPRESSO COMERCIO DE MEDICAMENTOS LTDA,https://medicamentos.com.br
GLOBAL TECH COM E SERVICOS LTDA,https://globaltech.com.br
FUNDACAO ARY FRAUZINO PARA PESQUISA E CONTROLE DO CANCER,https://cancer.org.br
ECUISINE COMERCIO DE UTILIDADES DOMESTICAS LTDA.,https://domesticas.com.br
2 R DELIVERY LTDA,https://2delivery.com
THE DREAM LTDA,https://thedream.com.br
ATELIER CLARA ROSAS LTDA,https://atelierclararosas.com.br
KANTRO EMPREENDIMENTOS APOIO E SERVICOS LTDA,https://kantro.com.br
QUMORY DISTRIBUIDORA DE COSMETICOS LTDA,https://cosmeticos.com.br
PREVTOTAL LABORATORIO DE IMAGEM LTDA,https://imagem.net.br
RAQUEL MODA ATUAL INDUSTRIA E COMERCIO DE ROUPAS LTDA,https://raquelmodaatual.com.br
VIZZARY JEANS COMERCIO LTDA,https://vizzaryjeans.com.br
FLOWTEX COMERCIO DE PRODUTOS E SUPRIMENTOS PARA IMPRESSAO LTDA,https://flowtex.com.br
RP DISTRIBUICAO E REPRESENTACAO LTDA,https://rprepresentacao.com
DHAMMA IMPORTACAO E COMERCIO LTDA,https://dhamma.io
P H G DE ARAUJO COMERCIO DE BONES,https://araujo.com.br
DISTRITO STREET WEAR LTDA,https://distritostreetwear.com.br
NX BOATS STORE COMERCIO E PRODUTOS LTDA,https://nxboats.com.br
RASEC ALIMENTOS LTDA,https://alimentos.com.br
NEVADA FILM LTDA,https://nevadafilm.com
SUPERLATIVA PRODUTOS PARA SAUDE LTDA,https://superlativasaude.com.br
CAPAS LP INDUSTRIA E COMERCIO LTDA,https://capaslp.com.br
NTC SERVICE LTDA.,https://service.com.br
PORTA COPOS PERSONALIZADOS COMERCIO LTDA,https://portacopospersonalizados.com.br
COLLECTION INTIMA LTDA,https://collection.com.br
ESCOLA NACIONAL DE ENSINO PROFISSIONALIZANTE (ENEPE) LTDA,https://escolanacional.com.br
HELEXIA BR LTDA,https://helexia.com.br
NM COMERCIO DE PLASTICOS LTDA,https://nmplasticos.com.br
OLUAP DISTRIBUIDORA DE PECAS LTDA,https://oluap.com.br
NEUROMATH SERVICOS DE INTELIGENCIA LTDA,https://neuromath.com.br
LM ALTA JOALHERIA LTDA,https://joalheria.com.br
INSERE EDITORA E EDUCACAO LTDA,https://insere.com.br
RAVVIVARE INDUSTRIA E COMERCIO DE CONFECCOES LTDA,https://ravvivare.com.br
MONTANA COLORS DO BRASIL LTDA,https://montanacolors.com
APAIXONADOS POR PELUCIA COMERCIO DE BRINQUEDOS LTDA,https://apaixonadosporpelucia.com.br
PANDA POOL COMERCIO ON LINE LTDA,https://pandapool.com.br
VICTORY INDUSTRIA E COMERCIO DE COSMETICOS LTDA,https://cosmeticos.com.br
AN EXPERT LTDA,https://anexpert.com.br
SAUDE ANIMAL MANIPULACAO VETERINARIA MARILIA LTDA,https://marilia.net.br
JCARVALHO CABOS LTDA,https://jcarvalhocabos.com.br
PRIME BAG EMBALAGENS E CONFECCOES LTDA,https://primebag.com.br
DDSP COMERCIO DE EQUIPAMENTOS E PRODUTOS ODONTOLOGICOS E COSMETICOS LTDA,https://cosmeticos.com.br
CLOSET 67 LTDA,https://closet.com
SP DRIVERS INDUSTRIA E COMERCIO LTDA,https://spdrivers.com.br
R V COMERCIO DE FERRAGENS E MANUTECAO DE EQUIPAMENTOS LTDA,https://ferragens.com.br
NELSON C. JUNIOR SERVICO E COMERCIO,https://nelsonjunior.com.br
Soubio Brasil Ltda,https://soubio.com.br
GOGRAB MARKETPLACE LTDA,https://gograb.io
REMEDCAR LTDA,https://remedcar.com.br
DM PENTES E ESCAPAMENTOS LTDA,https://dmpentes.com
REI DOS HDS INFORMATICA LTDA,https://hdsinformatica.com.br
COMERCIO RAQUEL AUTO PECAS LTDA,https://raquel.io
GLOBALRV RASTREAMENTO LTDA,https://globalrv.com
OPTILINE SERVICOS DE MANUTENCAO LTDA,https://manutencao.com.br
ASSOCIACAO EDITORA PRESBITERIANA DE PINHEIROS,https://pinheiros.com.br
SEMENTES DO VALE LTDA,https://sementes.com.br
GKF BRASIL NATURAL LTDA,https://natural.com.br
A. BONATO JUNIOR LTDA,https://junior.com.br
DESTAXA TECNOLOGIA PARA VAREJO LTDA,https://destaxa.com.br
MC INDUSTRIA DE JOIAS LTDA,https://mcjoias.com
VM STORE  COMERCIO DE CELULARES E ACESSORIOS LTDA,https://vmstore.com.br
AYURTERRA COSMETICOS LTDA,https://cosmeticos.com.br
D. GARCIA VIEIRA LTDA,https://garciavieira.com
COWFORTO BEMESTAR ANIMAL COMERCIO DE ARTIGOS PARA ANIMAIS LTDA,https://cowforto.com.br
JR COMERCIO DE ARTIGOS DO VESTUARIO LTDA,https://vestuario.io
MAGIC RAIZ LTDA,https://magicraiz.com.br
EXPOJUD  CONSULTORIA E EVENTOS LTDA,https://eventos.com.br
VITE SUPLEMENTOS LTDA,https://suplementos.com.br
AD INSTRUMENTOS MEDICOS IMPORTACAO E EXPORTACAO LTDA,https://adinstrumentos.com.br
MAKELIFE COMERCIO VAREJISTA ATACADISTA IMPORTADORA E EXPORTADORA LTDA,https://makelife.com.br
PROSA BRANDING LTDA,https://prosa.net.br
LE BAIN COUTURE CONFECCOES LTDA.,https://lebaincouture.com
JULIA ESSENCIAS E EMBALAGENS LTDA,https://juliaessencias.com.br
LOUREIRO E FIGUEIREDO COMERCIO DE VEICULOS LTDA,https://loureiro.com.br
JULIA FALKENBERG ROLAND LTDA,https://roland.com.br
DANIELLE CRISTINA ROCHA DA SILVA LTDA,https://daniellecristina.com.br
CRIARTGOLD INDUSTRIA E COMERCIO DE PRESENTES LTDA,https://presentes.com.br
CL MODA FEMININA LTDA,https://clmoda.com.br
PAPOULAS DOURADAS SERVICOS DE MARKETING DIRETO LTDA,https://papoulasdouradas.com.br
RTM COMERCIO DE SUPLEMENTOS LTDA,https://suplementos.com.br
HOSPITAL DE OLHOS SANTA LUZIA LTDA,https://santaluzia.com.br
KMURA IMPORTACAO  COMERCIO LTDA,https://kmura.com
ALLA VITA COMERCIO DE BIJUTERIAS E ACESSORIOS LTDA,https://allavita.com
IDENTITA MANUFATURA EM COUROS SINTETICOS E SIMILARES LTDA,https://identita.com.br
EASYCORTEN MATERIAIS E DECORACOES LTDA,https://easycorten.com.br
BALOES FESTA MAGICA LTDA,https://baloesfestamagica.com.br
FONTANELLA TRANSPORTES RODOVIARIO DE CARGAS LTDA,https://cargas.com.br
AUTORIA EDUCACAO LTDA,https://autoria.com.br
DEL BELLO CONSULTORIA DOCUMENTAL LTDA,https://delbello.com.br
UNICA PROMOTORA LTDA,https://unicapromotora.com.br
LE RIZZIA COMERCIO DE ROUPAS LTDA,https://lerizzia.com.br
FUNCIONAL LINK NEGOCIOS LTDA,https://funcional.com.br
SHOPPING BELEZA ESTETICA LTDA,https://shopping.com.br
PREMIUM COMERCIO VAREJISTA DE LIVROS LTDA,https://livros.com.br
BALM MODA PRAIA LTDA,https://modapraia.com.br
BELLY LOVE CONFECCOES LTDA,https://bellylove.com
NYTT CONCEPT STORE COMERCIO DE ARTIGOS DE MODA LTDA,https://nyttconcept.com.br
MINNIMALIS COMERCIO DE ROUPAS E ACESSORIOS LTDA,https://minnimalis.com.br
ANA MARTHA CURSOS ONLINE LTDA,https://anamartha.com.br
ORTHOFACOS PRODUTOS PARA ORTOPEDIA E OFTALMOLOGIA LTDA,https://orthofacos.com.br
JC DE OLIVEIRA LTDA,https://oliveira.com.br
LOJAS DILORENZO LTDA,https://lojas.net.br
RR ARTIGOS DE VESTUARIO LTDA,https://vestuario.io
QOLOR ARTIGOS DE PAPELARIA LTDA,https://qolor.com
HEALTH MEDIA LTDA,https://healthmedia.io
ACHADOS MELS COMERCIO LTDA,https://achados.net.br
CRISTINA SABATINI COMERCIO LTDA,https://cristinasabatini.com.br
ACOFER PARAFUSOS E FERRAMENTAS LTDA,https://ferramentas.com.br
MVE BUSINESS HUB LTDA,https://mvebusinesshub.com
SOLUTE MEDICAL GROUP BRAZIL LTDA,https://solutemedical.com.br
CENTRAL RIO LENS COMERCIO DE MATERIAL OTICO LTDA,https://centralrio.com.br
N2 SPORTS LTDA,https://n2sports.com
"PA EXCLUSIVO CEILANDIA, COMERCIO DE COSMETICOS LTDA",https://cosmeticos.com.br
LIRIOS CONFECCOES LTDA,https://liriosconfeccoes.com.br
KENTI TECH LTDA,https://kenti.io
CBFARMA DISTRIBUIDORA DE PRODUTOS FARMACEUTICOS LTDA,https://cbfarma.com.br
CONCRECTA COMERCIO DE FERRAMENTAS DIAMANTADAS LTDA,https://ferramentasdiamantadas.com
FRT BRASIL COMERCIO E CONFECCOES LTDA,https://frtbrasil.com.br
GALPAO COMERCIO DE ADORNOS LTDA,https://galpao.com.br
PTN PARTS INFORMATICA E SISTEMAS LTDA,https://ptnparts.com.br
AMAR MOVEIS E UTILIDADES LTDA,https://utilidades.com.br
DECALDECOR INDUSTRIA E COMERCIO LTDA,https://decaldecor.com.br
M R DE FREITAS SEBAO DE LIVROS LTDA,https://livros.com.br
DILLA MODA INTIMA E MODA PRAIA LTDA,https://modapraia.com
SINGULAR LOCACAO LTDA,https://singular.com.br
GAIO SERVICOS E COMERCIO IMP E EXP LTDA,https://impexp.com.br
SHEILA SEMIJOIAS LTDA,https://sheilasemijoias.com.br
ACADEMIA DA ALFAIATARIA E CAMISARIA SOB MEDIDA LTDA,https://sobmedida.com.br
DSM COMERCIO ONLINE LTDA,https://dsmonline.com
LOGTON SOLUCOES LOGISTICAS LTDA,https://logisticas.com.br
SUPPLY CENTER COMERCIO DE SUPRIMENTOS PARA IMPRESSORAS E EQUIPAMENTOS DE INFORMATICA LTDA,https://supplycenter.com.br
DATA FACIL TELECOM LTDA,https://datafacil.com.br
RODRIGO ALVES DE ARAUJO COMERCIO DE PECAS,https://rodrigoalves.com.br
TERCIO PEREIRA JOVEM LTDA,https://tercio.com.br
FORTALEZA GESTAO COMERCIAL DE JOIAS FOLHEADAS LTDA,https://fortalezagestao.tech
TREEUNFO TECH INFORMATICA LTDA,https://treeunfo.com.br
GRC DENTAL COMPONENTES LTDA,https://grcdental.com.br
INSIGHT  ENGENHARIA LTDA,https://insight.org.br
LIVIA NUNES BODY STYLE LTDA,https://livianunesbodystyle.com.br
VRENTAL LOCACAO DE MAQUINAS E EQUIPAMENTOS SA,https://vrental.com.br
SPECIAL GIFT COMERCIO E SERVICOS LTDA.,https://specialgift.com.br
DEBY COLOMBO CURSOS DE ARTESANATO LTDA,https://debycolombo.com.br
KAIZEN COMERCIO E ECOMMERCE LTDA,https://kaizen.com
VALENTE NUTRITION COMERCIO DE PRODUTOS NATURAIS LTDA,https://valentenutrition.com
CARLOS E. DA SILVA AQUARIOS E ARMAS LTDA,https://carlossilva.com.br
UNION FABRIL LTDA,https://unionfabril.com.br
MCB FABRICIO LTDA,https://fabricio.com.br
JA GESTAO EDUCACIONAL LTDA,https://jagestao.com
"GERAR SERVICOS DE ENGENHARIA, OPERACAO E MANUTENCAO LTDA.",https://gerarengenharia.com.br
RAIZEN MACHINE LTDA,https://raizenmachine.com.br
ARETTA JOIAS COMERCIO LTDA,https://aretta.com.br
PODIUM MERCANTIL SECURITIZADORA SA,https://podiummercantil.com.br
COFFEE WALK CAFE DOCES E SALGADOS LTDA,https://coffeewalk.com.br
ABOIO EDITORA LTDA,https://aboio.com.br
UNIVERSO UNHAS CAMPINAS E ACESSORIOS LTDA,https://universounhas.com.br
METAL NOBRE LTDA,https://metal.com.br
W LIFE GROUP SUPLEMENTOS LTDA,https://lifegroup.com
VALIAANTI INTELLIGENCES LTDA,https://valiaanti.com.br
GO PRATICO SERVICOS DIGITAIS LTDA,https://gopratico.com.br
CB LIMPEZA TERCEIRIZADA LTDA,https://limpezaterceirizada.com.br
MONTAG ASSISTENCIA TECNICA EM EQUIPAMENTOS MEDICOS SP LTDA,https://medicossp.com.br
SINTA IANDE INDUSTRIA E COMERCIO DE PRODUTOS PARA CASA LTDA,https://sintaiande.com.br
SK ACESSORIOS E COMERCIO DE BIJUTERIAS LTDA,https://skbijuterias.com
MACHADO CARDOSO ACADEMY E LAB.IN LABORATORIO DE PROTESE LTDA,https://machadocardoso.com.br
MOBISIG INDUSTRIA E COMERCIO LTDA,https://mobisig.com.br
AURA NATURAL DESIGN LTDA,https://auranaturaldesign.com.br
FT 7 BONES LTDA,https://bones.com
YONGLI SOUTH AMERICA LTDA.,https://southamerica.com.br
GIOVANNA DIONISIO FERRARESI DE VARGAS LTDA,https://giovanna.com.br
MAIS LEVE INDUSTRIA DE PRODUTOS NATURAIS LTDA,https://maisleve.com.br
ALUDRA COMERCIO DE CALCADOS LTDA,https://aludra.tech
VISUAL PECAS E ACESSORIOS AUTOMOTIVOS SOCIEDADE UNIPESSOAL LTDA,https://visual.com.br
ATENDMED DISTRIBUIDORA DE PRODUTOS E MATERIAIS HOSPITALARES LTDA,https://atendmed.com.br
HW SISTEMAS  HEARTWARE LTDA,https://hwsistemas.com.br
GU EMBALAGEM COMERCIO VIRTUAL LTDA,https://virtual.com.br
SANTA CECILIA IMOVEIS LTDA,https://santacecilia.com.br
M5 GLASS SOLUTION LTDA,https://glasssolution.com.br
JOAO AUTOMOVEIS LTDA,https://joaoautomoveis.com.br
GENIE SHIPPING DO BRASIL LTDA,https://genieshipping.com
MULTIVERSO COMERCIAL LTDA,https://multiverso.com.br
ASSOCIACAO EDUCACIONAL DA ASSEMBLEIA DE DEUS DE VIAMAO,https://assembleia.com.br
AGROPECUARIA BOA SAFRA LTDA,https://boasafra.com
TECMOL INDUSTRIA E COMERCIO LTDA,https://tecmol.com.br
LAREL VAREJO ONLINE LTDA,https://larel.com.br
JRD COMERCIAL ELETRICA LTDA,https://eletrica.com.br
TILLYFX STUDIOS COMERCIO EXPORTACAO E ARTES LTDA,https://studiosartes.com
SOFIA FERRARI RUBIM MOULIN  LTDA,https://sofiaferrari.com.br
COCKPIT AGENCIA DE PUBLICIDADE LTDA,https://agenciapublicidade.com
PIXXEL ASSISTENCIA TECNICA LTDA,https://tecnica.com.br
NATURALLY BIOS LTDA,https://naturallybios.com.br
RONDA PORTEIROS LTDA,https://porteiros.com.br
VATTEN PHARMA LTDA,https://vattenpharma.com.br
MADENNA LTDA,https://madenna.com.br
EXCLUSIVA STORE LTDA,https://exclusivastore.com.br
VEDAPLIS INDUSTRIA E COMERCIO DE VEDACOES LTDA,https://vedaplis.com.br
C.A.M. COMERCIAL E ALIMENTOS LTDA,https://alimentos.com.br
IMPORTLINK SOLUTIONS IMPORT AND EXPORT LTDA.,https://importlink.com.br
REQUINTE COMERCIO DE SEMIJOIAS LTDA,https://semijoias.com.br
RISE UP WOMEN COMERCIO DE LIVROS LTDA,https://riseup.com
OCEAN SERVICE ELETRONICA LTDA,https://oceanservice.com
ASSOCIACAO DE EDUCACAO E NOVAS TECNOLOGIAS PHORTE,https://phorte.com.br
CRISTAL BLUMENAU LTDA,https://cristalblumenau.com.br
IMPERIO DAS PRATAS  ACESSORIOS LTDA,https://imperio.com.br
DEISE CAROLINE COMERCIO ATACADISTA E VAREJISTA DE CALCADOS LTDA,https://deisecaroline.com.br
IPANEMA AGRICOLA S.A.,https://agricola.com.br
AGILIZA REGISTROS EMPRESARIAIS LTDA,https://agilizaregistros.com.br
VALEC ENGENHARIA CONSTRUCOES E FERROVIAS SA,https://ferrovias.com.br
TRUST TOOLS IMPORTACAO E EXPORTACAO LTDA,https://trusttools.com.br
NOVA LIVRARIA LEONARDO DA VINCI LTDA,https://leonardovinci.com.br
FUNDACAO ESCOLA NACIONAL DE SEGUROS FUNENSEG,https://fundacaoescola.org.br
TREND COLLECTION CONFECCOES LTDA,https://trendcollection.com
FREELANCER X  LOGISTICA PROMOCIONAL E ARMAZENAGEM LTDA,https://freelancerlogistica.com.br
ANGLO AMERICAN NIQUEL BRASIL LTDA,https://angloamerican.com.br
GEMELI MEDICAL LTDA,https://medical.com.br
EDITORA PINARD LTDA,https://pinard.com.br
V CANI CURSOS ONLINE LTDA,https://cursosonline.com.br
CASA MEIO FIO EVENTOS LTDA,https://eventos.com.br
LUCCA FELIPE CAVALARI BORREGO LTDA,https://borrego.com.br
VIRA COSMETICOS LTDA,https://viracosmeticos.com.br
JCEOS SOLUCOES GRAFICAS LTDA,https://jceos.com
RK COMERCIO DE PRODUTOS ODONTOLOGICOS LTDA,https://odontologicos.com
CENTRO EDUCACIONAL DE REALENGO,https://centro.com.br
ANAPI SEMIJOIAS LTDA,https://semijoias.com.br
RPM JUNQUEIRA PRODUTOS DE LIMPEZA E JARDINAGEM LTDA,https://jardinagem.com.br
EP BRASIL COMERCIO DE BEBIDAS E EVENTOS PROMOCIONAIS LTDA,https://promocionais.com.br
C  O COMERCIO DE FERRAGENS E MATERIAIS ELETRICOS LTDA,https://ferragens.com.br
RAFAEL MARSOLA CERVIERI LTDA,https://rafael.net.br
MA NEGOCIOS DIGITAIS LTDA,https://digitais.net.br
ATRIUM COMERCIO DE PRODUTOS OTICOS LTDA,https://atrium.com
RMV PECAS E FERRAMENTAS LTDA,https://ferramentas.com.br
SIHUNE LABORATORIO LTDA,https://sihune.com.br
ROSA HELENA PEREIRA GONCALVES LTDA,https://rosahelena.com.br
MEET LINGERIE LTDA,https://meetlingerie.com.br
RICARDO DREWS MADEIRAS ESPECIAIS LTDA,https://ricardodrews.com.br
CHOCOLAB COMERCIO DE MAQUINAS E EQUIPAMENTOS LTDA,https://chocolab.tech
SEEGMA SOLUCOES DIGITAIS LTDA,https://seegma.com.br
NATHD OR COMERCIO VAREJISTA E ATACADISTA DE JOIAS E SEMIJOIAS LTDA,https://semijoias.com.br
MANSUR E MENDONCA FASHION  DESIGN COMPANY LTDA,https://mansur.com.br
APOLO TUBULARS SA,https://apolotubulars.com.br
ANIPE SEMIJOIAS LTDA,https://semijoias.com.br
ARES ESSENCE COMERCIO DE FRAGANCIAS LTDA,https://aresessence.com.br
HYPERION COMICS EDITORA E ESTUDIO LTDA,https://hyperioncomics.com.br
FAUNO ARTESANAL LTDA,https://faunoartesanal.com.br
PRINT FOODS COMERCIO E INDUSTRIA LTDA,https://printfoods.com.br
JRC DO BRASIL EMPREENDIMENTOS ELETRONICOS LTDA,https://jrcbrasil.com.br
SONAX SISTEMAS LTDA,https://sonaxsistemas.com.br
TALKS ENGLISH ESCOLA DE IDIOMAS LTDA,https://talksenglish.com
OLGAX COMERCIO IMPORTACAO E EXPORTACAO LTDA,https://olgax.com
PLUS ARTE DECORACAO E LEILOES LTDA,https://plusarte.com
KUWABARA COMUNICACAO LTDA,https://kuwabara.com
"MCA ASSESSORIA, IMPORTACAO E COMERCIO LTDA",https://mcaassessoria.com.br
GINASTICA DO CEREBRO DO BRASIL LTDA,https://cerebrobrasil.com.br
CFL FARMACIA DE MANIPULACAO LTDA,https://manipulacao.com.br
JUMBO IMPORTACAO E DISTRIBUICAO DE ACESSORIOS GERAL LTDA,https://jumbo.com.br
PB SOLUTIONS LTDA.,https://pbsolutions.com.br
ASSESSA INDUSTRIA COMERCIO E EXPORTACAO LTDA,https://assessa.com.br
ULTRA ENVIOS LOGISTICA ONLINE LTDA,https://ultraenvios.com.br
CAIXA SURPRESA BUENO COMERCIO DE ROUPAS E CALCADOS LTDA,https://caixasurpresabueno.com.br
W2 BRASIL COMERCIO IMPORTACAO E EXPORTACAO LTDA,https://w2brasil.com.br
ABIMOVEL ASSOCIACAO BRASILEIRA DAS IND DO MOBILIARIO,https://abimovel.com
INDORAMA BRASIL LTDA,https://indorama.com
KIDS BABY BRU COMERCIO DE ROUPAS E ARTIGOS INFANTIS LTDA,https://kidsbaby.com
LEVMEDICAL SOLUCOES PARA MEDICINA LTDA,https://levmedical.com.br
NIKAIA INDUSTRIA DE CAFE LTDA,https://nikaia.com
GREAT WALL MOTOR BRASIL LTDA,https://greatwall.io
PHILADELPHIA FOOD NANOTECHNOLOGY LTDA,https://philadelphiafood.com
NORTE FLOW SISTEMAS DE TRATAMENTO DE AGUA LTDA,https://norteflow.com.br
BEIJA FLOR AROMAS NATURAL LTDA,https://beijafloraromas.com
LIDER ADMINISTRADORA DE IMOVEIS LTDA,https://lideradministradora.com.br
AQUAMARINE COSMETICOS LTDA,https://cosmeticos.com.br
CAPIM LIMAO TSHIRTS LTDA,https://capimlimao.com.br
SINTASE  SOLUCOES EM QUIMICA ORGANICA SINTETICA LTDA,https://sintetica.com.br
FE BRASIL INDUSTRIA E COMERCIO LTDA,https://febrasil.com.br
VERSA DENTAL E MED LTDA,https://versadental.com
LABORATORIO DK ESTHETIC DIGITAL LTDA,https://dkesthetic.com
GUIPAR MANUTENCAO E COMERCIO DE IMPORTACAO E EXPORTACAO DE PECAS LTDA,https://manutencao.com.br
GPMR  MEDICAL ASSESSORIA LTDA,https://medicalassessoria.com.br
GENERATOR WEB BUSINESS LTDA,https://generatorweb.com
TRASGO NERD STORE LTDA,https://nerdstore.com.br
MARY BOTANICAL LTDA,https://marybotanical.com.br
VMS OLIVEIRA LTDA,https://oliveira.com.br
CPAC  CENTRO DE PATOLOGIA E CITOLOGIA LTDA,https://patologiacitologia.com
PACK TO YOU INDUSTRIA E COMERCIO DE COSMETICOS LTDA,https://packto.com.br
CENTRO OESTE FARMACIA DE MANIPULACAO LTDA,https://centrooeste.com.br
WEBTEC SOLUCOES EM LOCACAO DE INFORMATICA LTDA,https://locacaoinformatica.com.br
XANGAI COMERCIO IMPORTACAO E EXPORTACAO DE BIJUTERIAS LTDA,https://xangai.com.br
ULTRA EPI EQUIPAMENTOS DE PROTECAO INDIVIDUAL LTDA,https://ultraepi.com.br
MEGGA COMERCIO DE INSTRUMENTOS PARA CONTROLE LTDA,https://meggainstrumentos.com.br
HOMEOPATIA SANTOS  FURTADO LTDA,https://homeopatia.com.br
MAISBR COMERCIAL LTDA,https://maisbr.org.br
ARTE VISUAL COMUNICACAO LTDA,https://artevisual.com.br
RF TREINAMENTOS LTDA,https://rftreinamentos.com.br
EDITORA GRALHA AZUL LTDA,https://editoragralhaazul.com.br
MEDEIROS E SANTOS COMERCIO DE CALCADOS LTDA,https://medeirossantos.com.br
NI KA FITWEAR  LTDA,https://nikafitwear.com.br
AE TECNICAL LTDA,https://tecnical.com
HADDAD E ROCHA LTDA,https://haddad.com
LF CONNECT CAIXA TOMADA LTDA,https://caixatomada.com.br
OTHEVA INDUSTRIA ELETRICA LTDA,https://eletrica.com.br
BRISA COMERCIO DE COSMETICOS LTDA,https://brisacosmeticos.com
BARION AGROPECUARIA COMERCIO VETERINARIO LTDA,https://barion.com.br
CANELA SERVICOS MEDICOS LTDA,https://canela.com.br
GA EQUESTRE COMERCIO DE VESTUARIO LTDA.,https://gaequestre.com.br
AZ COMERCIO DE SUPLEMENTOS ALIMENTARES LTDA,https://azsuplementos.com
M.C.MASON LTDA.,https://mason.com
TRADIO PAGAMENTOS LTDA,https://tradiopagamentos.com.br
SELLCO LTDA,https://sellco.com
FARMACIA RENATO SERGIO DE FARIA LTDA,https://sergiofaria.com
PANIFICACAO TOCANTINS LTDA,https://panificacao.com.br
BASIC OUTLET LTDA,https://basicoutlet.com.br
AMMARE BRAND LTDA,https://ammare.com.br
POTENCIA MATERIAIS ELETRICOS LTDA,https://materiaiseletricos.com.br
BRUTOS OFF ROAD ACESSORIOS AUTOMOTIVO LTDA,https://automotivo.com.br
UNIQUE AGENCIA LTDA,https://uniqueagencia.com
GARRA COMERCIO DE ARTIGOS ESPORTIVOS LTDA,https://garra.io
SOCIEDADE RECREATIVA BANDEIRANTES,https://sociedaderecreativa.com.br
"ASSOCIACAO EVANGELISTICA, DISCIPULADORA EDUCACIONAL E CULTURAL CASA DA BIBLIA",https://biblia.com.br
BRANCOTEX INDUSTRIAS QUIMICAS LTDA,https://brancotex.com.br
Dm Import Diesel LTDA,https://dmimport.com
ARROW BRASIL SA,https://arrowbrasil.com.br
ALLUGGA EQUIPAMENTOS LTDA,https://allugga.com.br
ASSOCIACAO DE OLHO NO MATERIAL ESCOLAR,https://escolar.com.br
METALURGICA COUSELO LTDA,https://metalurgica.com.br
WEISHAUPT DO BRASIL IND E COM LTDA,https://weishaupt.com.br
LA&LU TRANSPORTADORA LTDA,https://transportadora.com.br
DESEO COMERCIO DE BOLSAS E ACESSORIOS LTDA,https://deseo.tech
SETA AMARELA COMERCIAL LTDA,https://setaamarela.com.br
JJ COMERCIO DE SUPRIMENTOS DE INFORMATICA LTDA,https://jjsuprimentos.com.br
MARTIER COMERCIO ELETRONICO DE ROUPAS E ACESSORIOS LTDA,https://martier.com.br
EVOLUCAO FITNESS LTDA,https://evolucaofitness.com.br
MG FLEX LTDA.,https://mgflex.com
DANY TECIDOS LTDA,https://tecidos.com.br
LACHMANN AGENCIA MARITIMA LTDA,https://lachmann.com.br
VEKKA COMERCIO DE COSMETICOS LTDA,https://cosmeticos.com.br
ENGEDOM ARTEFATOS DE METAIS LTDA,https://engedom.com.br
PARIS SEMIJOIAS E PRATAS COMERCIO LTDA,https://parissemijoias.com.br
PATRICIA ELIS MIKALDO DE OLIVEIRA  LTDA,https://patricia.com.br
"DALGAS ECOLTEC ECOLOGIA TECNICA, COMERCIO, IMPORTACAO E EXPORTACAO LTDA.",https://tecnica.com.br
MD COMERCIO DE COSMETICOS LTDA,https://cosmeticos.com.br
SUL IMPORTADORA DE ROLAMENTOS LTDA,https://sulrolamentos.com.br
EMERSON PROCESS MANAGEMENT LTDA,https://emersonprocess.com
A R S JOIAS LTDA,https://joias.io
FIOBOM INDUSTRIAL LTDA.,https://fiobom.com
DNA TECH COMERCIO ATACADISTA DE EQUIPAMENTOS LTDA,https://dnatech.io
NOVA FORMA DISTRIBUIDORA DE PRODUTOS DE LIMPEZA LTDA,https://novaforma.com.br
DOM VICTOR MODA MASCULINA LTDA,https://modamasculina.com.br
JOMARCA INDUSTRIAL DE PARAFUSOS LTDA,https://parafusos.com.br
RHOMOS IND E COM DE SOLDAS LTDA,https://rhomos.com.br
INDUSTRIA CAPIXABA DE CACAU LTDA,https://capixaba.com
KAMAQ MAQUINAS E IMPLEMENTOS AGRICOLAS LTDA,https://kamaq.com.br
GREIKA COMERCIAL LTDA.,https://greika.com.br
CAPITAL HOME CENTER COMERCIO DE TECIDOS LTDA,https://capitalhome.com.br
REPRESENTACOES MELLAGI LTDA,https://representacoesmellagi.com.br
CLIMA CONTROLES REFRIGERACAO LTDA,https://climacontroles.com.br
ARTESANATO UNIART INDUSTRIA E COMERCIO LTDA,https://artesanato.com
CHALESCO COMERCIAL DE PRODUTOS PARA ANIMAIS LTDA,https://chalesco.com.br
FERUS COMERCIO DE COSMETICOS LTDA,https://cosmeticos.com.br
PRETTY PERVY ACESSORIOS EM COURO LTDA,https://prettypervy.com.br
BREMEN DO BRASIL COMERCIO IMPORTACAO E EXPORTACAO LTDA,https://bremen.com.br
EOUTLET COMERCIO DE VESTUARIO LTDA,https://eoutlet.com.br
PRESENTE BRINDE PRODUTOS PROMOCIONAIS LTDA,https://promocionais.com.br
GRUPO ESSENCE BRASIL COSMETICOS LTDA,https://grupoessence.com.br
EVEN CONSTRUTORA E INCORPORADORA SA,https://evenconstrutora.com
PADOCA MODA MASCULINA E ACESSORIOS LTDA,https://modamasculina.com.br
JL AUTOPARTS LTDA,https://jlautoparts.com.br
MISO BASIC VESTUARIO LTDA,https://misobasic.com
BANGZ IMPORTACAO E EXPORTACAO LTDA,https://bangz.com
Okey Tech Confeccoes LTDA - 43.549.499/0001-01,https://okeytech.com.br
SUPERMERCADOS BERGAMINI LTDA,https://bergamini.com.br
SMART CEL COMUNICACAO LTDA,https://smartcel.com.br
ADESTE PRODUTOS ANIMAIS E VEGETAIS LTDA,https://adeste.com.br
R C ADESIVOS LTDA,https://adesivos.com.br
RM TRADE SOLUCAO EM NEGOCIOS E SERVICOS LTDA,https://negocios.com.br
JP EXPERT EM BROWNIE LTDA,https://jpexpert.com
INSTITUICAO PAULISTA ADVENTISTA DE EDUC E ASS SOCIAL,https://social.org.br
CATAVENTO FESTAS DOS SONHOS LTDA,https://catavento.com.br
PSL FITNESS VENDAS E MANUTENCAO ELETRONICA LTDA,https://pslfitness.com
EFETIVA SOLUCOES FINANCEIRAS LTDA,https://efetiva.com.br
MIMO MIX LTDA,https://mimomix.com
BRAFOR COMERCIO DE COMPONENTES HIDRAULICOS LTDA,https://brafor.com.br
TERRANE COMERCIO DE BEBIDAS LTDA,https://terrane.com.br
COPASTUR VIAGENS E TURISMO LTDA,https://turismo.gov.br
ATLAS COMPONENTES ELETRONICOS LTDA,https://atlascomponentes.com.br
CHARME MODAS LTDA,https://charmemodas.com.br
SOBRAL ENSINO LTDA,https://ensino.net.br
CAMESA INDUSTRIA TEXTIL LTDA,https://camesa.com.br
CELMEC COMERCIAL DE PRODUTOS INDUSTRIAIS LTDA,https://celmec.com
VIEIRA SOLUCOES EM MOAGEM LTDA,https://moagem.com.br
PANELAS DE FERRO BRASIL LTDA,https://ferrobrasil.com.br
GLOBALSEC TECNOLOGIA DA INFORMACAO LTDA,https://informacao.com.br
ROBOTICA COMERCIO DE INFORMATICA E BRINQUEDOS LTDA,https://roboticainformatica.com.br
HENFEL INDUSTRIA METALURGICA LTDA,https://metalurgica.com.br
"RODRIGUES E VIANA COMERCIO, MANUTENCAO E LOCACAO DE EQUIPAMENTOS MEDICOS LTDA",https://equipamentosmedicos.com
MEDINA BIJOUTERIAS LTDA,https://medina.io
SAVA COSMETICOS LTDA,https://cosmeticos.com.br
VIZOO OFTALMOLOGIA VETERINARIA LTDA,https://oftalmologiaveterinaria.com.br
QUEIROZ EXPOSITORES E EMBALAGENS LTDA,https://queiroz.net.br
AZAIDE COMERCIO DE ARTIGOS PARA CASA LTDA,https://azaide.com.br
POSITIVA COMERCIO DE BOLSAS LTDA,https://positiva.com.br
INN FORMA COMERCIO DE MODELADORES LTDA,https://innforma.com.br
DICORTE FERRAMENTAS LTDA,https://dicorteferramentas.com.br
ROYAL PALM OPERADORA HOTELEIRA LTDA,https://royalpalm.com.br
GOOROO CREDITO E COBRANCA LTDA,https://gooroocredito.com.br
99 PRAIA   CONFECCOES DE MODA PRAIA LTDA,https://99praia.com.br
MA INDUSTRIA DE ACRILICO LTDA,https://acrilico.com.br
ADMINISTRADORA ANGELICA LTDA,https://angelica.com.br
MORENA FITNESS CONFECCAO LTDA,https://morenafitness.com.br
DOM BEBE COMERCIO DE PRODUTOS LTDA,https://dombebe.com.br
LESSLOSS IOT LTDA,https://lessloss.com.br
HZ PRESENTES LTDA,https://presentes.com.br
FAST GOURMET INDUSTRIA METALURGICA LTDA,https://fastgourmet.com
NORMA A PAIVA LTDA,https://normapaiva.com.br
RAFAEL FERREIRA CARDOSO LTDA,https://ferreiracardoso.com.br
COMERCIO DE MOTO MATSUO LTDA,https://motomatsuo.com.br
BCG COM E SERVICOS LTDA,https://bcgcom.com
AGROBASTOS COMERCIAL DE EQUIPAMENTOS E SEMENTES LTDA,https://sementes.com.br
PENINSULA EDUCACAO LTDA,https://peninsula.com.br
BASCOPRENS DISTRIBUIDORA DE EQUIPAMENTOS HIDRAULICOS LTDA,https://bascoprens.com.br
INDUSTRIA E COMERCIO DE PLASTICOS KP LTDA,https://plasticos.io
FABRINOX INDUSTRIA E COMERCIO LTDA,https://fabrinox.com.br
VIVA CBD BRASIL COMERCIO DE PRODUTOS LTDA,https://vivacbdbrasil.com.br
CEREJA PAPER PAPELARIA E ARTIGOS PARA PRESENTE LTDA,https://cerejapaper.com
ALMAFUERTE ALIMENTOS LTDA,https://alimentos.com.br
LIT DECORA COMERCIO DE ARTIGOS DE DECORACAO LTDA.,https://decoracao.com.br
ELI LILLY DO BRASIL LTDA,https://lillybrasil.com.br
M.O. ELETRO MEDICINA LTDA,https://medicina.net.br
ASSOCIACAO DOS FORNECEDORES DE CANA DE ARARAQUARA,https://fornecedores.net.br
HOME CENTER FOGOES E UTILIDADES LTDA,https://homecenter.com
NEPHEW COMERCIO E INDUSTRIA DE ROUPAS LTDA,https://nephew.com.br
SINDICATO DOS CONTABILISTAS DE ARARAQUARA E REGIAO,https://sindicatocontabilistas.org.br
PROMINS INDUSTRIA E ENGENHARIA ELETRICA LTDA,https://promins.com.br
ALDEBARA REPRESENTACAO E COMERCIO DE MATERIAIS PARA CONSTRUCAO LTDA,https://construcao.com.br
WAY UNITY DIGITAL EMPREENDIMENTOS DIGITAIS LTDA,https://wayunity.com.br
SUMMUS EDITORIAL LTDA,https://summus.com
GRAICHE CONSTRUTORA E IMOBILIARIA LTDA,https://graiche.com.br
MAYARA JUNGES LTDA,https://mayarajunges.com.br
PIRAJA INDUSTRIA E COMERCIO DE PECAS PARA TRATORES LTDA,https://pirajatratores.com.br
THREE BOND DO BRASIL INDUSTRIA E COMERCIO LTDA,https://threebond.com.br
COLETIVO HUNTER LTDA,https://coletivohunter.com.br
INDUSTRIA MECANICA GRAVOX LTDA,https://gravox.com.br
MGN ECOMMERCE LTDA,https://ecommerce.net.br
JARDIPLAN URBANIZACAO E PAISAGISMO LTDA,https://paisagismo.net.br
PFM BEAUTY LTDA,https://pfmbeauty.com.br
GRAFICA DOS ROTULOS LTDA,https://rotulos.com.br
CARBON CIENTIFICA   LTDA,https://carboncientifica.com.br
MS ESPORTES LTDA,https://esportes.com.br
BFM LOGISTICA E TRANSPORTES LTDA,https://bfmlogistica.com
NEW FISHER DO BRASIL LTDA,https://newfisher.com.br
FD VENDAS ONLINE LTDA,https://vendasonline.com.br
SEM FRONTEIRAS  RECURSOS MINERAIS E CUIDADOS LTDA,https://semfronteiras.com.br
ANILHAS  CIA COMERCIO DE ARTIGOS ESPORTIVOS LTDA,https://anilhas.com
LOUPHARMA LTDA,https://loupharma.com
MK MODULOS LTDA,https://mkmodulos.com
MOTORACER COMERCIO DE MOTOCICLETAS LTDA,https://motocicletas.com.br
LUZ NEGRA EDITORA LTDA,https://luznegra.com.br
SOMOS DUAS BRECHO LTDA,https://somosduas.com.br
SIOL ALIMENTOS LTDA,https://alimentos.com.br
SAVION INDUSTRIA E COMERCIO DE PLASTICOS LTDA,https://savion.com.br
DECANTO SUACUI COMERCIO DE ALIMENTOS LTDA.,https://decantosuacui.com
GENTELL LTDA,https://gentell.com
PIERCE BOUTIQUE LTDA,https://pierceboutique.com.br
PLANALTO DISTRIBUIDORA DE COSMETICOS LTDA,https://cosmeticos.com.br
COMERCIAL ZONA LIVRE LTDA,https://zonalivre.com.br
RENATA DE ARAUJO VIRGINIO LTDA,https://renataaraujo.com.br
EXPERTISE REENGENHARIA ELETRONICA FAST-FOODS LTDA,https://expertise.com.br
FABRICA GENTILLI INDUSTRIA E COMERCIO DE BEBIDAS E ALIMENTOS LTDA,https://fabrica.com.br
LUNE TECHNOLOGY LTDA,https://lunetechnology.com
FRIGORIFICO RAJA LTDA,https://frigorificoraja.com.br
ASSOCIACAO BRASILEIRA DE EMPRESAS DE EVENTOS,https://eventos.com.br
STROM DISTRIBUIDORA LTDA,https://strom.io
TOTAL ANALISE COMERCIO DE MATERIAIS PARA POSTOS LTDA,https://totalanalise.com.br
RD SPORTS LTDA,https://rdsports.com
LAGO BEACHWEAR COMERCIO E CONFECCAO LTDA.,https://lagobeachwear.com
ORIGENS OTICA LTDA,https://origens.io
TEAM LIQUID ESPORTS LTDA.,https://teamliquid.com.br
COOPERATIVA DE CREDITO COGEM,https://cogem.com.br
SHD COMERCIO DE PRODUTOS DE INFORMATICA LTDA,https://shdinformatica.com.br
KOMATSU DO BRASIL LTDA,https://komatsu.com
PEDRAS MAGICAS COMERCIO DE PEDRAS E ARTESANATO LTDA,https://pedras.com
DANIELLE L P REIMAO LTDA,https://danielle.com.br
IMPERIO TCG COMERCIO DE BRINQUEDOS E COLECIONAVEIS LTDA,https://imperiotcg.com.br
SIGMA COSMETICOS LTDA,https://cosmeticos.com.br
PRIME 2 B MARKETING DIGITAL LTDA,https://marketingdigital.com.br
ACCESS COMERCIO DE BOMBAS E SERVICOS LTDA,https://accessbombas.com.br
CAINCO EQUIPAMENTOS PARA PANIFICACAO LTDA.,https://cainco.com.br
ICEFRESH INDUSTRIA E COMERCIO DO BRASIL LTDA,https://icefresh.com.br
ALIGNER 4U ALINHADOR ODONTOLOGICO LTDA,https://aligner4u.com
LA MODE ACESS E AVIAMENTOS LTDA,https://lamode.io
FUNDACAO CENTRO DE ATENDIMENTO SOCIOEDUCATIVO AO ADOLESCENTE  FUNDACAO CASA  SP,https://casasp.com.br
MUNICIPIO DE BOCAINA,https://municipio.net.br
R&F TURISMO E TECNOLOGIA LTDA,https://turismo.gov.br
BARTE BRASIL LTDA.,https://barte.com
WISER SOLUTIONS COMERCIO E SERVICOS LTDA,https://wisersolutions.com.br
MUNICIPIO DE SABINO,https://municipio.net.br
MP IMPORT LTDA,https://mp-import.com
LATWAN CONECTIVIDADE LTDA,https://latwan.com.br
BLESS BRASIL SERVICO E COMERCIO DE ARTIGOS PARA SAUDE LTDA,https://blessbrasil.com.br
L  E GEMAS LTDA,https://gemas.com.br
GM COMMERCE LTDA,https://commerce.com
DAI DESAPEGUEI LTDA,https://daidesapeguei.com.br
Star Prime Logistica LTDA,https://starprime.com
AMITIE COSMETICOS LTDA.,https://amitiecosmeticos.com.br
APLITEC SOLUCOES INDUSTRIAIS LTDA,https://aplitec.com.br
CRIART CENARIOS 3D LTDA,https://criart.com.br
IVY M BARBOSA LTDA,https://ivybarbosa.com
POSTO DE COMBUSTIVEIS ALVORADA DE PRIMAVERA LTDA,https://primavera.com.br
ASSOCIACAO COMERCIAL E INDUSTRIAL DE RIO CLARO,https://rioclaro.com.br
RASTREAUTO TECNOLOGIA E TELEMETRIA LTDA,https://telemetria.com.br
TIMAVO DO BRASIL INDUSTRIA TEXTIL LTDA,https://timavo.com.br
RELIPEL EMBALAGENS FLEXIVEIS LTDA,https://relipel.com.br
SCHMIDT MODA MASCULINA LTDA,https://schmidtmodamasculina.com.br
MACCWAY ADEGAS CLIMATIZADAS E REFRIGERACAO LTDA.,https://refrigeracao.com.br
ADUFERTIL FERTILIZANTES LTDA.,https://adufertil.com.br
CANTIM DE FORMIGA LTDA,https://formiga.com.br
AUTO GT LTDA,https://autogt.com.br
BEST POP ALIMENTOS LTDA,https://bestpop.com.br
Rosa Amarela Moda Fitness LTDA,https://rosaamarela.com
ELO SCIENTIFIC INDUSTRIA E COMERCIO LTDA,https://eloscientific.com.br
CHG DESCARTAVEIS EPI'S & LIMPEZA LTDA,https://chgdescartaveis.com.br
PINGO STUDIOS COMERCIO LTDA,https://pingostudios.com.br
USINA FORTALEZA IND E COMERCIO DE MASSA FINA LTDA,https://massafina.com.br
METALURGICA GARDEN INDUSTRIA E COMERCIO LTDA,https://metalurgica.com.br
COMAVI COMERCIO DE MAQUINAS E VISUAIS LTDA,https://comavi.com.br
TH SAFE COMERCIO E SERVICO DE EQUIPAMENTOS DE SEGURANCA LTDA,https://thsafe.com.br
FRENO PARTS LTDA,https://frenoparts.com.br
IPTECH SOLUCOES INTEGRADAS LTDA,https://integradas.com.br
TREVO FASHION LTDA,https://trevo.org.br
EXCLUSIVITA MANIPULACAO DE FORMULAS LTDA,https://exclusivita.com.br
AVALON ESPORTES LTDA,https://esportes.com.br
ESTRELA COMERCIO DE ROUPAS ONLINE LTDA,https://estrelaonline.com
GRANEL QUIMICA LTDA,https://granel.com.br
KITCHEN BRASIL EQUIPAMENTOS E TRANSPORTES LTDA,https://brasilequipamentos.com.br
ASSOCIACAO DESPORTIVA E CLASSISTA DOS EMPREGADOS DA DIAGEO  ADCED,https://desportiva.com.br
CRICAFE COMERCIO DE CAFE LTDA,https://cricafe.com.br
TV BAURU LTDA,https://bauru.com.br
MARIMEX DESPACHOS TRANSPORTES E SERVICOS LTDA,https://marimex.com.br
BRUNO N. SOARES  NAILSE S. PEREIRA LTDA,https://brunosoares.com.br
MATHEUS COMERCIO ATACADISTA LTDA,https://matheus.com
MHM MEDICAL LTDA,https://medical.com.br
ZE CAMISAS INDUSTRIA E COMERCIO DE CONFECCOES LTDA,https://zecamisas.com.br
DELTA BUSINESS COMERCIAL LTDA,https://deltabusiness.com.br
MUNICIPIO DE PALMARES PAULISTA,https://municipio.net.br
M.Z COMERCIO DE JOIAS LTDA,https://joias.io
COREPLAST EMBALAGENS LTDA,https://coreplastembalagens.com.br
BOSCHI SOLUCOES EM WEB LTDA. INOVA SIMPLES (I.S.),https://boschi.com.br
AVANT SPA LTDA,https://avantspa.com
MUNICIPIO DE IRAPUA,https://irapua.com.br
DUPFIT  MODA FITNESS E CASUAL LTDA,https://dupfit.com.br
PARAISO DAS BICICLETAS LTDA,https://paraiso.tech
OTICA SIRENA LTDA,https://oticasirena.com.br
TERWAN SOLUCOES EM ELETRICIDADE INDUSTRIA E COMERCIO LTDA,https://terwan.com.br
GTECH PHOTO  VIDEO LTDA,https://photovideo.com
INSTITUTO DO BRASIL DE APOIO A PACIENTES DA CANNABIS TERAPEUTICA,https://institutobrasil.org.br
L P FEDERICI LTDA,https://federici.tech
WOOD IN BOX LTDA,https://woodinbox.com.br
LIBERTY SPORTS LTDA,https://libertysports.com.br
USINA SANTA FE SA.,https://usinasantafe.com.br
MTM NEGOCIOS DIGITAIS LTDA,https://mtmnegocios.com.br
REFRATARIOS PAULISTA INDUSTRIA E COMERCIO LTDA,https://refratarios.com
DIESEL WORLD PARTS COMERCIO DE PECAS LTDA,https://diesel.com.br
PMU CENTER ESTETICA LTDA,https://pmucenter.com.br
LAMAFIA CLOSET E COMERCIO LTDA,https://lamafia.com
MERCADAO AGROPET IBIRA LTDA,https://mercadaoagropet.com.br
STUDIO MATHINNA LTDA,https://mathinna.com
LIVRARIA PEDAGOGICA PAULISTA LTDA,https://livrariapedagogica.com.br
LUDMAX COMERCIO ELETRONICO LTDA,https://ludmax.com.br
CAIXA CANTADA LTDA,https://caixacantada.com.br
CARA MELO WELLNESS LTDA,https://caramelowellness.com.br
PAULISTA BEAUTY  COMERCIAL IMPORTADORA LTDA,https://paulista.com
LIVANOVA BRASIL COMERCIO E DISTRIBUICAO DE EQUIPAMENTOS MEDICOHOSPITALARES LTDA.,https://livanova.com.br
SUPER MERCADO SAO ROQUE LTDA.,https://supermercado.com
F & G FERRAGENS E FERRAMENTAS LTDA,https://ferramentas.com.br
ENGECARDIO TECNOLOGIAS MEDICAS LTDA,https://engecardio.com.br
LN STORE COSMETICOS LTDA,https://lnstore.com.br
PIRES DE CAMPOS  CIA LTDA,https://pires.com.br
VITA SOLUCOES EM ENGENHARIA CLINICA LTDA,https://vitaengenharia.com
MISS MA COSMETICOS LTDA,https://cosmeticos.com.br
FLORA RIO COMERCIO DE MODA PRAIA LTDA,https://florario.com.br
CECHETTO CAMISARIA INDUSTRIA E COMERCIO LTDA,https://camisaria.com.br
"FRAN PRESTES COMERCIO, IMPORTACAO, EXPORTACAO E SERVICOS LTDA",https://franprestes.com
ONDINA ALIMENTACAO E SERVICOS LTDA,https://ondinaalimentacao.com.br
4 SERVICO DE REGISTRO DE IMOVEIS DA CAPITAL,https://4registro.com.br
VEOX  COMERCIO DE PRODUTOS QUIMICOS LTDA,https://quimicos.org.br
CASTELO DESMONTADORA LTDA,https://castelo.com.br
CASA PRIME LTDA,https://casa-prime.com
NTC INDUSTRIA ELETRONICA LTDA,https://ntceletronica.com
INDUSTRIA E COMERCIO DE UTILIDADES DOMESTICAS INJETEMP LTDA,https://utilidades.com.br
IPAPER PAPEL E PRESENTES LTDA,https://ipaperpapel.com.br
ASSIST BEM PLANOS LTDA,https://assist.com.br
JL COMERCIO FARMACEUTICO LTDA,https://farmaceutico.io
MUNICIPIO DE AVANHANDAVA,https://municipio.net.br
CINTOS COUNTRY LTDA,https://cintoscountry.com.br
MARCOMED MATERIAIS MEDICOS LTDA,https://marcomed.com.br
MARQUES PSIQUIATRIA SERVICOS MEDICOS S,https://marquespsiquiatria.com.br
OMAMA DESIGN LTDA,https://omamadesign.com.br
GENWATT AUTOMACAO E COMERCIO LTDA,https://genwatt.com.br
EDITORA SUNBEE LTDA,https://editorasunbee.com.br
VISAMEDTEC ASSISTENCIA E LOCACAO DE EQUIPAMENTOS MEDICOS LTDA,https://visamedtec.com.br
INOVA COMERCIO DE METAIS E ELETRO LTDA,https://inovametais.com.br
REAL FOX PLAY TEC LTDA,https://playtec.com.br
COSMETICOS LC LTDA,https://cosmeticoslc.com.br
VERONA CORP LTDA,https://verona.com.br
CENTRAL ENERGETICA MORENO ACUCAR E ALCOOL LTDA,https://centralenergetica.com.br
MANTOAN COMERCIO DE JOIAS LTDA,https://mantoan.com.br
THESLE LTDA,https://thesle.com.br
PROGEN FACILITIES LTDA,https://progen.com
SAGBRA GESTAO ADMINISTRATIVA LTDA,https://gestaoadministrativa.com
SEBO LEITURA LTDA,https://leitura.com.br
FARMACIAS GALENICA LTDA,https://farmacias.com
METADIL INDUSTRIA E COMERCIO METALURGICA LTDA,https://metalurgica.com.br
DAN SUPPORT TATTOO E COMERCIAL PIERCING LTDA,https://tattoopiercing.com
DEXPRESS LOGISTICA LTDA,https://dexpresslogistica.com.br
JS ADUBOS ORGANICOS LTDA,https://adubosorganicos.com.br
DLA PHARMACEUTICAL LTDA,https://pharmaceutical.com.br
START HOPS BRASIL LTDA,https://hopsbrasil.com.br
DIMESO S.A.,https://dimeso.com.br
FERREIRA  MORAIS INDUSTRIA E COMERCIO DE COLEIRAS LTDA,https://ferreiramorais.com
COMERCIAL ELDIN LTDA,https://eldin.com
"FINELEAF COMERCIO, IMPORTACAO E EXPORTACAO LTDA",https://fineleaf.com.br
GOLDINCISION LTDA,https://goldincision.com
SO BLUS COMERCIO DE ROUPAS LTDA,https://soblus.com.br
MAX COMERCIO DE PRODUTOS PERSONALIZADOS LTDA,https://personalizados.com.br
MI FERRAREZE LTDA,https://miferrareze.com.br
TEKMOB TECNOLOGIA PARA LOGISTICA LTDA,https://tekmob.com.br
RFJ Moda Feminina E-Commerce LTDA,https://commerce.net.br
SUELEN 3 MARIAS LTDA,https://3marias.com.br
NUTRIZION COMERCIO DE SUPLEMENTOS LTDA,https://nutrizionsuplementos.com.br
ALDOR IMPORT COMERCIO DE PECAS PARA AUTOS E SERVICOS LTDAEPP,https://aldor.com.br
UNION SEGURANCA PATRIMONIAL LTDA,https://segurancapatrimonial.com
DAHRUJ COMERCIO DE MOTOCICLETAS LTDA,https://motocicletas.com.br
INDUSFACAS INDUSTRIA DE LAMINAS E SERRAS LTDA,https://indusfacas.com.br
INDUSTRIA E COMERCIO DE AUTO PECAS REI LTDA,https://autorei.com
LUZ DEL ALBA_VINTAGE LTDA,https://luzdelalba.com
CAFE CANECAO LTDA,https://cafecanecao.com.br
ORGANON FARMACEUTICA LTDA.,https://organon.com
SUPORT CONTABILIDADE PARA CONDOMINIOS LTDA,https://suport.net.br
KANTO DOS JOGOS LTDA,https://kanto.io
FFE E FRAIHA DISTRIBUIDORA LTDA,https://fraiha.com.br
FAZENDO ART ARTESANATO EM MDF LTDA,https://fazendoart.com.br
CEFG COMERCIO DE SUPLEMENTOS NUTRICIONAIS LTDA,https://nutricionais.com.br
SA CAVALCANTE LTDA,https://cavalcante.com.br
SAMPHARMA COMERCIO DE MEDICAMENTOS ESPECIAIS LTDA,https://sampharma.com.br
ASSOCIACAO COMERCIAL E INDUSTRIAL DE CAMPINAS,https://campinas.com.br
SANDRA PULIEZI & CIA ENSINO EM LEITURA LTDA,https://sandrapuliezi.com
PAULA B. DE ANDRADE LTDA,https://paulaandrade.com.br
RIBEIRAO PRETO MAIS SAUDE LTDA,https://ribeiraopreto.com
PEDREIRA NOVA FORTALEZA LTDA,https://pedreira.com.br
CAROLINA LUNA COMERCIO LTDA,https://carolinaluna.com.br
KS SPORTS  IMPORTADOS LTDA,https://kssports.com.br
BLACK STORE LTDA,https://blackstore.com
SINDICATO DOS LOJISTAS DO COMERCIO DE CAMPINAS E REGIAO,https://sindicato.com.br
REINANDO BRINDES COMERCIO DE PRODUTOS LTDA,https://brindes.com.br
G H C COMERCIO DE COSMETICOS LTDA,https://cosmeticos.com.br
BOUTIQUE KA COM DE ARTIGOS DO VEST LTDA,https://boutiqueka.com.br
CORE BRANDS MODA LTDA.,https://corebrands.com
NATURAL COMPANY CONFECCOES LTDA,https://naturalcompany.com.br
DESILE CONFECCOES LTDA,https://desile.com.br
UBRANIA COMERCIO DE CALCADOS LTDA.,https://ubrania.com
AH TEREZA COMERCIO DE VESTUARIO LTDA,https://ahtereza.com.br
METALPAMA INDUSTRIA E COMERCIO LTDA,https://metalpama.com.br
TERMINAL PROJETOS LOGISTICOS LTDA,https://terminal.com.br
BUQ CARE LTDA,https://buqcare.com
GATA LUXUOSA COMERCIO DE ROUPAS LTDA,https://gataluxuosa.com.br
VISIO SERVICOS DE TECNOLOGIA LTDA,https://visio.com.br
NORTEBOX ENGENHARIA E SISTEMAS LTDA,https://engenhariasistemas.com.br
MUNICIPIO DE GUARANTA,https://municipio.net.br
BEST CHAIR COMERCIAL IMPORTADORA LTDA,https://bestchair.com.br
MACABI SVARTS COMERCIO DE CALCADOS VESTUARIO E ACESSORIOS LTDA,https://macabi.com.br
F1 MODULOS LTDA,https://f1modulos.com
SEADI COMERCIO DE PRODUTOS LTDA,https://seadi.com.br
CECILIA LUCAS COMPANY & BEAUTY LTDA,https://cecilialucas.com.br
ARTHI DECORA LTDA,https://arthi.com.br
VIVAN  VIVAN ECOMMERCE LTDA,https://vivan.com.br
ROCKWELL AUTOMATION DO BRASIL LTDA,https://automationbrasil.com.br
METALURGICA MODELO LTDA,https://metalurgicamodelo.com.br
G C COM DE PROD ELETRONICOS LTDA,https://comprod.com
TOMASELLI TEXTIL LTDA,https://tomasellitextil.com.br
ALEXANDRE FLORINDO PINTO  COMERCIO DE EQUIPAMENTOS E PECAS INDUSTRIAIS LTDA,https://alexandre.com.br
VM GLOBAL LTDA,https://vmglobal.com.br
KORN FERRY (BR) CONSULTORES LTDA.,https://kornferry.com.br
RAFAEL HENRIQUE DE LIMA LTDA,https://henriquelima.com.br
MALDIVAS SEMIJOIAS E ACESSORIOS LTDA,https://semijoias.com.br
INDUSTRIA METALURGICA MCA LTDA,https://metalurgicamca.com.br
COMERCIAL CHUVEIRAO DAS TINTAS LTDA,https://tintas.net.br
BIO CARE SOLUCOES LTDA,https://biocare.com
KANDO IDIOMAS LTDA,https://kando.io
LUTESTIL INDUSTRIA E  COMERCIO DE ROUPAS LTDA,https://lutestil.com.br
LA SIRENE BEACHWEAR COMERCIO DE VESTUARIO LTDA,https://lasirene.com
CASTROMACHINES LTDA,https://castromachines.com.br
CAPIM ESTRELA ACESSORIOS LTDA,https://capimestrela.com.br
PACCES COMERCIO DE ROUPAS E ACESSORIOS DE LUXO LTDA,https://pacces.com.br
HIDROMAR INDUSTRIA QUIMICA LTDA,https://hidromar.com.br
BIGNOTTO ECOMMERCE LTDA,https://ecommerce.net.br
IRMOR DISTRIBUIDORA DE PECAS PARA BALANCAS LTDA,https://irmor.com.br
MUNICIPIO DE JUQUITIBA,https://municipio.net.br
Ester Kids Comercio de Roupas LTDA,https://esterkids.com.br
COMPRE SEGURANCA LTDA,https://compreseguranca.com.br
ABRASIVOS MONTAGNA LTDA,https://montagna.com.br
KALUANAH LTDA,https://kaluanah.com.br
GUILHERME LOPES REPIZO NAVA LTDA,https://guilhermelopes.com
CUIIDO COMERCIO LTDA,https://cuiido.com
MUNICIPIO DE PEDRO DE TOLEDO,https://pedrotoledo.com.br
"MORALLES INDUSTRIA, COMERCIO E SERVICOS DE ALIMENTOS LTDA",https://alimentos.com.br
MUNICIPIO DE SANTA ADELIA,https://santaadelia.com
MUNICIPIO DE TRES FRONTEIRAS,https://tresfronteiras.com.br
DG VENTURES 1 LTDA,https://dgventures.com
FEDELE SEMIJOIAS LTDA,https://semijoias.com.br
MUNICIPIO DE ARACOIABA DA SERRA,https://municipio.net.br
Sophia Gontijo Modas LTDA,https://sophia.com.br
BITUAH COMERCIO DE MODAS LTDA,https://bituah.com.br
DG VENTURES 2 LTDA,https://dgventures.com
LANCY COUNTRY STORE LTDA,https://lancycountrystore.com.br
CARBON SKINS PERSONALIZACOES LTDA,https://carbon.com.br
SISTEMA CLUBE DE COMUNICACAO LTDA,https://sistemaclube.com.br
MONICA CARDOSO CONFECCAO DE VESTUARIO LTDA,https://monicacardoso.com.br
REAL LINE COMERCIO DE INFORMATICA LTDA,https://realline.io
CONECTANDO MATERIAIS DIDATICOS LTDA,https://materiaisdidaticos.com.br
LOBO GUARA FARMACIA DE MANIPULACAO VETERINARIA LTDA,https://loboguara.com.br
PORTUA COMERCIO E PRODUCAO DE ALIMENTOS LTDA,https://alimentos.com.br
SHOPPING DAS PULSEIRAS LTDA,https://shopping.com.br
JACK  DAISY CONFECCAO E COMERCIO LTDA,https://jackdaisy.com.br
REIPAR PARAFUSOS E REPRESENTACOES LTDA,https://reiparparafusos.com.br
INTELLI INDUSTRIA DE TERMINAIS ELETRICOS LTDA,https://intelli.com.br
DROGARIA CAMPEA LTDA,https://drogariacampea.com.br
PAULIMARX COMERCIO E DISTRIBUIDORA LTDA,https://paulimarx.com.br
D.D SERRA MOTA COMERCIO DE ROUPAS E ACESSORIOS LTDA,https://serramota.com
CASA DI CONTI LTDA,https://casadi.com.br
NUTRI FIT COMERCIO DE PRODUTOS ALIMENTICIOS LTDA,https://nutrifit.net.br
JCF ATIVOS E COMERCIO LTDA,https://ativos.net.br
STEMMANN INDUSTRIA E COMERCIO LIMITADA,https://stemmann.com.br
LUXOFT BRASIL LTDA,https://luxoft.com
PERSONNALITE GESTAO OCUPACIONAL LTDA,https://gestaoocupacional.com.br
ONBOARD ELECTRONICS SA,https://onboardelectronics.com
NUCCI  HOMSI CONSULTORIA E NEGOCIOS LTDA,https://nuccihomsi.com.br
TRANSPORTADORA MARTINELLI MUFFA LTDA,https://transportadora.com.br
SELOPLAST INDUSTRIA E COMERCIO DE PLASTICOS E METAIS LTDA,https://seloplast.com.br
STONE CONFECCOES LTDA,https://stone.com.br
ASSOCIACAO DOS FORNECEDORES DE CANA DE CAPIVARI,https://fornecedores.net.br
LARISSA BASTO COMERCIO DE UTENSILIOS PARA CHIMARRAO LTDA,https://chimarrao.com.br
DUNAMIS STORE LTDA,https://dunamisstore.com.br
ARC DISTRIBUIDOR DE EQUIPAMENTOS LTDA,https://arcdistribuidor.com.br
CVF MEDICAL MANUTENCAO EM EQUIPAMENTOS CIRURGICOS LTDA,https://cvfmedical.com.br
CARNAUBA ESTUDIO LTDA,https://carnaubaestudio.com
KF MATERIAIS PARA CONSTRUCAO LTDA,https://construcao.com.br
VSS COSMETICOS LTDA,https://cosmeticos.com.br
FICOU FACIL LTDA,https://ficoufacil.com.br
FUGAZ VINTAGE COMERCIO VAREJISTA DE ARTIGOS USADOS LTDA,https://fugazvintage.com.br
ACECIL CENTRAL DE ESTERILIZACAO COM E INDUSTRIA LTDA,https://acecil.com.br
KIWILABS COMERCIO DE COSMETICOS LTDA,https://cosmeticos.com.br
FAZ VENDAS LTDA,https://fazvendas.com.br
TLC AGRO LTDA,https://tlcagro.com.br
PIEROTT SEMI JOIAS SOCIEDADE EMPRESARIA LTDA,https://pierottsemijoias.com.br
ALUMAQ LOCACAO E COMERCIO DE MAQUINAS DE SOLDA LTDA,https://alumaq.com.br
"AL  IS MARKETING, COMUNICACAO E UNIFORMES LTDA",https://alismarketing.com.br
SEU JEITIM LTDA,https://seujeitim.com
BOX VIVA ALIMENTOS SAUDAVEIS LTDA,https://boxviva.com.br
META BEE LTDA,https://metabee.com.br
RAFAEL B. CRUZ E CIA LTDA,https://rafaelcruz.com.br
SCORPION INDUSTRIA E COMERCIO DE BIJOUTERIAS LTDA,https://scorpion.com
GLOBAL TABS S.A.,https://globaltabs.com.br
HMC KAVO LTDA,https://hmckavo.com.br
ASA TECIDOS LTDA,https://asatecidos.com.br
MISS DOCTOR UNIPESSOAL LTDA,https://missdoctor.com.br
MAGNIFICA COMERCIO LTDA,https://magnifica.io
LOUIS DREYFUS COMPANY BRASIL S.A.,https://louisdreyfus.com
"ASSOCIACAO ASSISTENCIAL, PROMOCIONAL E EDUCACIONAL RESSURREICAO  APER",https://assistencial.com.br
CRIATELI LTDA,https://criateli.com.br
MUSTANG PLURON QUIMICA LTDA.,https://mustangpluron.com
EMEDICAL MANUTENCAO EM EQUIPAMENTOS HOSPITALARES LTDA,https://emedical.com.br
G G CORDEIRO REPASSES LTDA,https://cordeiro.com.br
TALENTO E ARTE COMERCIO DE BIJOUTERIAS LTDA,https://talentoarte.com.br
FORT SPUMA INDUSTRIA E COMERCIO DE PALMILHAS LTDA,https://fortspuma.com.br
VIA ARAUCARIA CONCESSIONARIA DE RODOVIAS S.A.,https://viaaraucaria.com.br
LOJA VETERINARIA COMERCIAL LTDA,https://veterinaria.com
BOUTIQUE BELLA FLORES LTDA,https://boutiquebella.com.br
LM COMEX LTDA,https://comex.io
UNNIKA AESTHETICS WORLDWIDE LTDA,https://unnika.com.br
GRAFICA CRISTINA LTDA,https://graficacristina.com.br
ALLOS SOLUCOES EM SAUDE LTDA,https://allos.com
TEXAS HEART COMERCIO DE ROUPAS E ACESSORIOS LTDA,https://texasheart.com
PHARMATRIX SERVICOS LTDA,https://pharmatrix.com.br
MOREIRA E OLIVEIRA ROUPAS E ACESSORIOS LTDA,https://oliveira.com.br
NOVOZYMES LATIN AMERICA LTDA,https://latinamerica.com
METALURGICA MGF LTDA,https://metalurgicamgf.com.br
MIKAMI COMERCIO DE PRODUTOS AGRICOLAS LTDA,https://mikami.com.br
CYTOVET PATOLOGIA VETERINARIA DIAGNOSTICA E TREINAMENTOS LTDA,https://cytovet.com.br
CL DISTRIBUIDOR ATACADISTA LTDA,https://cldistribuidor.com.br
DROGA FERT MEDICAMENTOS ESPECIAIS LTDA,https://drogafert.com.br
JORGE SOCIEDADE DE ADVOGADOS,https://sociedadeadvogados.com.br
STAMP PRODUTOS E SERVICOS LTDA,https://stamp.com.br
"DANIEL ELIAS COMERCIO DE VESTUARIO, CALCADOS E ACESSORIOS LTDA",https://daniel.org.br
NEW BEAUTY ECOMMERCE LTDA,https://newbeauty.com
KAROLINE KORAICHO COMERCIO DE ARTIGOS DE VESTUARIO LTDA,https://karolinekoraicho.com.br
LEONEL COMERCIO E ARMAZENAGEM DE PRODUTOS ALIMENTICIOS LTDA,https://leonel.com.br
CAMPOS  NASCIMENTO FARMACIA DE MANIPULACAO LTDA,https://manipulacao.com.br
MALLUPE INDUSTRIA E COMERCIO DE ARTIGOS DO VESTUARIO LTDA,https://mallupe.com.br
NKP E-COMMERCE LTDA,https://commerce.net.br
SMART CHOICE DIGITAL LTDA,https://smartchoice.com.br
PIU BOX PRODUTOS PARA ANIMAIS EXOTICOS LTDA,https://piubox.com.br
DIARIO DAS LEIS LTDA,https://diario.com.br
ASSOCIACAO EVANGELICA DE EDUC TEOLOGICA AMERICA LATINA,https://latina.com.br
SHARK TRATORES E PECAS LTDA.,https://sharktratores.com.br
JOIAS MORELLI LTDA.,https://morelli.com.br
POWER EQUIPAMENTOS ELETRONICOS LTDA,https://powerequipamentos.com.br
ACADIA INVESTIMENTOS S.A,https://investimentos.com.br
VENTURI INDUSTRIA METALURGICA LTDA,https://metalurgica.com.br
BACE COMERCIO INTERNACIONAL LTDA,https://internacional.com.br
INSTITUTO ADECON,https://institutoadecon.org.br
AMAZONIA SMART FOOD LTDA,https://amazoniasmart.com
INOVE SOLUCOES MEDICAS LTDA,https://inove.com.br
FLASH COVER CAPOTAS MARITIMAS LTDA,https://flashcover.com.br
TV NEGOCIOS DIGITAIS LTDA,https://tvnegocios.com
MARIA CRISTINA GUAREZ CABELOS  CIA LTDA,https://mariacristina.com
SPIN PRICE OUTSOURCING LTDA,https://spinprice.com.br
SATTI E FERNANDES LTDA,https://satti.com
REVOMAX COMERCIAL IMPORTADORA LTDA,https://revomax.com
CARDIOEQUIPO ELETROMEDICINA COMERCIAL LTDA.,https://cardioequipo.com.br
TIKBALM INDUSTRIA E COMERCIO DO BRASIL LTDA,https://tikbalm.com.br
BAURU SAUDE LTDA,https://bauru.com.br
FAZENDA BORELA ESPESCHIT LTDA,https://espeschit.com.br
FRAMA CONFECCOES LTDA,https://frama.com.br
AMANTINI VEICULOS E PECAS SA,https://amantiniveiculos.com.br
FREIO MAX COMERCIO DE AUTOPECAS ONLINE LTDA,https://freiomax.com.br
MAC LOREN MAQUINAS PARA AGRICULTURA LTDA,https://macloren.com.br
PHONE STORE SHOP LTDA,https://phonestore.tech
CHT BRASIL QUIMICA LTDA,https://brasilquimica.com.br
KAILAH APOIO ADMINISTRATIVO E COMERCIO DE SEMIJOIAIS LTDA,https://kailah.com.br
CELTIC GROUP LTDA,https://celticgroup.com
ILUSTRE ROSE COSMETICOS E PERFUMARIA LTDA,https://ilustre.com.br
CACCIO COSMETICOS LTDA,https://cosmeticos.com.br
CASA DE PESCA AGRONUTRY LTDA,https://casapesca.com
GRAFICA GO PRINT LTDA,https://graficagoprint.com.br
TOALHAS BRK LTDA,https://toalhasbrk.com.br
D S  PERSONALIZADOS LTDA,https://personalizados.com.br
MAGGI VEICULOS LTDA,https://maggi.com.br
ARAKAKI MAQUINAS E IMPLEMENTOS AGRICOLAS S.A.,https://arakakimaquinas.com.br
JJC FERRAMENTAS LTDA,https://jjcferramentas.com.br
POSTO 7 FERNANDOPOLIS LTDA,https://posto7.com
GALVANI INDUSTRIA E COMERCIO DE ARTEFATOS DE COURO TOFIL LTDA,https://galvani.com.br
TIMO PAPER SUPRIMENTOS PARA ESCRITORIO LTDA,https://suprimentosescritorio.com.br
DIPROMED COMERCIO E IMPORTACAO LTDA,https://dipromed.com.br
BOA COZINHA COZINHA INDUSTRIAL DE ALIMENTOS LTDA,https://boacozinha.com.br
PRISMA NEGOCIOS DIGITAIS LTDA,https://prisma.org.br
MAGAZINE DOS PARAFUSOS LTDA,https://parafusos.com.br
PLASCONY INDUSTRIA DE PLASTICOS LTDA,https://plascony.com.br
GRANELEIRO TRANSPORTES RODOVIARIOS LTDA EM RECUPERACAO JUDICIAL,https://graneleiro.com.br
ANKOR INDUSTRIA DE VESTUARIO LTDA,https://ankor.com.br
DAGABI CROCHE PROFISSIONAL LTDA,https://dagabicroche.com.br
DECOR CASA COMERCIO DE DECORACOES LTDA,https://decorcasa.com.br
LUX BRINDES PROMOCIONAIS LTDA,https://luxbrindes.com.br
INDUSTRIAS MECANICAS ROCHFER LTDA,https://industriasmecanicas.com
USINA DE LATICINIOS JUSSARA SA,https://jussara.net.br
POPPI MAQUINAS E EQUIPAMENTOS LTDA,https://poppimaquinas.com.br
Preta Pimenta Comercio Varejista de Artigos do Vestuario LTDA,https://pretapimenta.com.br
BK IMPORTADORA E DISTRIBUIDORA DE BRINQUEDOS LTDA,https://brinquedos.com.br
FU2Y  FROM US TO YOU AGENCIAMENTO DE NEGOCIOS LTDA,https://negocios.com.br
J C FABRICA DE TECIDOS LTDA,https://tecidos.com.br
AGROEGGS COMERCIAL LTDA,https://agroeggs.com.br
WEB COSMETICOS ON LTDA,https://webcosmeticos.net.br
HUB FINANCIAL LTDA,https://hubfinancial.com
VITALI SAUDE ANIMAL E AMBIENTAL LTDA,https://vitalisaude.com
LA CERISTA COMERCIO DE COSMETICOS LTDA,https://lacerista.com.br
PESCA PINHEIROS COMERCIAL LTDA,https://pescapinheiros.com.br
L A STORE MIA DESAPEGO LTDA,https://storemia.com
BEGEL INDUSTRIA E COMERCIO DE REFRIGERACAO LTDA,https://refrigeracao.com.br
CERAMICA VILLAGRES LTDA,https://villagres.com.br
KARINA ETIQUETAS INDUSTRIA E COMERCIO LTDA,https://etiquetas.com.br
VENTURIM CAFES ESPECIAIS LTDA,https://venturimcafes.com.br
HEALTH CLEAN COMERCIAL LTDA,https://healthclean.com.br
PLATECH SUL PLATAFORMAS ELEVATORIAS LTDA,https://plataformaselevatorias.com.br
SAVANA JOIAS LTDA,https://savana.com.br
REMANESCENTE  LTDA,https://remanescente.com.br
PP RETAIL BRASIL LTDA,https://ppretail.com
METALURGICA FREITAS LTDA,https://metalurgicafreitas.com.br
CASA E MOBILIA LTDA,https://casamobilia.com.br
DISPEMEC DISTRIBUIDORA DE PECAS MECANICAS LTDA,https://dispemec.com.br
FACHINI MULTIMARCAS LTDA,https://fachinimultimarcas.com
AFONSINA CASAS LTDA,https://afonsina.com
GMFM MANIPULACAO DE FORMULAS LTDA,https://manipulacaoformulas.com.br
LIVRARIA E EDITORA SAFRA LTDA,https://livraria.net.br
MINT CARD GAMES LTDA,https://mintcardgames.com.br
FABIO PEDALOKOS LTDA,https://pedalokos.com.br
TMBV CURSOS E TREINAMENTOS PROFISSIONAIS LTDA,https://treinamentosprofissionais.com
EMOBI TECNOLOGIA E INOVACAO LTDA,https://emobi.com.br
CENTRO MEDICO RIO PRETO S.A.,https://centromedico.com
UP  TIME SERVICOS LTDA,https://uptime.com.br
SILMAR PLASTICOS LTDA,https://silmar.com.br
PREMIER JALECOS LTDA,https://premierjalecos.com.br
PRAIA GRANDE SERVICOS DE ENTREGA LTDA,https://praiagrande.com.br
LVR TELECOM LTDA,https://telecom.com.br
PV RENTAL SOLUTIONS LTDA,https://pvrental.com.br
GEREZZ INDUSTRIA E COMERCIO DE COSMETICOS LTDA,https://cosmeticos.com.br
CHINT POWER SYSTEMS BRAZIL LTDA.,https://chintpower.com
BRUNA TAVARES ARTIGOS DE LUXO E JOALHERIA LTDA.,https://brunatavares.com.br
WAHANA COMERCIO E SERVICOS DIGITAIS LTDA,https://wahana.com.br
SOLUTION STORE BRASIL LTDA,https://storebrasil.com.br
COMPANHIA FIACAO E TECIDOS GUARATINGUETA,https://fiacao.com.br
CST CAPITAL HUMANO LTDA,https://cstcapital.com
PULSE ACESSORIOS LTDA,https://pulse.com.br
ANDRE LUIS DE LIMA CONFECCOES LTDA,https://andreluis.com.br
WM INDUSTRIA GRAFICA LTDA,https://wmgrafica.com.br
DRV INDUSTRIA E COMERCIO DE PRODUTOS ALIMENTICIOS E UTILIDADES DOMESTICAS LTDA,https://domesticas.com.br
VIA OLIVER ATACADISTA MODA FEMININA LTDA,https://viaoliver.com.br
LIFESOM COMERCIO DE APARELHOS AUDITIVOS LTDA,https://aparelhosauditivos.com.br
FULLPOWER MG IMPORTADORA E DISTRIBUIDORA DE AUTOPECAS LTDA,https://mgautopecas.com.br
D.A COMERCIO DE VESTUARIO E ACESSORIOS LTDA,https://vestuario.io
PESTANA  CIA LTDA,https://pestana.com
A.MAR PESCA ARTESANAL LTDA,https://marpesca.com
NARDINI AGROINDUSTRIAL LTDA,https://nardini.com.br
MOMESSO INDUSTRIA DE MAQUINAS LTDA,https://momesso.com.br
CLOSET RP COMERCIO DE ARTIGOS DO VESTUARIO LTDA,https://closet.com
BRAND CLOSET COMERCIO DE ROUPAS LTDA,https://brandcloset.com.br
GUACU NEGOCIOS DIGITAIS LTDA,https://digitais.net.br
CARLA LEONE COSMETICOS LTDA,https://carlaleone.com.br
VITA COMERCIO DE SUPLEMENTOS LTDA,https://vitasuplementos.com.br
ENERGY BRANDS COMERCIO E SERVICOS LTDA,https://energybrands.com.br
ENESA ENGENHARIA S.A.,https://enesa.com.br
NOSSA FARMACIA MANIPULACAO LTDA,https://nossafarmacia.com.br
MAGAZINE PASSA PERTO LTDA,https://passaperto.com.br
STELLAR DO BRASIL TECNOLOGIA E IMPORTACAO LTDA,https://stellar.com
ELEVARE METAIS COMERCIO LTDA,https://elevaremetais.com.br
OUT CLOSETT INTERMEDIACAO DE NEGOCIOS LTDA,https://outclosett.com.br
POLIDENTAL INDUSTRIA E COMERCIO LTDA,https://polidental.com.br
SOPHIA MODA FEMININA LTDA,https://sophiamoda.com.br
IF GROUP PARTICIPACOES LTDA,https://ifgroup.com
ASSAHI MAQUINAS E EQUIPAMENTOS LTDA,https://assahimaquinas.com.br
MAREO WEAR LTDA,https://mareo.com.br
CONSTRUIR MAIS  LTDA,https://construirmais.com
"METRAN, INDUSTRIA E COMERCIO DE JOIAS LTDA",https://metran.com.br
MEDI HOUSE INDUSTRIA E COMERCIO DE PRODUTOS CIRURGICOS E HOSPITALARES LTDA,https://medihouse.com.br
SCALUS SHOP LTDA,https://scalus.io
VALOR LOG ARMAZEM GERAL LTDA,https://valorlog.com
PLANI DIAGNOSTICOS MEDICOS LTDA,https://diagnosticosmedicos.com
CAVALO MARINHO DISTRIBUIDORA LTDA,https://cavalomarinho.com.br
INDEMETAL INDUSTRIA DE ETIQUETAS LTDA.,https://etiquetas.com.br
LUZA PRATAS LTDA,https://luzapratas.com.br
IMPERIUS COMERCIO DE PRODUTOS PARA PASSAROS LTDA,https://passaros.org.br
BY MAG HALAT ROUPAS E ACESSORIOS LTDA,https://bymaghalat.com.br
METTA EDTECH LTDA,https://mettaedtech.com
JRCA VEICULOS ELETRICOS LTDA,https://jrcaveiculos.com.br
HEDER BRUNO PAIVA SILVA LTDA,https://paivasilva.com.br
MECALOR SOLUCOES EM ENGENHARIA TERMICA S.A.,https://mecalor.com.br
ENERGIZER BRASIL INDUSTRIA E COMERCIO DE BENS DE CONSUMO LTDA,https://energizerbrasil.com.br
A FAVORITTA COMERCIO DE COSMETICOS LTDA,https://cosmeticos.com.br
BENCLARA COMERCIO DE FERRAMENTAS LTDA,https://ferramentas.com.br
FERLEX VIATURAS E EQUIPAMENTOS LTDA,https://ferlex.com.br
SETA ADMINISTRADORA E CORRETORA DE SEGUROS LTDA.,https://seguros.org.br
DOM ARTE COMERCIO PRODUTOS LTDA,https://domarte.com.br
Platinum Tecnologia e Sistemas de Transito LTDA - 49.121.664/0001-06,https://platinum.com.br
AESSE ELETRONICOS E UTILIDADES LTDA,https://utilidades.com.br
VOLTZ MATERIAIS ELETRICOS LTDA,https://voltzmateriaiseletricos.com.br
DALINHA CENTER TRUCK LTDA,https://dalinha.com.br
PIPOCK PREMIUM LTDA.,https://premium.com.br
COLORIX PRINT GRAFICA LTDA,https://printgrafica.com.br
ZION PROPAGANDA INFLAVEL LTDA,https://zionpropagandainflavel.com.br
NATURA PET SHOP LTDA,https://natura.com
AGRO COMUNICACAO LTDA,https://agrocomunicacao.net.br
PAMELLA C. DIAS TREINAMENTO E DESENVOLVIMENTO PESSOAL LTDA,https://pamella.com.br
VIANA SANTOS COMERCIO & SERVICOS LTDA,https://viana.com.br
COPPINI EMPREENDIMENTOS DIGITAIS LTDA,https://coppini.com.br
"UPGRADE COMERCIO DE BICICLETAS, PECAS E ACESSORIOS LTDA.",https://upgrade.io
INDUSTRIA E COMERCIO SANTA MARIA LTDA,https://santamaria.com.br
CHAIBUB KRAHENBUHL  CIA.LTDA.,https://krahenbuhl.com.br
YARA BY GIOVANNA ZATTAR LTDA,https://yaraby.com
BABY CENTER COMERCIO DE ARTIGOS DO VESTUARIO LTDA,https://babycenter.com
CENTRAL DE DIAGNOSTICO RIBEIRAO PRETO LTDA  CEDIRP,https://cedirp.com.br
G&O EMPREENDIMENTOS EM PRESENTES LTDA,https://presentes.com.br
HIGOR LIMA COM E IND DO VEST LTDA,https://higorlima.com.br
ASSOCIACAO BUONA VITA HOME CARE,https://buonavita.com.br
ALIMAQ ASSISTENCIA TECNICA LTDA,https://tecnica.com.br
NEW PHARM FARM DE MANIPULACAO LTDA,https://newpharm.com.br
PANNO HOME DECORACAO LTDA,https://pannohome.com.br
CORAGEM ADESIVOS 4 RODAS LTDA,https://coragemadesivos.com.br
ALL IN GROUP LTDA,https://allin.com
RAPTOR THERMAL VISION LTDA,https://raptorthermal.com.br
SERENA PUXADORES LTDA,https://serenapuxadores.com.br
ECONOMUS INSTITUTO DE SEGURIDADE SOCIAL,https://seguridadesocial.com.br
BENDITTA HOME DECOR LTDA,https://bendittahome.com.br
ASSOCIACAO PAULISTA DE RETIFICA DE MOTORES  APAREM,https://aparem.org.br
VENXX COMERCIO DE FERRAMENTAS LTDA,https://ferramentas.com.br
APIS FLORA INDUSTRIAL E COMERCIAL LTDA,https://apisflora.com.br
ANDRESSA T-SHIRTS COMERCIO LTDA,https://andressa.tech
DEBONGRADO CAFES ESPECIAIS LTDA,https://debongrado.com.br
GRUPO RVC VAREJO LTDA,https://gruporvc.com
QUINTA VIA COMERCIO E IMPORTADORA DE EQUIPAMENTOS ELETRONICOS LTDA,https://quintavia.com.br
RF EXCLUSIVE UNIPESSOAL LTDA,https://rfexclusive.com.br
PALINI  ALVES LTDA,https://palinialves.com.br
PURO OURO INDUSTRIA E COMERCIO DE FOLHEADOS LTDA,https://puroouro.com.br
FIACAO ALPINA LTDA,https://alpina.com.br
VIV BEAUTY LTDA,https://viv-beauty.com
J L E COMERCIO E SERVICOS MOTOS LTDA,https://motos.net.br
ZIO BRINDES CORPORATIVOS LTDA,https://ziobrindes.com.br
P.BE LABORATORIO OTICO LTDA,https://otico.com
TORCETEX INDUSTRIA E COMERCIO LTDA,https://torcetex.com.br
L  V JOIAS LTDA,https://joias.io
MUSICAL CORDAS INSTRUMENTOS MUSICAIS LTDA,https://musicalcordas.com.br
BODY & FIT PRODUTOS FITNESS E SERVICOS LTDA,https://bodyfit.com.br
IMPERATRIZ JOIAS LTDA,https://imperatriz.com.br
LN COMUNICACAO VISUAL LTDA,https://lncomunicacao.com.br
RI EMPREENDIMENTO COMERCIAL LTDA,https://empreendimento.com.br
GS PARTS FORKLIFT LTDA,https://gspartsforklift.com.br
INDUSTRIA TEXTIL BETILHA LTDA,https://textilbetilha.com.br
TAIS  TAINA FERRAZ COMERCIO LTDA,https://ferraz.com.br
METALFOTO INDUSTRIA E COMERCIO DE FOTOFABRICACAO LTDA,https://metalfoto.com.br
LOYAL SERVICOS ESPECIALIZADOS LTDA,https://loyal.com
COGNATO SHOES LTDA,https://cognato.com
POS CIRURGICA MATERIAIS HOSPITALARES LTDA,https://poscirurgica.com
E-COMMERCE BEIJA FLOR LTDA,https://beijaflor.com
CURSOS PREPARATORIOS PASSEI LTDA,https://cursos.net.br
LA SURE PRODUTOS TERMOELETRICOS E CONFECCOES LTDA,https://lasure.com
DIEGO MAQUINAS COMERCIO E MANUTENCAO LTDA,https://manutencao.com.br
TIME GRANDE STORE LTDA,https://timegrandestore.com.br
RODA A RODA BRINQUEDOS LTDA,https://rodaroda.com.br
ESSENCIALE COMERCIO DE COSMETICOS LTDA,https://cosmeticos.com.br
EMMATEL LTDA,https://emmatel.com.br
S-FLOW POWER ESCAPAMENTOS E ACESSORIOS LTDA,https://flowpower.com
AGROSALLES COMERCIO DE SEMENTES LTDA,https://sementes.com.br
CLOSET DLUXO LTDA,https://closet.com
ID CARD SOLUTION LTDA,https://idcard.com.br
MR COMERCIO DE ROUPAS BIQUINIS LTDA,https://biquinis.com
LEANDRO CESAR VEM NA FONTE JOIAS LTDA,https://leandrocesar.com.br
SISTEMA  BRASIL HITS DE COMUNICACAO LTDA,https://sistemabrasil.com
HEANLU INDUSTRIA DE CONFECCOES LTDA  EM RECUPERACAO JUDICIAL,https://recuperacaojudicial.com.br
CASTRO HAIR CABELOS HUMANOS LTDA,https://castrohair.com
SINDICATO RURAL DE ITAPETININGA,https://sindicatorural.org.br
KAREN APARECIDA ESCOLA,https://escola.net.br
MANA TRADE COM INTERNACIONAL LTDA,https://internacional.com.br
HUM LUXO ATACADISTA LTDA,https://humluxo.com.br
TEXAS EDITION CONFECCOES LTDA,https://texasedition.com.br
"VERONEZ  GUIMARAES COMERCIO DE VESTUARIO, CALCADOS E PRESENTES LTDA",https://presentes.com.br
Hair Mega Fios LTDA,https://megafios.com.br
VANGENES BIOTECH DO BRASIL LTDA,https://vangenes.com.br
TECNOSAC COMERCIO E SERVICOS LTDA,https://tecnosac.com
ROYAL COSMETICOS LTDA,https://royalcosmeticos.com.br
NUCLEO RURAL SAUDE ANIMAL LTDA,https://nucleorural.com.br
PROSPECT VEDACOES INDUSTRIAIS LTDA,https://prospectvedacoes.com.br
VALENTIM DE JESUS MACHADO  CIA. LTDA.,https://jesusmachado.com.br
OLIVEIRA E BAIRROS CONFECCOES LTDA,https://oliveira.com.br
VMP PAPEIS PARA EMBALAGENS LTDA,https://vmppapeis.com.br
RM RASTREAMENTO LTDA,https://rmrastreamento.com.br
STELLA HOFF TECIDOS LTDA,https://stellahoff.com.br
CLASSICA HOME DECOR COMERCIO DE TECIDOS LTDA,https://classicahome.com.br
RMH MODA FEMININA LTDA,https://modafeminina.com.br
ANAGROW COMERCIAL E DISTRIBUICAO DE SUPLEMENTOS LTDA,https://suplementos.com.br
MIDAS DORO ARTIGOS DE JOALHERIA LTDA,https://midasdoro.com.br
CLINICA KOCHER LTDA,https://clinicakocher.com
VC COSMETICOS LTDA,https://cosmeticos.com.br
BRISAH MODA FEMININA LTDA,https://modafeminina.com.br
A A S BRINQUEDOS LTDA,https://brinquedos.com.br
Vem Dar Vida Editora e Distrib. de Livros e Servicos Ltda. 49.882.980/0001-92,https://000192.com
MODENA DEPIL EPILACOES E COMERCIO DE COSMETICOS LTDA,https://modenadepil.com.br
JF INDUSTRIA E COMERCIO DE CONFECCOES LTDA,https://jfconfeccoes.com
STEEL DESIGN INDUSTRIA E COM DE MOVEIS LTDA,https://steeldesign.com.br
CONFECCOES MIKASA INDUSTRIA E COMERCIO LTDA,https://mikasa.com.br
MAICOL DO BRASIL INDUSTRIA E COMERCIO LTDA,https://maicol.com.br
NEX IMPORTADORA EXPORTADORA E COM LTDA,https://nexcom.com.br
DIVINA FORMA FITNESS LTDA,https://divinaforma.com
SJ BUSINESS LTDA,https://sjbusiness.com.br
PLURI SERVICOS LTDA,https://pluri.com.br
VEREDA MODAS LTDA,https://vereda.com.br
MOEMA BIOENERGIA S.A,https://moema.com.br
GELO HEALTH LTDA,https://gelohealth.com.br
YOTTA STORE IMPORTACAO E EXPORTACAO LTDA,https://yottastore.com.br
MARKA COMERCIO DE COSMETICOS LTDA,https://cosmeticos.com.br
JU VIEIRA CONFECCOES LTDA,https://juvieira.com
VALECLIN LABORATORIO DE ANALISES CLINICAS LTDA.,https://valeclin.com.br
CIPAX MEDICINA DIAGNOSTICA LTDA.,https://medicinadiagnostica.com.br
SINDICATO DO COMERCIO VAREJISTA DE SAO JOSE DOS CAMPOS,https://sindicato.com.br
DICON CONTABILIDADE LTDA,https://diconcontabilidade.com.br
NECSMED VET LTDA,https://necsmed.com.br
TV SAO JOSE DO RIO PRETO LTDA,https://riopreto.com
IDENTURE BRASIL - ODONTOLOGIA DIGITAL LTDA,https://identure.com.br
JP DOS SANTOS XAVIER COMERCIO DE CALCADOS ROUPAS E ACESSORIOS LTDA,https://jpsantos.com
CEMO  CENTRO DE MEDICINA OCUPACIONAL SS LTDA.,https://ocupacionalss.com.br
FABRICA DE ESPELHO COMERCIO LTDA,https://fabrica.com.br
CENTRO INF DE INVEST HEMAT DR DOMINGOS A BOLDRINI,https://centro.com.br
NEOLAB VITTA LTDA,https://neolab.com
HL TECIDOS EXCLUSIVOS LTDA,https://tecidosexclusivos.com
COLLECTION LINGERIE LTDA,https://collectionlingerie.com.br
PARA ELAS CLOSET 1 INDUSTRIA E COMERCIO LTDA,https://closet1.com
"ASSOCIACAO DE DOCENTES DA UNIVERSIDADE ESTADUAL DE CAMPINAS,ADUNICAMPSECAO SINDICAL",https://sindical.com.br
LMP IMPORTS LTDA,https://lmpimports.com
MEPS LED ATACADO E DISTRIBUIDORA LTDA,https://mepsled.com.br
SALUTE DISTRIBUIDORA DE COSMETICOS LTDA,https://cosmeticos.com.br
HOBBY CERAMICA COMERCIO DE ARTESANATO LTDA,https://hobbyceramica.com.br
HYDRO EXTRUSION BRASIL SA,https://hydroextrusion.com
SUPERA MARKETING PERFORMANCE LTDA,https://marketingperformance.com.br
"LM DO BRASIL COMERCIO, IMPORTACAO E EXPORTACAO DE ARTIGOS DO VESTUARIO LTDA",https://brasilvestuario.com.br
ANA JULIA JOIAS E SEMIJOIAS LTDA,https://anajulia.com.br
MEN STYLE COMERCIO DE ROUPAS E ACESSORIOS LTDA,https://menstyle.io
LAN NETWORKS COMERCIO DE EQUIPAMENTOS DE INFORMATICA LTDA,https://lannetworks.com.br
ANGATU ASSOCIACAO DE CANNABIS MEDICINAL,https://cannabismedicinal.com.br
AVANCINI EQUIPAMENTOS LTDA,https://avanciniequipamentos.com.br
EDITORA PERPETUA LTDA,https://editoraperpetua.com.br
EQUIPAMENTOS SQUARE TECH LTDA,https://squaretech.com.br
SIM VET DISTRIBUIDORA DE PRODUTOS VETERINARIOS LTDA,https://simvet.com.br
LUPORINI DISTRIBUIDORA DE AUTOPECAS LTDA,https://luporiniautopecas.com.br
Cl Arquitetura e Solucoes LTDA,https://arquitetura.com.br
LOPANA BRASIL LTDA,https://lopanabrasil.com.br
VIANA ATELIE LTDA,https://viana.com.br
SEMPREPECAS PECAS E ASSISTENCIA TECNICA LTDA,https://tecnica.com.br
CAMARA MUNICIPAL DE SOROCABA,https://camaramunicipal.com.br
A P TREINAMENTO E CONSULTORIA LTDA,https://treinamento.io
TABA LEILOES LTDA,https://tabaleiloes.com.br
ELITE COTURNOS LTDA,https://elite.com.br
RAKKAS COMERCIO E IMPORTACAO LTDA,https://rakkas.com.br
UP PROTESE DIGITAL MANAUS LTDA,https://upprotesedigital.com.br
NILSON ROSA E NOGUEIRA INTERMEDIACAO DE ATIVOS E PUBLICIDADE LTDA,https://nilson.com.br
KAE COMERCIO DE PERFUMES E PRODUTOS NATURAIS LTDA,https://perfumesnaturais.com.br
ASSOCIACAO COMERCIAL E EMPRESARIAL DE ITAPOLIS,https://empresarial.com.br
MONTE CARLO ART  DESIGN LTDA,https://montecarlo.com.br
REQUINTY LED DISTRIBUIDORA LTDA,https://requinty.com.br
HOPEWIND BRASIL LTDA,https://hopewind.com
ECKZEM COMERCIO DE ROUPAS LTDA,https://eckzem.com.br
GLASSES PRODUTOS OPTICOS LTDA,https://opticos.com.br
MUDRA HANDPAN II LTDA,https://mudrahandpan.com
MDI COSMETICOS LTDA,https://cosmeticos.com.br
MEGA COMERCIO DE SUPLEMENTOS LTDA,https://megasuplementos.com.br
AUTO POSTO BUFALO DO VALE LTDA,https://autoposto.com
CERVO CAXIAS ACESSORIOS PARA CHURRASCO LTDA,https://churrasco.net.br
SMART VET FORMULAS MAGISTRAIS LTDA,https://smartvet.com.br
VIVA A MAIS LTDA,https://viva-mais.com
RCA HOME TECH LTDA,https://rcahome.com
SUML EDUCACAO EM SAUDE LTDA,https://educacaosaude.com
A.TONANNI CONSTRUCOES E SERVICOS LTDA,https://tonanni.com
VIP TCG IMPORTACOES LTDA,https://viptcg.com.br
WB BEAUTY TERCEIRIZACAO DE COSMETICOS LTDA,https://cosmeticos.com.br
BALAO MAGICO LTDA,https://balaomagico.net.br
UNIVERSO WEB LTDA,https://universoweb.com.br
CARLOS EDUARDO UMEHARA JUCK LTDA,https://carloseduardo.com
UZ ONLINE LTDA,https://uz-online.com
EBRAM PRODUTOS LABORATORIAIS LTDA,https://ebram.com.br
FOCO CENTRO MEDICO JAGUARIUNA LTDA,https://jaguariuna.net.br
LIVRARIA CAIXA DE SONHOS LTDA,https://livraria.net.br
ESTRELA GUIA INDUSTRIA E COMERCIO DE CONFECCOES LTDA,https://estrelaguia.com.br
MEIA ENTRADA DIGITAL LTDA,https://entradadigital.com.br
DESCARTAVEIS DELIVERY BIODEGRADAVEIS LTDA,https://descartaveisdelivery.com.br
EDITORA CREATIVE BOOK TECNOLOGIA EDUCACIONAL LTDA,https://creativebook.com.br
INTERFLEX SERVICOS DE TRIAGEM E DESPACHO LTDA,https://interflex.com.br
AF LOGISTICA LTDA,https://aflogistica.com.br
METALURGICA FAGE LTDA,https://metalurgica.com.br
SMARAPD INFORMATICA LTDA,https://smarapd.com.br
TECHNE ENGENHARIA E SISTEMAS LTDA,https://engenhariasistemas.com.br
INFINITY SYSTEM MONITORAMENTO LTDA,https://infinity.com.br
SERRO DO QUEIJO LTDA,https://serro.com.br
BRIMA CIGARS LTDA,https://brimacigars.com
NATURAL SEMPRE DISTRIBUIDORA E COMERCIO LTDA,https://sempre.com.br
GZK SERVICE LTDA,https://service.com.br
SUPER ANDRA IMPRESSORAS E SOLUCOES LTDA,https://superandra.com.br
FARMATEC FARMACIA DE MANIPULACAO LTDA,https://farmatec.com.br
GROUP HERA LTDA,https://group.com.br
GANDINI CORRETORA DE SEGUROS LTDA,https://seguros.org.br
QUEIJARIA SANTA VITORIA LTDA,https://queijariasantavitoria.com.br
RESIBRAZ COMERCIO DE MATERIAIS ELETRICOS LTDA,https://materiaiseletricos.com.br
BRANDO CONFECCOES LTDA,https://brando.com
BERNINE E CANDIDO LTDA,https://candido.com.br
TALITA ROMANCINI CONVITES LTDA,https://talitaromancini.com.br
INSTITUTO TOUCH PEACE GLOBAL MISSION,https://globalmission.com.br
SINDICATO DOS EMPREGADOS DA ESA BRAS CORREIOS E TELEG,https://sindicato.com.br
REFLECTA EQUIPAMENTOS LTDA,https://reflecta.io
ASSOCIACAO DOS AUDITORES FISCAIS DA RECEITA FEDERAL DO BRASIL EM SAO PAULO,https://auditoresfiscais.org.br
SCM FOR MEDICAL DEVICE LTDA,https://device.com.br
GO TECH LTDA,https://gotech.com.br
JPACK DO BRASIL LTDA,https://jpack.com.br
CONEXAO PREMIUM LTDA,https://conexaopremium.com.br
VIVER DE KOMBUCHA COMERCIO DE BEBIDAS LTDA.,https://viverkombucha.com
2 RECOVER INFORMATICA LTDA,https://2recover.com.br
AFETTO ART FABRICACAO E VENDA DE MOVEIS  LTDA,https://vendamoveis.com.br
APOIO ADMINISTRADORA DE CONDOMINIOS LTDA,https://apoioadministradora.com.br
CAFE CAICARA LTDA,https://cafecaicara.com.br
PLASCAR INDUSTRIA DE COMPONENTES PLASTICOS LTDA,https://plascar.com.br
AMERICAN SPORTS LTDA,https://americansports.com
MULTIFOCO SOLUCOES OPTICAS LTDA,https://multifoco.com.br
FLORIDA PRODUTOS ALIMENTICIOS LTDA,https://florida.com
RIO FOTO TECNOLOGIA COMERCIO E SERVICOS LTDA,https://riofoto.com.br
AU SABLE LTDA,https://ausable.com.br
COOPERATIVA DE CONSUMO COOPERCICA,https://coopercica.com.br
JUNDIPAR PARAFUSOS E FERRAMENTAS LTDA,https://jundipar.com.br
BUCKLER GROUP LTDA,https://buckler-group.com
FERCOR COMERCIO VAREJISTA DE ELETRONICOS LTDA,https://fercor.com
SABER ONLINE CURSOS E TREINAMENTOS LTDA,https://saberonline.com
SUPERMERCADO RONDON LTDA,https://rondon.com.br
ORAL ALIGNER LTDA,https://oralaligner.com.br
INDUSTRIA MECANICA ANDRADE LTDA,https://mecanicaandrade.com.br
MM Calcados Infantis LTDA,https://mmcalcados.com.br
CAPITAL SP COMERCIO DE COSMETICOS LTDA,https://capitalsp.com.br
CASAS ALONSO  CIA. LTDA,https://casas.com.br
REALIS JOIAS E SEMIJOIAS LTDA,https://realis.com.br
NAMIE BRASIL COMERCIO LTDA,https://namiebrasil.com.br
CATUAI DO BRASIL INDUSTRIA E COMERCIO DE CAFE LTDA,https://brasilcafe.com
SINDICATO DAS INDUSTRIAS DO CALCADO E VESTUARIO DE BIRIGUI,https://sindicato.com.br
PAPEL POR AI COMERCIO LTDA.,https://papelporai.com.br
"JBTECIDOS INDUSTRIA, COMERCIO E SERVICOS LTDA",https://jbtecidos.com.br
THOMAS TECNICA COMERCIAL ELEMENTOS DE TRANSMISSAO LTDA,https://thomastecnica.com.br
POSTO MACEDAO REDE MACEDO LTDA,https://postomacedao.com
TEC LAB MEDICINA DIAGNOSTICA SA,https://medicinadiagnostica.com.br
L H T BIANCHI COMERCIO,https://bianchi.com
VIRTUZZA LTDA,https://virtuzza.com.br
EDITORA GRIFFOS LTDA,https://editoragriffos.com
PERIM COMERCIO DE AUTO PECAS LTDA,https://perim.com
GRAFICA E EDITORA ENSINAR LTDA,https://graficaeditora.com.br
MORENA IRIS ECOMMERCE LTDA,https://morenairis.com.br
FARMS HAIR COMERCIO LTDA,https://farms.com
GO FOREVER LTDA,https://goforever.com.br
LABOR MOTO PECAS LTDA,https://labor.com.br
ETERNAL GROUP LTDA,https://eternal.com
SOLAZER ESTANCIA RECREATIVA LTDA,https://solazer.com.br
"LANCE REPLAY TECNOLOGIA, DESENVOLVIMENTO E MANUTENCAO DE SISTEMAS LTDA",https://lancereplay.com.br
MAIA LUXE COM ARTIGOS DO VESTUARIO LTDA,https://maialuxe.com
MG TOOLS SOLUTIONS LTDA,https://mgtools.com.br
C ALMEIDA JOIAS LTDA,https://almeidajoias.com.br
DUDA LISBOA BEACHWEAR LTDA,https://dudalisboabeachwear.com.br
MX BLACK LTDA,https://mxblack.com
JOIAS MOROZINI LTDA,https://joias.io
FIRST DISTRIBUIDORA LTDA,https://first.com
IRMAOS BELLOTTO  CIA LTDA,https://bellotto.com.br
NEOFLOW BOMBAS E EQUIPAMENTOS INDUSTRIAIS LTDA,https://neoflow.com.br
MECANICA BONFANTI SA,https://bonfanti.com.br
GRAFICA BARTOLO LTDA,https://graficabartolo.com.br
FMO NUTRITION LTDA,https://fmonutrition.com.br
RETIFICA E MECANICA AVENIDA LTDA,https://mecanicaavenida.com.br
EQUIPE TEAM CRUZ LTDA,https://equipeteam.com
ASSOCIACAO DOS PLANTADORES DE CANA DO MEDIO TIETE,https://plantadores.com.br
GP  ASSOCIADOS LTDA,https://gpassociados.com.br
SANDKOS BEACH RESORT WEAR LTDA,https://resortwear.com.br
PUNK PINK LTDA,https://punkpink.com.br
PERLIMA METAIS PERFURADOS LTDA,https://perlima.com.br
NEWTON INDUSTRIA E COMERCIO LTDA.,https://newton.com.br
INDUSTRIA DE MAQUINAS CHINELATTO LTDA,https://chinelatto.com.br
BRUMALU DISTRIBUIDORA DE COSMETICOS LTDA,https://cosmeticos.com.br
EMPRESA DE TRANSPORTES COVRE LTDA,https://empresa.net.br
GSP URBANIZACAO E ENGENHARIA LTDA,https://gspurbanizacao.com.br
H R P PROMOCOES ARTISTICAS LTDA,https://promocoes.net.br
CITROLEO INDUSTRIA E COMERCIO DE OLEOS ESSENCIAIS LTDA,https://citroleo.com.br
ANA ROSA TRICOT LTDA,https://anarosa.org.br
POPS DISCOS LTDA,https://popsdiscos.com.br
SANTOSFLORA COMERCIO DE ERVAS LTDA,https://santosflora.com.br
FITISSIMO INDUSTRIA DE ALIMENTOS LTDA,https://alimentos.com.br
PAPELARIA E LIVRARIA PEIXINHO DOURADO LTDA.,https://peixinhodourado.com.br
BOSSA NOSTRA ARTIGOS DO VESTUARIO LTDA,https://bossanostra.com.br
GRAN MAESTRA MANIPULACAO FARMACEUTICA LTDA,https://granmaestramanipulacao.com.br
MATOUGUI COMERCIO DE ARTIGOS DE PRESENTES LTDA,https://presentes.com.br
DENISE CACHOS CABELEIREIROS LTDA,https://cabeleireiros.com.br
UBERBAG&CO LTDA,https://uberbag.com
BAHZAR LTDA,https://bahzar.com
MADE SKIN LTDA,https://madeskin.com
AVELAR COMERCIO DE ROUPAS LTDA,https://avelar.com.br
BREZZA DI BELEZZA COSMETICOS LTDA,https://cosmeticos.com.br
HUB VISTOS CONSULARES LTDA,https://hubvistos.com.br
LUANA FASHION TRICOT LTDA,https://luanafashiontricot.com.br
SAFERACER BRASIL COMERCIO IMPORTACAO DE ARTIGOS ESPORTIVOS LTDA,https://saferacer.com.br
I LOVE SALES ECOMMERCE LTDA,https://lovesales.com
SAMANTHA SIGNOR LTDA,https://signor.com.br
OPTITEX INDUSTRIA E COMERCIO DE ESTOJOS E BRINDES LTDA,https://brindes.com.br
VIVID IMPORTACAO E EXPORTACAO LTDA,https://vivid.com.br
B.A BRASIL LTDA,https://brasil.io
DROGARIA DANIELA LTDA,https://drogaria.tech
ANNIE CONFECCOES LTDA,https://annie.com
DDS COM DE PROD LTDA,https://ddscom.com
FRATELLO COMERCIAL E IMPORTADORA LTDA,https://fratello.com
GARBIN EMPREENDIMENTOS IMOBILIARIOS LTDA,https://garbinempreendimentos.com
RAVEN ELETRONICA LTDA,https://raveneletronica.com.br
CANTINHO DO CEU HOSPITAL DE RETAGUARDA,https://cantinho.com.br
BERCARIO MAGICO COMERCIO DE BRINQUEDOS E PRODUTOS ARTESANAIS LTDA,https://bercariomagico.com.br
RACE CHROME COMERCIO DE PECAS AUTOMOTIVAS LTDA,https://racechrome.com.br
TUOAMISSE FABRICACAO DE PRODUTOS DIVERSOS E SERVICOS DE BEM ESTAR LTDA,https://tuoamisse.com.br
ANJERO COMERCIO DE COSMETICOS LTDA,https://cosmeticos.com.br
TIETE AGROINDUSTRIAL S.A.,https://tiete.com
AS INTERNACIONAL IMPORTS LTDA,https://internacional.com.br
MOVFAST SOLUCOES EM COLETA DE DADOS LTDA,https://coletadados.com.br
WEILER  C. HOLZBERGER INDUSTRIAL LTDA,https://weiler.com
JT MEDICAMENTOS LTDA,https://medicamentos.com.br
La Belle Moda Feminina LTDA - 51.907.473/0001-08,https://labelle.com
DISK SILK SERIGRAFIA SAO PAULO LTDA,https://disksilk.com.br
LAGE FESTAS INDUSTRIA E COMERCIO LTDA,https://festas.com.br
PROCOMP PRODUTOS E SERVICOS DE INFORMATICA LTDA.,https://procomp.io
VERIDIANA PECAS AUTOMOTIVAS LTDA,https://veridiana.com.br
LOL COMERCIO ATACADISTA DE PERFUMARIA E COSMETICOS S.A.,https://cosmeticos.com.br
ATIPACK ROTULOS ESPECIAIS LTDA,https://atipack.com.br
POPO SKINBAKERY LTDA,https://poposkinbakery.com.br
SKEYNDOR BR LTDA,https://skeyndor.com.br
NOBREVIE COMERCIO DE COSMETICOS LTDA,https://cosmeticos.com.br
ACUCAR E ALCOOL OSWALDO RIBEIRO DE MENDONCA LTDA,https://acucar.com.br
LACE  LOVE LINGERIE LTDA,https://lacelove.com
COISAS BRASILEIRAS INDUSTRIA E COMERCIO LTDA,https://coisasbrasileiras.com.br
LIG IMPORTS BRASIL LTDA,https://ligimports.com.br
INDUSTRIAS MARQUES DA COSTA LTDA,https://marquescosta.com.br
CAFE DONA ONCA LTDA,https://cafedona.com
GONCALVES CONSULTORIA E COMERCIO LTDA,https://goncalves.com.br
PRODTY MECATRONICA INDUSTRIA E COMERCIO LTDA,https://prodty.com.br
ART RALOS LTDA.,https://artralos.com.br
SO ESFERAS COM DE ESFERAS LTDA,https://soesferas.com.br
SAGATENNIS COMERCIO DE ARTIGOS ESPORTIVOS LTDA,https://sagatennis.com.br
CONECTMAX MG SOLUCOES EM TECNOLOGIA LTDA,https://conectmax.com.br
FLAVIA BOARI PIJAMAS LTDA,https://flaviaboaripijamas.com.br
NADIR COMERCIO VAREJISTA LTDA,https://nadir.com
ASSOCIACAO NOVOS CAMINHOS  PLANTAS MEDICINAIS,https://plantasmedicinais.com.br
DOCTOR S & CARE  LTDA,https://doctorcare.com.br
BIOLAB SOLUCOES PARA SAUDE LTDA,https://biolabsaude.com.br
W S SANCHES LTDA,https://sanches.com.br
RC PARTS PECAS E IMPLEMENTOS AGRICOLAS LTDA,https://rcparts.com
VENTURA COMERCIO IMPORTACAO E EXPORTACAO DE AQUARIOS E EQUIPAMENTOS LTDA,https://ventura.net.br
SURGICAL RENT LTDA,https://surgicalrent.com
RR SPA LTDA,https://rr-spa.com
SO KIMONOS CONFECCOES LTDA,https://sokimonos.com.br
MEXX ESCAPAMENTOS LTDA,https://mexxescapamentos.com
RODRIGO GARCIA ARANHA SERVICOS DE IMPRES,https://rodrigogarcia.net.br
TOPNEW LU SUPLEMENTOS ALIMENTARES LTDA,https://topnew.com.br
SALVAIA STORE LTDA,https://salvaiastore.com.br
DUDAH BEAUTY COMERCIO DE COSMETICOS LTDA,https://dudahbeauty.com.br
ASSOCIACAO FLEXIAUTO PROTECAO VEICULAR,https://protecaoveicular.com.br
SVALINE COSMETICOS LTDA,https://cosmeticos.com.br
DISTRIBUIDORA E COMERCIO ESTETICA ESCULPE DETOX LTDA,https://esculpedetox.com.br
LIV SOLUCOES EM SAUDE LTDA,https://livsaude.com.br
BELA HERBAL LTDA,https://belaherbal.com.br
CAREISMATIC BRANDS DO BRASIL LTDA,https://careismaticbrands.com
FISCHER SA  AGROINDUSTRIA,https://agroindustria.org.br
EMBELLIA COMERCIO DE PRODUTOS DE BELEZA E SERVICOS DE ESTETICA E CABELEIREIROS LTDA,https://cabeleireiros.com.br
AMIGOS DA PHILOS COMERCIO DE BIJUTERIAS LTDA,https://amigos.org.br
GATTO ROSA PRODUTOS COSMETICOS LTDA,https://gattorosa.com.br
"HSBOND INDUSTRIA, COMERCIO, IMPORTACAO E EXPORTACAO LTDA",https://hsbond.net.br
BRINDZ PRODUTOS PROMOCIONAIS LTDA,https://promocionais.com.br
ALICE PETIT PRODUTOS INFANTIS LTDA,https://alicepetit.com.br
CONSORCIO DE DESENV DA REGIAO DE GOVERNO DE SJBVISTA,https://consorcio.com.br
ROFREIOS INDUSTRIA E COMERCIO DE PECAS LTDA,https://rofreios.com.br
GRANOL AGRICOLA LTDA,https://agricola.com.br
OZONEVITTA - COMERCIO DE COSMETICOS E NUTRACEUTICOS LTDA,https://ozonevitta.com.br
FREDERICHES LIVROS LTDA,https://livros.com.br
THE NOTTE SHOP LTDA,https://thenotte.com.br
AUTOLED COMERCIO DE PAINEIS LTDA,https://paineis.com.br
ATA BRONZE ARACATUBA DISTRIBUIDORA DE COSMETICOS LTDA,https://atabronze.com
LARISSA FERREIRA DE OLIVEIRA LTDA,https://oliveira.com.br
RANER INDUSTRIA COMERCIO IMPORTACAO E EXPORTACAO LTDA,https://raner.com.br
CR FASHION STYLE LTDA,https://crfashion.com
CASA D INDUSTRIA DE MOVEIS LTDA,https://casamoveis.com.br
A S S COMERCIO DE OCULOS E LENTES LTDA,https://oculos.io
GERAL PARTS COMERCIO DE PECAS E ABRASIVOS LTDA,https://geralparts.com.br
AUTO POSTO ZANFORLIN LTDA,https://autoposto.com
CONFECCOES GRACIANO LTDA,https://graciano.net.br
YAMAUCHI POUSO ALEGRE FARMACIA DE MANIPULACAO LTDA,https://yamauchi.com.br
BANKEIRO SERVICOS DE TECNOLOGIA LTDA,https://bankeiro.com.br
SOPHIE CONFECCAO E COMERCIO LTDA.,https://sophie.io
SERITEC AGRO LTDA,https://seritec.com
SAPIENZ COMERCIO DE BRINDES E PRESENTES LTDA,https://sapienz.com.br
BOL  DORNELES SOCIEDADE DE ADVOGADOS,https://sociedadeadvogados.com.br
ECOA NEGOCIOS LTDA,https://negocios.com.br
25BEST COMERCIO DE ELETRONICOS LTDA,https://25best.com.br
HEROES SPORT BRASIL LTDA,https://sportbrasil.com
METALTECH FERRAGENS LTDA,https://ferragens.com.br
MICROCOMERCIO DE MAQUINAS PARA RETIFICA LTDA,https://microcomercio.com.br
THERMOLIFE ALIMENTOS ESPECIAIS LTDA,https://thermolife.com.br
TRANSPORTADORA RISSO LTDA,https://transportadora.com.br
WOOD LAR INDUSTRIA E COMERCIO DE MOVEIS LTDA,https://moveis.com.br
EDITORA AQUINATE LTDA,https://editoraaquinate.com.br
IMPERPOP COM E SERVICOS LTDA,https://imperpop.com.br
BRUNA NAKAMURA BRECHO LTDA,https://brecho.com.br
SOLEIL BEACHWEAR LTDA,https://soleilbeachwear.com.br
M.N.W. ETIQUETAS LTDA,https://etiquetas.com.br
HIGRA MINING SERVICOS LTDA,https://higramining.com.br
J Z PRODUTOS EM GERAL LTDA,https://geral.com.br
ESCAPAMENTOS JOAO TECLIS INDUSTRIA E COMERCIO LTDA,https://teclis.com.br
DOBBER COMERCIO E REPRESENTACOES LTDA,https://dobber.com.br
FOCO ADMINISTRACAO JUDICIAL LTDA,https://administracaojudicial.com.br
NEW TRUCK TECNOLOGIA LTDA,https://newtruck.com.br
CHERUBIM MANIPULACOES E BEM ESTAR LTDA,https://cherubim.com.br
SOCIEDADE COMERCIAL NASCIMENTO  RODRIGUES LTDA,https://nascimentorodrigues.com.br
JF COMERCIO DE AUDIO E INSTRUMENTOS MUSICAIS LTDA,https://instrumentosmusicais.com.br
MAXIMUS COMERCIO ELETRONICO E SOLUCOES LTDA,https://maximus.com.br
THE FITNESS COMERCIAL LTDA,https://the-fitness.com
PORTAL DA MANDALA LTDA,https://mandala.com.br
APOIO ADMINISTRACAO E ASSESSORIA IMOBILIARIA LTDA.,https://apoioadministracao.com.br
MULTIVEDA COM. DE PLASTICO LTDA,https://complastico.com.br
MUNICIPIO DE MONTE ALEGRE DO SUL,https://municipio.net.br
AVENIDA SERVCAR DE ITAPEVA LTDA,https://avenida.com.br
SIL PACK EQUIPAMENTOS PARA EMBALAGENS E AUTOMACAO INDUSTRIAL LTDA,https://silpack.com.br
ARDRAK GINGER BOUTIQUE LTDA,https://ardrakginger.com.br
VEDACOES MAKITA ACESSORIOS INDUSTRIAIS LTDA,https://vedacoesmakita.com.br
IMPLASTEC PLASTICOS TECNICOS E LUBRIFIC ESPECIAIS LTDA,https://implastec.com.br
LARSHOP MAIS LTDA,https://larshopmais.com.br
REPLAY SPORTS LANCES ESPORTIVOS LTDA,https://replaysports.com.br
SHOPFAR DROGARIA LTDA,https://shopfar.com.br
TRI WINGS ESPORTE E PERFORMANCE LTDA,https://triwings.com.br
CLINICA ODONTOLOGICA LONDONTO LTDA,https://clinicaodontologica.tech
GVINC PARTICIPACOES E GESTAO DE ATIVOS  IMOBILIARIOS LTDA,https://ativosimobiliarios.com
LONGEVIDADE MAGISTRAL PRODUTOS FARMACEUTICOS LTDA,https://longevidade.com.br
IMPERIO IMPORTACAO E EXPORTACAO DE PRODUTOS ALIMENTICIOS LTDA,https://imperio.com.br
CLICHERLUX E IMAGEM INDUSTRIA E COMERCIO DE CLICHES E MATRIZES LTDA,https://clicherlux.com.br
HOSPITAL NOVO ATIBAIA S.A.,https://hospitalnovo.com.br
AKASHA ACUSTICA AUDIO PARTS LTDA,https://audioparts.com.br
LANDUCCI COMERCIO DE BOLSAS LTDA,https://landucci.com
PAPER TO GO AVIAMENTOS LTDA,https://paper.com
L.A. FALCAO BAUER CENTRO TECNOLOGICO DE CONTROLE DA QUALIDADE LTDA,https://qualidade.com.br
DISPLATO EMBREAGENS LTDA,https://embreagens.com.br
REICHENBACH INSTRUMENTOS E FIBRA OTICA LTDA,https://reichenbach.com.br
TBX OPERADORA DE CARTAO DE DESCONTO LTDA,https://desconto.com.br
MAELO MODAS LTDA,https://maelomodas.com.br
M3 SOLUCOES DIGITAIS DE ALTA PERFORMANCE LTDA,https://performance.net.br
COTTON CAPS COMERCIO LTDA,https://cottoncaps.com
DMG INDUSTRIA E COMERCIO DE FACAS INDUSTRIAIS LTDA,https://facasindustriais.com.br
MULHER FORTE PRODUCOES LTDA,https://mulher.com.br
ECOMPANY TECNOLOGIA AMBIENTAL LTDA,https://ecompany.net.br
ACO BRASIL JOIAS PERSONALIZADAS LTDA,https://acobrasil.org.br
X COMERCIO DE LIVROS LTDA,https://livros.com.br
AUTO GO VEICULOS LTDA,https://autogo.com.br
RENASCER ART PIERCING & ACADEMY PRINCESS ASSESSORIA EM ENFERMAGEM LTDA,https://renascerartpiercing.com.br
ISA BUZZI ENTRETENIMENTO LTDA,https://isabuzzi.com.br
INVITE OFICIAL LTDA,https://oficial.com.br
SUPPLY B2B LTDA,https://supplyb2b.com.br
MM SALVADOR DISTRIBUIDORA DE COSMETICOS LTDA,https://cosmeticos.com.br
NILESA ATACADISTA LTDA,https://nilesa.com
KWS BRASIL LTDA,https://kwsbrasil.com.br
PERFUMISTICO LTDA,https://perfumistico.com.br
SISTECNICA INFORMATICA E SERVICOS LTDA,https://sistecnica.com.br
CHAMA TEXTIL LTDA,https://chama.com
L S ETIQUETAS ADESIVAS LTDA,https://etiquetasadesivas.com
XFORT COMERCIO DE COSMETICOS LTDA,https://cosmeticos.com.br
PANOS BRASIL COMERCIO LTDA,https://panosbrasil.net.br
ALMANI INFORMATICA LTDA,https://almani.com.br
N. AUGUSTO CONFECCOES LTDA,https://augusto.net.br
BRT LOUNGES LTDA,https://brtlounges.com.br
MADAME DE ACO MODA FEMININA LTDA,https://modafeminina.com.br
VITTA COSMETICOS LTDA,https://cosmeticos.com.br
MUNICIPIO DE PARAPUA,https://municipio.net.br
TRIBOPAY SOLUCOES DE PAGAMENTOS LTDA,https://tribopay.com.br
DELTA TECH COMERCIO E ASSESSORIA LTDA,https://deltatech.com.br
MUNDO BEAUTY COMERCIAL LTDA,https://mundobeauty.com
INDUSTRIA METALURGICA PICELLI LTDA,https://metalurgicapicelli.com.br
DOSSIER COMERCIO DE VESTUARIO LTDA,https://dossier.com
LOJAS MINATEL LTDA,https://lojasminatel.com.br
VOLTA CYCLING LTDA,https://voltacycling.com.br
CARINA ALVES BATISTA LTDA.,https://carinaalves.com
Rd Industria e Comercio Oticos LTDA - 53.401.408/0001-31,https://000131.com
LEMA BRASIL ASSESSORIA PARA DOCUMENTOS L,https://lemabrasil.com
GX SERVICES LTDA,https://gxservices.com
ASSOCIACAO DA SANTA CASA DE MISERICORDIA DE OURINHOS,https://santacasa.org.br
O2 NUTRICAO LTDA,https://nutricao.com
OSWALDO CRUZ QUIMICA INDUSTRIA E COMERCIO LTDA,https://oswaldocruz.com.br
ICP INOVACAO E COMERCIO DE PRODUTOS PARA BIOTECNOLOGIA E UTILIDADES LTDA,https://utilidades.com.br
DAROS TEC DIGITAL LTDA,https://tecdigital.com.br
B2L SEMINOVOS LTDA,https://seminovos.com.br
ARTELASSE INDUSTRIA E COMERCIO LTDA,https://artelasse.com.br
ZINCOL LTDA,https://zincol.com.br
AUTO PECAS TUNICAR LTDA,https://tunicar.com.br
SPONTE EDUC LTDA,https://sponte.com.br
OPTICA BRILLE LTDA,https://brille.com.br
PAT TRAFFIC  SISTEMAS DE TRANSPORTE INTELIGENTE LTDA,https://pattraffic.com.br
FLORESTANA CONSTRUCOES E SERVICOS LTDA,https://florestana.com.br
IJA BRINDES E MARKETING PROMOCIONAL LTDA,https://ijabrindes.com.br
SHINE REFLETIVOS LTDA,https://shinerefletivos.com.br
GLOBAL SUPLEMENTOS COMERCIO LTDA,https://globalsuplementos.com.br
EQUIPE EQUIPAMENTOS DE AUTOMACAO E CONTROLE LTDA,https://equipe.com.br
CREACOES BETH BEBE LTDA.,https://bethbebe.com.br
ME&ME SUPLEMENTOS LTDA,https://suplementos.com.br
VINTE E TRES COMERCIO DIGITAL LTDA,https://vintetres.com
Agromarketing Comercio de Produtos Agropecuarios LTDA,https://agromarketing.com
HARMONIZY DISTRIBUIDORA LTDA,https://harmonizy.com.br
M K JOIAS LTDA,https://joias.io
VMO COSMETICOS LTDA,https://cosmeticos.com.br
POSTO RANCHO TIBIRICA LTDA,https://tibirica.com.br
LUMIARA JOIAS PERSONALIZADAS LTDA,https://lumiarajoias.com
IF LAB GESTAO DE SAUDE LTDA,https://gestaosaude.com
COUTINHO VENDAS ONLINE LTDA,https://vendasonline.com.br
IMOBILIARIA PINOTTI LTDA,https://pinotti.com.br
MUTA VIVA LEVE LTDA,https://mutavivaleve.com.br
PANTERA IMOVEIS LTDA,https://panteraimoveis.com.br
NA MEDIDA ARTIGOS ESPORTIVOS LTDA,https://medida.com
TRANSPORTADORA GASPAR DUTRA LTDA,https://transportadora.com.br
SCAR BEAUTY LTDA,https://scarbeauty.com.br
YOKOGAWA AMERICA DO SUL LTDA.,https://yokogawa.com.br
NATUNI SUPLEMENTOS LTDA,https://suplementos.com.br
F S C DISTRIBUIDORA DE COSMETICOS LTDA,https://cosmeticos.com.br
W FIGUEIROA DA SILVA LTDA,https://figueiroa.com.br
INFORPRO TECNOLOGIA E COMERCIO LTDA,https://inforpro.com.br
FUSION MEDICAL INDUSTRIA E COMERCIO DE DISPOSITIVOS MEDICOS LTDA,https://fusionmedical.com
SMART PLAST SOLUCOES INDUSTRIAIS LTDA,https://smartplast.com.br
OMEGA LASER LOCACOES E COSMETICOS LTDA,https://omegalaser.com.br
REALUM INDUSTRIA E COMERCIO DE METAIS PUROS E LIGAS LTDA.,https://realum.com.br
POWER FIT NF CONFECCOES LTDA,https://nfconfeccoes.com.br
NEXT SHOP INFORMATICA LTDA,https://nextinformatica.com
AKIBA STATION STORE IMP EXPO LTDA,https://akibastation.com.br
M. AGUIAR  GARCIA LTDA,https://garcia.com.br
SEVEN WEST STORE LTDA,https://sevenwest.com.br
DG COMERCIO E EMPREENDIMENTOS LTDA,https://dgempreendimentos.com.br
KAKA PINHEIRO ACESSORIOS LTDA,https://kakapinheiro.com.br
ALPHA GALVANO  QUIMICA BRASILEIRA LTDA,https://quimicabrasileira.com.br
LORENA CRIACOES LTDA,https://lorenacriacoes.com.br
MOVEIS DE ACO TEC NAC LTDA,https://moveisaco.com.br
PIMENTEL EXCELLENCE MARKETING LTDA,https://pimentel.com.br
NOVA COM LTDA,https://nova-com.com
ROBERTO LEMOS VAZ COMERCIO E SERVICOS,https://robertolemos.com
MIMAR VOCE LTDA,https://mimar.com.br
PLAY ID SOLUTIONS INFORMATICA LTDA,https://playid.com
BALANCAS JUNDIAI INDUSTRIA E COMERCIO LTDA.,https://balancasjundiai.com.br
AVELAR SHOP LTDA,https://avelar.com.br
JHONAS GERALDO PEIXOTO FLAUZINO LTDA,https://flauzino.com.br
TKM SUPLEMENTOS LTDA,https://suplementos.com.br
KESLEI DE SOUZA GONCALVES LTDA,https://goncalves.com.br
LABORATORIO DE METROLOGIA DE NATAL LTDA,https://metrologia.org.br
THEVEST COM DIGITAL DE MODA LTDA,https://thevest.com.br
ELITE ACO BRASIL LTDA,https://eliteaco.com.br
P B ZANZINI  CIA LTDA,https://zanzini.com.br
COSTA CAFE COMERCIO EXPORTACAO E IMPORTACAO LTDA,https://costa-cafe.com
YOUSENSE COSMETICOS LTDA,https://cosmeticos.com.br
SINDICATO DO COMERCIO VAREJISTA DE JUNDIAI E REGIAO,https://sindicato.com.br
LOWKA INTERMEDIACAO DE NEGOCIOS LTDA,https://negocios.com.br
D FELINE MODA FEMININA LTDA,https://modafeminina.com.br
CREAT OFICIAL LTDA,https://creatoficial.com.br
HOARDSBR AGENCIA DE MARKETING LTDA,https://agenciamarketing.com.br
ASSOCIACAO DOS APOSENTADOS E PENSIONISTAS DAS INDUSTRIAS METALURGICAS E OUTRAS CATEGORIAS DE CAMPINAS,https://campinas.com.br
TEXSUL LTDA,https://texsul.com.br
UZE THAY SHOES LTDA,https://uzethay.com.br
AT HOME LTDA,https://athome.com
LS ATACADO MODA FESTA E NOIVA LTDA,https://festanoiva.com.br
PINHALENSE SA.MAQUINAS AGRICOLAS,https://pinhalense.com.br
PORTO AROMA COMERCIO VAREJISTA LTDA,https://portoaroma.com.br
MULTIALLOY METAIS E LIGAS ESPECIAIS LTDA.,https://multialloy.com.br
NOHRAAN DISTRIBUIDORA DE COSMETICOS LTDA,https://cosmeticos.com.br
OH GLORIA LTDA,https://gloria.com
CINESTEC COMPONENTES ELETRONICOS LTDA,https://componenteseletronicos.com.br
MITZ DECOR LTDA,https://mitzdecor.com.br
CSL LOGISTICA E ARMAZENAMENTO LTDA,https://armazenamento.org.br
TECNO DIAMOND FERRAMENTAS LTDA,https://ferramentas.com.br
COMERCIAL BRAZIL FIBER LASER LTDA,https://brazilfiberlaser.com.br
PAIXAO CATOLICA ARTIGOS RELIGIOSOS LTDA,https://paixaocatolica.com.br
ACI ASSOCIACAO COLINAS DE IBIUNA,https://acicolinas.com.br
A SEREIA E O URSO INTERMEDIACOES E NEGOCIOS LTDA,https://negocios.com.br
MINEIRA DIGITAL E EVENTOS LTDA,https://digitaleventos.com.br
HASSER INTERMEDIACOES DE NEGOCIOS LTDA,https://negocios.com.br
MAXIMUS NEGOCIOS DIGITAIS LTDA,https://maximusnegocios.com.br
COLORPLAC ETIQUETAS METALICAS LTDA,https://colorplacetiquetas.com.br
ASSOCIACAO DOS FORNECEDORES DE CANA DE PIRACICABA,https://fornecedores.net.br
COMPUTECNICA TECNOLOGIA LTDA,https://computecnica.com.br
ASSOCIACAO COMERCIAL E INDUSTRIAL DE PIRACICABA,https://piracicaba.net.br
TOP TECH COMERCIO DE ELETRONICOS UNIPESSOAL LTDA,https://toptech.com.br
CASTRO COMERCIO DE FERRAMENTAS E EQUIPAMENTOS LTDA,https://castro.com.br
MEGA OUT LTDA,https://megaout.com
MANSFER INDUSTRIA DE FERRAMENTAS LTDA,https://ferramentas.com.br
ARANAO TRANSPORTES RODOVIARIOS LTDA,https://rodoviarios.com.br
ELETRO SATES LTDA,https://eletrosates.com.br
AURIQUIMICA LTDA,https://auriquimica.com.br
ATELIER DE BRODERIE LTDA,https://atelierbroderie.com
CONCEITO FORMULAS FARMACIA DE MANIPULACAO LTDA,https://conceitoformulas.com.br
M3. BUSINESS GROUP LTDA,https://m3business.com.br
PLACAS ZONTA LTDA,https://placas.com.br
FOR YOU SOLUCOES E PAGAMENTOS LTDA,https://foryou.com.br
TELEKOMM TECNOLOGIA LTDA,https://telekomm.com.br
"ASTREL  PROJETOS, INDUSTRIA E COMERCIO LTDA",https://astrel.com.br
FIBRASIL INDUSTRIA E COMERCIO DE CARROCERIAS LTDA,https://fibrasilcarrocerias.com.br
ALIVER HEALTH LTDA,https://aliver.com
CONFOR INSTRUMENTOS DE MEDICAO LTDA,https://confor.com.br
ALPHA OMEGA COMERCIO E DISTRIBUIDORA LTDA,https://alphaomega.com.br
MACOPEMA INDUSTRIA E COMERCIO LTDA,https://macopema.com.br
LEILAO ELETRONICO ZUKERMAN  ZALCMAN LTDA,https://leilaoeletronico.com.br
PONTUAL PESQUISA E PUBLICIDADE LTDA,https://pontualpesquisa.com.br
HRIDAYANANDA LTDA,https://hridayananda.com
OUTLET10 VENDAS ONLINE LTDA,https://vendasonline.com.br
AF MARKETING LTDA,https://afmarketing.com.br
EDIR SUSSEL  CIA LTDA,https://edirsussel.com.br
ELETRICA PIRAJUI LTDA,https://eletricapirajui.com.br
TIAGO MARINHO RODRIGUES LTDA,https://tiagomarinho.com.br
MARIOTTA CALCADOS LTDA,https://mariotta.com.br
HANDLE COMERCIO DE EQUIPAMENTOS MEDICOS LTDA,https://handle.com.br
HELSTEN INDUSTRIA E COMERCIO DE FACAS E FERRAMENTAS LTD,https://helsten.com.br
METANOIA COMERCIO ELETRONICO LTDA,https://metanoia.com.br
CENTRO AUDIOVISAO LTDA,https://centroaudiovisao.com.br
FLASH SOLDA EQUIPAMENTOS E SUPRIMENTOS LTDA,https://flashsolda.com.br
BROOKLYN COMERCIO DE VESTUARIO LTDA,https://brooklyn.com
M3 MARKETING E GESTAO LTDA,https://m3marketing.com
GENIUS 1 PARTICIPACOES JOIAS E ARTIGOS DE LUXO LTDA,https://genius.com.br
DIALUMI COM DE LUMINARIAS LTDA,https://dialumi.com.br
PIONEIRA INDUSTRIA DE EQUIPAMENTOS DE LIMPEZA LTDA,https://limpeza.com.br
SABER COMERCIO DE CALCADOS LTDA,https://saber.tech
P A COMPONENTES ELETRONICOS LTDA,https://componenteseletronicos.com.br
LABOR QUIMI INDUSTRIA COMERCIO E IMPORTACAO DE PRODUTOS PARA LABORATORIO LTDA,https://laborquimi.com.br
SR DA NET COM ONLINE LTDA,https://netcomonline.com.br
PASSAGEM SECRETA CONFECCOES LTDA,https://passagemsecreta.com.br
CARTONAGEM SALINAS LTDA,https://salinas.com.br
HAAL TECNOLOGIA AGRICOLA,https://agricola.com.br
PROTECAOBS PAINEIS E ACESSORIOS LTDA,https://paineis.com.br
DALBOSCO SUPLEMENTOS LTDA,https://suplementos.com.br
V TECH MOBILE COMMUNICATION LTDA,https://techmobile.com
FR SIMUMED LTDA,https://simumed.com.br
CREMATORIO PET DA ALTA PAULISTA LTDA,https://crematoriopet.com.br
SUPER BY ANNE LTDA,https://superby.com
ESTACAO DAS MICANGAS LTDA,https://micangas.com.br
Z Nature Comercial de Cosmeticos e Bijuterias LTDA - 54.990.322/0001-54,https://nature.com.br
SANSONE MANAGEMENT LTDA,https://sansone.io
VAROFLON COMERCIO DE PLASTICOS LTDA,https://varoflon.com.br
ARTESANA DIVISORIAS E FORROS LTDA,https://artesana.com.br
LACLO INDUSTRIA E COMERCIO DE MODA LTDA,https://laclo.com.br
H LOUIS BAXMANN PRODUTOS METALURGICOS LTDA,https://metalurgicos.com.br
FARMACIA O ARTIFICE LTDA,https://artifice.com.br
QBEN COSMETICA LTDA,https://qbencosmetica.com.br
ANALISTA BRASIL COMERCIO DE ARTIGOS PARA LABORATORIOS LTDA,https://analistabrasil.com.br
PULSE HEALTH & FITNESS SERVICOS LTDA,https://pulsehealthfitness.com
QUALICLIN ALPHA SAUDE ATENDIMENTO HOSPITAL LTDA,https://qualiclin.com.br
MEDICAL NEWTEC LTDA,https://medical.com.br
PRATA BRASIL JOIAS LTDA,https://pratabrasil.com.br
INDUSTRIAS ANHEMBI LTDA.,https://industrias.com
CLLOVI INDUSTRIA E COMERCIO DE EQUIPAMENTOS PARA ELEVADORES LTDA,https://cllovi.com.br
LARIH MERCURIO COMERCIO DE ARTIGOS DE VESTUARIO LTDA,https://larihmercurio.com.br
MG INFORMATICA E SEGURANCA ELETRONICA LTDA,https://mginformatica.com
IMECE  INDUSTRIA E COMERCIO DE PECAS AGRICOLAS E INDUSTRIAIS LTDA,https://imece.com.br
Afinidades Industria e Comercio LTDA - 55.138.558/0001-20,https://afinidades.com.br
MUNDIALTRACTOR COMERCIO IMPORTACAO E EXPORTACAO LTDA,https://mundialtractor.com.br
MANNEFLON COMERCIO DE VEDACOES LTDA,https://manneflon.com.br
MOVEIS HANS LTDA,https://moveishans.com.br
NH FERRAMENTAS LTDA,https://ferramentas.com.br
SIMETRIA COMPLETA COMERCIO ONLINE LTDA.,https://simetriacompleta.com.br
MARI MARIS COMERCIO DE ROUPAS E ACESSORIOS LTDA,https://maris.com
FORTE COSMETICOS LTDA,https://fortecosmeticos.com
EMPAPELADOS LTDA,https://empapelados.com.br
BEIRA ALTA COSMETICOS LTDA,https://beiraalta.com.br
FUTURE NUTRITION LTDA,https://future-nutrition.com
QUEEN GALVANICA LTDA,https://queengalvanica.com.br
VHF RADIO COMUNICACOES COMERCIAL LTDA,https://vhfradio.com
LOGOS EDITORA LTDA.,https://logoseditora.com.br
TOMAZZI COMERCIO DE ROUPAS E ACESSORIOS LTDA,https://tomazzi.com.br
INNOVA PHARMA FARMACIA DE MANIPULACAO LTDA,https://innovapharma.com.br
CASTRO MORAES NEGOCIOS DIGITAIS LTDA,https://castro.com.br
C. T. BITENCOURT LTDA,https://bitencourt.com
DEAL CARDS LTDA,https://dealcards.com.br
USO E-COMMERCE LTDA,https://commerce.net.br
EMPRESA DE TRANSPORTES ANDORINHA SA,https://empresa.net.br
LEG GYM VAREJO ONLINE LTDA,https://leggym.com.br
JCP FASHION COMPANY LTDA,https://fashioncompany.com.br
CYANN INDUSTRIAL E COMERCIAL LTDA,https://cyann.com.br
L. A. PALADINI  CIA LTDA,https://paladini.com
MIKIT KITS MEDICOS PERSONALIZADOS LTDA,https://personalizados.com.br
DEBUTEEN LTDA,https://debuteen.com.br
TURMALINA COMERCIO DE BIJUTERIAS LTDA,https://turmalina.tech
ADERENTIS IND COM E FAC DE ROUPAS LTDA,https://comfac.com
TOTALMIX SUPRIMENTOS LTDA,https://totalmix.com.br
FARMAMED DROGARIA LTDA,https://farmamed.com.br
M. S. LINHARES LTDA,https://linhares.com.br
CONSTRUTORA ITAJAI LTDA,https://construtoraitajai.com.br
ESTATEC INDUSTRIA E COMERCIO LTDA,https://estatec.com
EXPAK EXPORTADORA E IMPORTADORA LTDA,https://expak.com.br
STARTECNO SOLUCOES EM TECNOLOGIA E CONECTIVIDADE LTDA,https://startecno.com.br
UNIVAL INDUSTRIA E COMERCIO DE VALVULAS E ACESSORIOS INDUSTRIAIS LTDA,https://unival.net.br
FORMOTEX INDUSTRIA E COMERCIO DE CONFECCOES LTDA,https://formotex.com.br
DREAM SHOES & BAGS LTDA,https://shoesbags.com
ROMARIO SELAU DA SILVA LTDA,https://romario.com.br
ESTTER INDUSTRIA E COMERCIO DE VESTUARIO LTDA,https://estter.com
SALGA CLOTHING LTDA,https://clothing.com.br
BAD SPORTS LTDA,https://bad-sports.com
VML NEGOCIOS DIGITAIS LTDA,https://digitais.net.br
PALL DO BRASIL LTDA,https://pallbrasil.com.br
AROMAX INDUSTRIA E COMERCIO LTDA,https://aromax.com.br
LONDON CALLING LTDA,https://london-calling.com
FABRICA DE MAQUINAS COPLING LTDA,https://fabrica.com.br
LOCK DOOR COMERCIO DE UTILIDADES LTDA,https://utilidades.com.br
MAXICOM EQUIPAMENTOS ELETRONICOS LTDA,https://maxicom.com.br
JOHWA BEAUTY COMERCIO E MARKETING EMPRESARIAL LTDA,https://johwabeauty.com.br
SERVMAR SERVICOS TECNICOS AMBIENTAIS LTDA.,https://ambientais.com.br
FOUR ONE INDUSTRIA E COMERCIO LTDA,https://fourone.com.br
SSM SMARTS SOLUTION LTDA,https://smartssolution.com
C. A. SILVA RIOS  COMERCIO DE FERRAGENS E FERRAMENTAS LTDA,https://ferramentas.com.br
RED  TERAPIA DE LUZ VERMELHA E INFRAVERMELHA LTDA,https://redterapia.com
MAGAZINE BRASILEIRO DISTRIBUIDORA E IMPORTADORA LTDA,https://brasileiro.org.br
APOLO JOIAS LTDA,https://apolo.com.br
BRIGHT COMERCIAL ELETRONICOS LTDA,https://bright.com
CONSTRUVEW ARTEFADOS DE VIDRO E MATERIAL DE CONSTRUCAO LTDA,https://construcao.com.br
SOLGUARA BRECHO LTDA,https://brecho.com.br
SILKSMAQ INDUSTRIA E COMERCIO LTDA,https://silksmaq.com.br
NZ BRAZIL SPORTS LTDA,https://nzbrazil.com.br
Delicada Joju Modas & Cia LTDA - 55.844.842/0001-11,https://000111.com
"HOSPITAL, PRONTO SOCORRO E MATERNIDADE SAO JOSE LTDA",https://hospital.net.br
NOROTECH ELETRONICOS COMERCIO LTDA,https://norotech.com
SZ MARKETPLACE IMPORTACOES LTDA,https://importacoes.com.br
ACT  SISTEMAS HIDRAULICOS LTDA,https://actsistemas.com.br
ESPECTRO INDUSTRIA E COMERCIO DE PRODUTOS ERGONOMICOS LTDA,https://espectro.com.br
TUV SUD SFDK LABORATORIO DE ANALISE DE PRODUTOS LTDA,https://tuvsud.com.br
DURAO COMERCIO DE ROLAMENTOS LTDA,https://duraorolamentos.com.br
IEA  INSTITUTO EDUCACIONAL AVANCAR LTDA,https://avancar.com.br
"CASA AFFONSO JOIAS, RELOGIOS E PRESENTES LTDA",https://presentes.com.br
METRE MIX LTDA,https://metremix.com.br
SINTONIA SHOP LTDA,https://sintonia.tech
ALESSANDRA AYALA COM LTDA,https://alessandraayala.com
LUBONONI CERAMICAS LTDA,https://lubononi.com.br
HOSPITAL SAO LUCAS SA,https://hospital.net.br
Florita Joias LTDA,https://floritajoias.com.br
APTA BIOTECH IMPORTACAO E COMERCIO DE PRODUTOS PARA LABORATORIO LTDA,https://aptabiotech.com.br
HORSELION INDUSTRIA E COMERCIO DE EQUIPAMENTOS VETERINARIOS LTDA,https://equipamentosveterinarios.com.br
ORVALHO DO SOL INDUSTRIA E COMERCIO LTDA,https://orvalho.com
BLIM BLIM COMERCIO DE FERRAGENS LTDA,https://blimblim.com
CENTERLAB CENTRAL DE LABORATORIOS LTDA,https://central.net.br
ROCIO STUDIO LTDA,https://rociostudio.com
BF SAUDE E BEM ESTAR LTDA,https://bemestar.com
RISTY INDUSTRIA E COMERCIO LTDA,https://risty.com.br
SANTA CRUZ INDUSTRIA E COMERCIO LTDA,https://santacruz.com.br
PIZA CONFECCOES LTDA,https://pizaconfeccoes.com.br
MAKK PARTS COMERCIO LTDA,https://makkparts.com.br
POWER FEST ARTIGOS PARA FESTAS LTDA,https://powerfest.com.br
DELICATE LTDA,https://delicate.com.br
PATRICIA FONTANIVE DESIGN LTDA,https://patricia.com.br
CELLS LTDA,https://cells.com.br
PREVIDENT ASSISTENCIA ODONTOLOGICA S.A.,https://assistenciaodontologica.com.br
TEXCONTROL EQUIPAMENTOS E CONTROLES DE QUALIDADE LTDA,https://texcontrol.com.br
LIFE PRODUTOS NATURAIS E NEGOCIOS LTDA,https://negocios.com.br
LEDS ONE BRASIL LTDA,https://onebrasil.com.br
IKARA INDUSTRIA E COMERCIO LTDA,https://ikara.com.br
CM TRADING LTDA,https://cmtrading.com
K. L. S. RAMOS ECOMMERCE LTDA,https://ecommerce.net.br
POLIFRIGOR INDUSTRIA E COMERCIO DE ALIMENTOS LTDA,https://alimentos.com.br
GOIANIA PARTS DIESEL LTDA,https://partsdiesel.com.br
SOFT METAIS LTDA,https://softmetais.com.br
BORGES & BRITO COSMETICOS E PERFUMARIA LTDA,https://borgesbrito.com.br
VT MEDICINA LTDA,https://medicina.net.br
"FLORIO INDUSTRIA, COMERCIO, IMPORTACAO E EXPORTACAO LTDA.",https://florio.org.br
TRAVAGIN  TRAVAGIN LTDA,https://travagin.com.br
CASA DAS ENGRENAGENS E CORRENTES LTDA,https://correntes.com.br
DIAMANTE E FERRARI SUPLEMENTOS LTDA,https://suplementos.com.br
PERFECT VISION COMERCIO DE ARTIGOS PARA ESCRITORIO LTDA,https://perfectvision.com.br
"CAMPOS, DORINI  CIA. LTDA",https://dorini.com.br
ALEMAO AUTOPECAS LTDA,https://alemaoautopecas.com.br
BEAUTY DREAMS COSMETICA LTDA,https://cosmetica.com.br
EMBRAMACO EMPRESA BRASILEIRA DE MATERIAIS PARA CONSTRUCAO  SA,https://embramaco.com.br
MAGGI PASSIONE LTDA,https://maggi.com.br
SINDICATO DOS SERVIDORES MUNICIPAIS DE ARARAQUARA E REGIAO (SISMAR),https://sindicatoservidores.com.br
APL  ASSESSORIA E PUBLICIDADE LEGAL LTDA.,https://publicidadelegal.com.br
SUPLEMIND SAUDE NATURAL LTDA,https://saudenatural.com.br
STEEL KNIFE INDUSTRIA E COMERCIO LTDA,https://steelknife.com.br
MEGA FEIRAO MODAS LTDA,https://megafeirao.com.br
"DEARO  DEARO INDUSTRIA,COMERCIO E RECONDICIONAMENTO DE PECAS DIESEL LTDA",https://diesel.com.br
SINHORELLI MODAS LTDA,https://sinhorelli.com.br
"SINDICATO DAS INDUSTRIAS DE PRODUTOS CERAMICOS DE LOUCA DE PO DE PEDRA, PORCELANA E DA LOUCA DE BARRO DE PORTO FERREIRA",https://sindicato.com.br
BUNTECH TECNOLOGIA EM INSUMOS LTDA.,https://buntech.com.br
ASSOCIACAO EVANGELICA LITERARIA PENDAO REAL,https://pendaoreal.com.br
FANIA COMERCIO E INDUSTRIA DE PECAS LTDA.,https://fania.com.br
WEINBERGER INDUSTRIA E COMERCIO DE ESCOVAS LTDA,https://weinberger.com.br
DELFIM COMERCIO E INDUSTRIA LTDA,https://delfim.com.br
BRASEQ BRASILEIRA DE EQUIPAMENTOS LTDA,https://braseq.com.br
CONDUVOX TELEMATICA LTDA,https://conduvox.com.br
BG PROD PARA MAQ DE EMBAL LTDA,https://bgprod.com
MOREIRA ROBERTO TRANSPORTE LTDA,https://roberto.net.br
FAADI WEAR LTDA,https://faadi.com.br
RC COMERCIO E TRADING LTDA,https://trading.com
CLAUTEC ELETRONICA LTDA,https://clautec.com.br
SB GALLERY LTDA,https://sbgallery.com
SAMUKA SUSPENSOES LTDA,https://suspensoes.com.br
NUTRIVIDA COMERCIO DE PRODUTOS NATURAIS & COSMETICOS LTDA,https://nutrividanaturais.com.br
CIRURGICA STORE  COMERCIO VAREJISTA DE ARTIGOS MEDICOS E HOSPITALARES LTDA,https://cirurgicastore.com.br
EMBALABOR INDUSTRIA E COMERCIO LTDA.,https://embalabor.com.br
"DISRUPTY TECNOLOGIA, SERVICOS E PAGAMENTOS LTDA",https://disrupty.com.br
CONAUT CONTROLES AUTOMATIZADOS LTDA,https://conaut.com.br
SEMIJOIAS ONLINE LTDA,https://semijoias.com.br
PLURITEC INDUSTRIA E COMERCIO DE MAQUINAS LTDA,https://pluritec.com
R. V. DE SOUSA COMERCIO DE COSMETICOS LTDA,https://cosmeticos.com.br
FENIX ACESSORIOS LTDA,https://fenix.com.br
MONTECARLO DISTRIBUIDORA DE AUTO PECAS LTDA,https://montecarloauto.com
COM MENDES MENDES LTDA,https://mendesmendes.com.br
CARDOSO INDUSTRIA E COMERCIO DE PLASTICOS LTDA,https://cardosoplasticos.com.br
HOSPITAL E MATERNIDADE DR CHRISTOVAO DA GAMA S A,https://hospital.net.br
RSP ETIQUETAS LTDA,https://rspetiquetas.com.br
MPF SKIN SOLUTIONS LTDA,https://skinsolutions.com
KEENY COMERCIO LTDA,https://keeny.com
MEL MODAS LTDA,https://melmodas.com.br
IZ COSMETICS LTDA,https://izcosmetics.com.br
SOVRANAH DIVA ROUPA DE SEDA E PURO LINHO ITALIANO LTDA,https://sovranahdiva.com.br
CEMEF ENGENHARIA LTDA,https://cemef-engenharia.com.br
FUNDACAO SANTO ANDRE,https://santoandre.com
TOTALENERGIES MARKETING SERVICES BRASIL LUBRIFICANTES LTDA,https://totalenergies.com.br
AZ EDITORA DO BRASIL LTDA,https://editorabrasil.com.br
BIO SANTOS FARMACIA E MANIPULACAO LTDA,https://biosantos.com.br
CG EQUIPAMENTOS LTDA,https://cgequipamentos.com.br
KASSIANE THAYNA DIGITAL HUB LTDA,https://digitalhub.com.br
ROSSET ARTES GRAFICAS E EDITORA S.A,https://rosset.com.br
A.R.S.  INDUSTRIA E COMERCIO DE PARAFUSOS E FERRAGENS LTDA,https://ferragens.com.br
CAFECITO CAFETERIA E TORREFACAO DE CAFE LTDA,https://cafecito.com.br
MOTRON INDUSTRIA DE MOTORES REDUTORES LTDA,https://motron.com.br
MD SHOP ONLINE LTDA,https://md-online.com
EVER GREEN INDUSTRIA E COMERCIO LTDA,https://ever-green.com
MALHA EXPRESS LTDA,https://malhaexpress.com
DOIS IRMAOS COMERCIO DE MAQUINAS LTDA,https://doisirmaos.com.br
MFV COMPANY LTDA,https://mfvcompany.com
SINDICATO DE TRABALHADORES EM SERVICOS DE SEGURANCA E VIGILANCIA DE RIBEIRAO PRETO E REGIAO,https://sindicato.com.br
O2 INVESTIMENTOS LTDA,https://investimentos.com.br
"ROCHA, LEITE, POPOLI E MOREIRA SOCIEDADE DE ADVOGADOS",https://sociedadeadvogados.com.br
CASTELLA INDUSTRIA DE ALIMENTOS LTDA,https://alimentos.com.br
RAC COMPONENTES ELETRONICOS LTDA,https://componenteseletronicos.com.br
FILTERINTER ENTERPRISES LTDA,https://filterinter.com.br
TEC GRAF INDUSTRIA E COMERCIO DE FACAS LTDA,https://tecgraf.com.br
PINHAIS ARTIGOS ESPORTIVOS LTDA,https://pinhais.net.br
"VALLAIR AIRFLUID BOMBAS, COMPRESSORES, INSTRUMENTACAO E VALVULAS LTDA",https://vallair.com.br
THULU COMERCIO DE VESTUARIOS LTDA,https://thulu.io
ESCRITORIO CARVALHAES REPRESENTACOES LTDA,https://escritoriocarvalhaes.com.br
ETHEREAL LTDA,https://ethereal.io
SFR E-COMMERCE LTDA,https://commerce.net.br
KOSMOS DECORACOES LTDA,https://kosmos.com.br
ORTOPEDIA GONZALEZ LTDA,https://ortopediagonzalez.com.br
FARMACIA CENTER FORMULA LTDA,https://farmaciacenter.com
EF VIAGENS E TURISMO LTDA,https://turismo.gov.br
CACTUS TECNOLOGIA LTDA,https://cactus.com.br
LA PLANCHETTA BRASIL LTDA,https://laplanchetta.com.br
ALIMED TEC TECNOLOGIA INSTRUMENTAL IND E COM LTDA,https://alimedtec.com.br
POWER WATTS RESISTENCIAS LTDA,https://powerwattsresistencias.com
IBERIA INDUSTRIA DE EMBALAGENS LTDA. EM RECUPERACAO JUDICIAL,https://iberiaembalagens.com.br
IN NATURA INDUSTRIA DE ALIMENTOS LTDA,https://innatura.com.br
"ATEC COMERCIO, IMPORTACAO E REPRESENTACAO LTDA",https://representacao.com.br
HUHU IMPORTS LTDA,https://huhuimports.com.br
JOIAS CARUSO COMERCIAL LTDA,https://caruso.com.br
VINCI LABORATORIO MEDICO LTDA,https://vinci.com.br
WIDIAFER COMERCIO E IMPORTACAO DE FERRAMENTAS LTDA,https://ferramentas.com.br
BANCO VOLVO (BRASIL) S.A,https://bancovolvo.com.br
FABRICO COMERCIO E DESENVOLVIMENTO LTDA,https://fabrico.io
RTI AUTOMACAO  COMERCIO E INSTALACOES LTDA,https://rtiautomacao.com.br
LIAISON BUSINESS LTDA,https://liaisonbusiness.com
DICOMPEL INDUSTRIA E COMERCIO LTDA,https://dicompel.com.br
CHEZ LA MER COMERCIO DE ACESSORIOS LTDA,https://chezlamer.com.br
D.A ACESSIBILIDADE E ENGENHARIA LTDA,https://acessibilidade.net.br
"SIEMACO  ABC  SIND EMPR EMPR DE PREST DE SERV ASSEIO E CONS,LIMP URB.E MANUT A.V. PUB E PRIV DE S.B.C.,D,S.C.S,S.A.,M.,R.P.E R.G.S.",https://siemacoabc.com.br
D&#39;JULIAN ECOMMERCE LTDA,https://39julian.com
SERVIMEX LOGISTICA LTDA,https://servimex.com.br
MABE SERVICOS GRAFICOS LTDA,https://graficos.com.br
ECOCITY SP LTDA,https://ecocity.com.br
INDAIA LOGISTICA INTERNACIONAL LTDA,https://indaialogistica.com
"WPA AMBIENTAL INDUSTRIA, COMERCIO E SERVICOS LTDA",https://wpaambiental.com.br
OKUMURA COLECOES LTDA,https://okumuracolecoes.com.br
MONSTERVOX INDUSTRIA E COMERCIO LTDA,https://monstervox.com
BANDEIRANTES DEICMAR LOGISTICA INTEGRADA S.A,https://bandeirantesdeicmar.com.br
RAT ACADEMY LTDA,https://academy.com.br
CELKES TECNOLOGIA DA INFORMACAO LTDA,https://informacao.com.br
VAMEDI MEDICAL PROD HOSPITALARES LTDA,https://vamedi.com.br
TEXCOM TEXTIL COMERCIAL LTDA,https://texcomtextil.com.br
CALCADOS ALFA LTDA,https://calcadosalfa.com.br
AGAPE PRODUTOS E SERVICOS LTDA,https://agape.com
PROTENGE EQUIPAMENTOS DE PROTECAO INDIVIDUAL LTDA,https://individual.com.br
BEEFEST ARTIGOS PARA FESTAS LTDA,https://festas.com.br
INSTITUTO SUPERIOR DE EDUCACAO SANTA CECILIA,https://institutosuperior.com.br
SINDICATO DO COMERCIO VAREJISTA DA BAIXADA SANTISTA E DO VALE DO RIBEIRA,https://sindicato.com.br
MP PHARMA HOF DISTRIBUIDORA DE PRODUTOS MEDICOS LTDA,https://mppharmahof.com.br
VISAOTEK COMERCIO DE PRODUTOS OTICOS LTDA,https://visaotek.com.br
MARRI INDUSTRIA E COMERCIO DE MOVEIS LTDA,https://moveis.com.br
TERESA GUERRA CONFECCOES LTDA,https://teresaguerra.com
COOPERATIVA DE CREDITO MUTUO DOS EMPREGADOS DA MAXION  CREDMAXION,https://credmaxion.com.br
EVERFIT LTDA,https://everfit.com
FRETEQ INTERMEDIACAO LOGISTICA LTDA,https://freteq.com.br
MBL IND E COM DE ARTIGOS DO VESTUARIO IMPORTACAO E EXPORTACAO LTDA,https://mblind.com
TRANSWOLFF TRANSPORTES E TURISMO LTDA,https://turismo.gov.br
TEXTIL LEITAO LTDA,https://textilleitao.com.br
INCO RUBBER PRODUTOS DE BORRACHA LTDA,https://borracha.org.br
ELIANA APARECIDA SIMOES MARQUES E FILHO LTDA,https://marquesfilho.com.br
Martim Co Art Visual LTDA,https://artvisual.com.br
SIND DOS TRAB DO SERVICO PUBLICO MUNICIPAL DE CAMPINAS,https://sindtrab.com.br
PRIME COLLECTION BRASIL LTDA,https://primecollectionbrasil.com.br
INSTITUTO MOREIRA SALLES,https://institutomoreira.com.br
EDITORA HOLY FAMILY LTDA,https://editoraholy.com
INSTITUTO CULTURAL ITALO BRASILEIRO,https://institutocultural.com
ASSECONT CONTABILIDADE LTDA,https://contabilidade.com.br
CATARINA STORE LTDA,https://catarinastore.com
EMPRESA PAULISTA DE EMBALAGENS AGROINDUSTRIAIS LTDA,https://empresapaulista.com.br
WIMPEL EQUIPAMENTOS LTDA,https://wimpel.com.br
EFFLAB SOLUCOES DIGITAIS LTDA,https://digitais.net.br
A M SEQUINATTO GESTAO ADMINISTRATIVA LTDA,https://gestaoadministrativa.com
ANCORADOURO REPRESENTACOES E TURISMO LTDA,https://ancoradouro.com.br
ARTHI COMERCIAL LTDA,https://arthi.com.br
COMERCIO DE FERRAGENS PIRES MARTINS IMPORTACAO E EXPORTACAO LTDA.,https://piresmartins.com.br
LELE PETIT ALGODAO DOCE LTDA,https://lelepetit.com
TAUGI MODAS LTDA,https://taugi.com
BRIONI SEMIJOIAS LTDA,https://brionisemijoias.com.br
REDFAX INDUSTRIA E COMERCIO LTDA,https://redfax.com.br
NOVATEC EDITORA LTDA,https://novateceditora.com.br
TIMAGE INDUSTRIA COMERCIO DE COSMETICOS LTDA,https://cosmeticos.com.br
NUTRI VITTA SUPLEMENTOS LTDA,https://nutrivitta.com.br
CLAUS HOME PERSONALIZADOS LTDA,https://personalizados.com.br
BANCO FIBRA SA,https://bancofibra.com.br
HUNTINGTON IBIRAPUERA CENTRO DE MEDICINA,https://huntington.com.br
TUDO PARA ESTETICISTA I LTDA,https://esteticista.net.br
TELEINFO COMERCIO E SERVICOS DE TELEINFORMATICA LTDA,https://teleinfo.com.br
WOLER INDUSTRIA E COMERCIO LTDA,https://woler.com.br
RESPIRA VITA LTDA,https://respiravita.com.br
MAYBEE COMERCIO DO VESTUARIO LTDA,https://maybee.com.br
GCA COMERCIO DE TECIDOS SAO PAULO LTDA,https://tecidos.com.br
QUALICAR RETIFICA DE MOTORES LTDA,https://retificamotores.com
POWER CREEP CARD GAMES LTDA,https://powercreep.io
NICAWE INDUSTRIA E COMERCIO DE LAMPADAS LTDA,https://nicawe.com.br
MARQDIESEL OFFROAD COMERCIO E DISTRIBUICAO DE AUTO PECAS LTDA,https://marqdiesel.com.br
MATRIX TERMOPLASTICOS LTDA,https://matrix.com
OTICA TERCEIRA VISAO 01 LTDA,https://oticaterceiravisao.com.br
BRUNO FERREIRA MMSHOP LTDA,https://brunoferreira.com.br
PRO COR INDUSTRIALIZACAO DE PIGMENTOS LTDA,https://procor.org.br
MONTANNA DISTRIBUIDORA DE MOTO PECAS LTDA,https://montanna.com.br
POTENZA ENG E CONSTRUCAO LTDA,https://construcao.com.br
MEDITEQ COMERCIAL LTDA,https://mediteq.com.br
JOOBA COMERCIO DE ROUPAS E CALCADOS LTDA,https://jooba.com.br
A CASA DAS FONTES E TRANSFORMADORES LTDA,https://casafontes.com
MACIEL PARTS IMPORT E EXP LTDA,https://macielparts.com.br
LN PACK SUPRIMENTOS PARA EMBALAGENS LTDA,https://lnpack.com.br
CONCEPTA INGREDIENTES LTDA,https://concepta.com.br
PREGUICA DORMINHOCA LTDA,https://preguicadorminhoca.com.br
MUNICIPIO DE SAO LOURENCO DA SERRA,https://municipio.net.br
AGRONIL AGROPECUARIA NOVA INVERNADA SA,https://agronil.com.br
AGRO  FISHING LTDA,https://agrofishing.com.br
NATURES FUNGHI LTDA,https://natures.com
INCLOF CONCEPT STUDIO LTDA,https://studio.com.br
CELIA R. AIELLO LTDA,https://aiello.com.br
SEGPLAST INDUSTRIA E COM DE EMBALAGENS PLASTICAS LTDA,https://segplast.com.br
PERSONALIZO COMERCIO DE CHINELOS LTDA,https://personalizochinelos.com.br
FARAT CAFE EXPRESSO E SERVICOS LTDA.,https://faratcafe.com.br
ELLEVEN FITNESS LTDA,https://elleven.com.br
TECNOTRAFO IND E COM IMPORTACAO E EXPORTACAO LTDA,https://tecnotrafo.com.br
FACAS VELDRI LTDA,https://facasveldri.com.br
SOCINTEC INSTRUMENTOS DE MEDICAO LTDA,https://socintec.com.br
NL BONES LTDA,https://nlbones.com.br
NILPEL INDUSTRIA E COMERCIO DE PAPEIS LTDA,https://nilpel.com.br
NIG INDUSTRIA DE BRINQUEDOS LTDA,https://nigbrinquedos.com.br
MOTOCAR PARANA LTDA,https://motocar.com.br
FARMACIA MONTE ALEGRE LTDA,https://farmaciamontealegre.com.br
ULIANA INDUSTRIA METALURGICA LIMITADA,https://uliana.com.br
TEKOWA VITTA ECOMMERCE LTDA,https://ecommerce.net.br
INJEX INDUSTRIAS CIRURGICAS LTDA,https://cirurgicas.com.br
NOVIDA UTILIDADES LTDA,https://novidautilidades.com.br
DIAMBRA SUPERABRASIVOS LTDA.,https://superabrasivos.com.br
COLHEITA COMERCIO DE BRINDES LTDA,https://brindes.com.br
GULLIVER MANUFATURA DE BRINQUEDOS  EM RECUPERACAO JUDICIAL LTDA,https://recuperacaojudicial.com.br
ALVES E MONTEIRO ECOMMERCE LTDA,https://alvesmonteiro.com.br
PROT-MED EQUIPAMENTOS DE PROTECAO INDIVIDUAL LTDA,https://protmed.com.br
MARRY MONTAN INDUSTRIA E COMERCIO DE ARTIGOS ARTESANAIS LTDA,https://marrymontan.com.br
BRASCONTROL INDUSTRIA E COMERCIO LTDA,https://brascontrol.com.br
RAYFLEX PORTAS FLEXIVEIS LTDA,https://rayflex.com.br
NATURE MUNDO DA PRATA LTDA,https://nature.com.br
STAR PRODUCTIONS LTDA,https://starproductions.com
RITECH ATACADO DE PRODUTOS ELETRONICOS LTDA,https://ritechatacado.com.br
NATU ALL ALIMENTOS NUTRICIONAIS E DIETETICOS LTDA,https://natuall.com
INDUSTRIA PONTAL DO SAL LTDA,https://pontal.com.br
AUTO POSTO SERTANEJO DE ANDRADINA LTDA,https://autoposto.com
CENTRO AUTOMOTIVO CART LTDA.,https://centroautomotivo.com
DENTAL PIX MATERIAIS ODONTO LTDA,https://dentalpix.tech
LUANA MANUTENCAO E PECAS NAUTICA LTDA,https://manutencaonautica.com.br
RUBI CEREJA JOIAS LTDA,https://cerejajoias.com
NOSSO CABIDE BAZAR COMERCIO DE ROUPAS E ACESSORIOS LTDA,https://nossocabide.com.br
FARMACIA NOSSA SENHORA DO ROSARIO LTDA,https://farmacianossa.com.br
DECAL LINE COMERCIO E PRESTACAO DE SERVICOS DE SILK SCREEN LTDA,https://decalline.com.br
BISPHARMA EMBALAGENS LTDA,https://bispharma.com.br
RAMARK INDUSTRIA E COMERCIO LTDA,https://ramark.com.br
LV TELECOM COM DE EQUIP LTDA,https://lvtelecom.com.br
ELIANA INDUSTRIA E COMERCIO DE DECALCOMANIAS LTDA,https://elianadecalcomanias.com.br
PAULIMAC BRASIL CARTUCHOS LTDA,https://paulimac.com.br
ATIQUE INDUSTRIA DE MOVEIS LTDA,https://moveis.com.br
MARIAS DECOR ARTIGOS DE DECORACAO LTDA,https://decoracao.com.br
COMERCIAL POLIMAR LTDA,https://polimar.com.br
SEDER INDUSTRIA E COMERCIO DE MOVEIS LTDA,https://moveis.com.br
SINDICATO DOS CONTABILISTAS DE BIRIGUI,https://sindicatocontabilistas.org.br
R. CASTRO SILVA COMERCIO E SERVICOS LTDA,https://castrosilva.com.br
RIO ANTIGO LEILOES LTDA,https://rioantigoleiloes.com.br
MS ROUPAS ECOMMERCE LTDA,https://msecommerce.com
SOS MICROS COMERCIO INFORMATICA LTDA,https://sosmicros.com.br
LIDERUSI  INDUSTRIA E COMERCIO DE PECAS GRAFICAS LTDA,https://liderusi.com.br
CUIDADO ESSENCIAL LTDA,https://cuidadoessencial.com.br
APEX NUTRITION LTDA,https://apexnutrition.com.br
CLUBE VINHOS NACIONAIS LTDA,https://vinhosnacionais.com.br
SANTA CASA DE MISERICORDIA HOSPITAL SAO VICENTE,https://santacasa.org.br
BLUE OCEAN AMERICA LATINA LTDA,https://blueocean.com.br
PROMTEC ETIQUETAS E ROTULOS  LTDA.,https://rotulos.com.br
TRADICAO ADMINISTRADORA DE CONSORCIO LTDA.,https://consorcio.com.br
ORTHO RENOVO LTDA,https://ortho.com
HAYAH SOLUTION LTDA,https://hayah.com
SOCIEDADE MUTUARIA RIO PRETO LTDA,https://riopreto.com
XYLEM BRASIL SOLUCOES PARA AGUA LTDA.,https://brasilagua.com.br
MULTI NOX EQUIPAMENTOS PARA RESTAURANTES LTDA,https://restaurantes.com.br
SENTINEL360  SOLUTIONS LTDA,https://sentinel360.com.br
APIARIOS EMBU  CIDADE DAS ABELHAS LTDA,https://apiarios.com.br
TFLEXO COM E REPRES LTDA,https://repres.com.br
MOLISE SERVICOS E CONSTRUCOES LTDA.,https://molise.net.br
AUTORAL DISTRIBUIDORA DE FILMES LTDA,https://autoralfilmes.com.br
G. HENRIQUE DE SOUZA MARTINEZ LTDA,https://henriquesouza.com.br
COOPERATIVA LATICINIOS DE SAO JOSE DOS CAMPOS,https://campos.net.br
POLITI ACADEMY EDITORA E TREINAMENTOS LTDA,https://politiacademy.com.br
HIDROPREV TECNOLOGIA CONTRA INCENDIO LTDA,https://contraincendio.com.br
INSTITUTO DAS PEQUENAS MISSIONARIAS DE MARIA IMACULADA,https://mariaimaculada.com.br
BRAVO DISTRIBUIDORA DE COSMETICOS LTDA,https://cosmeticos.com.br
A J MEDICAMENTOS HOSPITALAR LTDA,https://medicamentos.com.br
CENTERSYSTEM INDUSTRIA E COMERCIO LTDA,https://centersystem.com.br
SINDICATO DOS SERVIDORES DA SECRETARIA DA FAZENDA DE SAO PAULO  SINDFESP,https://sindicatoservidores.com.br
ESCOLA DE ULTRASONOGRAFIA RIBEIRAO PRETO LTDA,https://ribeiraopreto.com
EVENTOS R H TRAB TEMP ASSESSORIA E CONSULTORIA LTDA,https://eventos.com.br
AFICIONADO COMERCIO DE ARTIGOS PARA BRINDES E DE DECORACAO LTDA,https://decoracao.com.br
SODEMCO SOC DE EMPREEND E CONST DO OESTE PAULISTA LTDA,https://sodemco.com.br
SILMAR EQUIPAMENTOS E FERRAMENTAS LTDA,https://silmar.com.br
ERITEL TELECOMUNICACOES LTDA,https://eritel.com.br
MISSION BEAUTY COMERCIO LTDA,https://mission.com.br
RETEMBRAS INDUSTRIA E COMERCIO DE BORRACHA LTDA,https://borracha.org.br
PEDRAO PVC MATERIAIS PARA CONSTRUCAO LTDA,https://construcao.com.br
ALIVIRA SAUDE ANIMAL LTDA,https://alivira.com.br
AIHUA COMPLIANCE GROUP LTDA,https://compliancegroup.com
CENTER TOOLS FERRAMENTAS DE CORTE LTDA,https://centertools.com.br
EDITAL LEGAL LTDA,https://editallegal.com.br
NEOPAN DO BRASIL LTDA,https://neopan.com.br
J RAMALHO BOTAS LTDA,https://ramalho.com.br
FARMACIA CENTRAL DE GUARULHOS LTDA,https://farmaciacentral.com
2WAVE LTDA,https://2wave.com.br
TRANSFORMADORES LIDER INDUSTRIA E COMERCIO LTDA,https://transformadoreslider.com.br
H.D. FARMACIA E MANIPULACAO LTDA,https://farmacia-manipulacao.com
INDUSTRIA E COMERCIO TINTA MAGICA LTDA,https://tintamagica.com.br
COOPERATIVA DE CONSUMO DOS TRABALHADORES DA GRANDE SAO PAULO  COOPERGRAN,https://coopergran.com.br
INSTITUTO PAULISTA DE GINECOLOGIA E OBSTETRICIA LTDA.,https://institutopaulista.com.br
J R ARAUJO INDUSTRIA E COMERCIO DE MAQUINAS LTDA,https://araujo.com.br
ALBANY INTERNATIONAL TECIDOS TECNICOS LTDA.,https://albanyinternational.com
BOA SAUDE PRODUTOS NATURAIS ALIMENTICIOS LTDA,https://boasaude.com.br
GERADIESEL COMERCIO E ASSISTENCIA TECNICA LTDA,https://geradiesel.com.br
WILSON RUSSO AUTOPECAS LTDA.,https://wilsonrusso.com.br
AURORA MIDIA DIGITAL LTDA,https://auroramidia.com
COM E IND NACROPLEX LTDA,https://comind.com
SUPERMERCADO YAMAUCHI LTDA,https://yamauchi.com.br
PASSARELLI ENGENHARIA E CONSTRUCAO LTDA.,https://construcao.com.br
MINERACAO JUNDU LTDA,https://mineracaojundu.com.br
IRMAOS GONCALVES TRANSPORTES LTDA,https://irmaosgoncalves.com.br
TECELAGEM CHUAHY LTDA,https://chuahy.com.br
COMERCIO DE CORTINAS REGIO LTDA,https://cortinas.com
GRAFICA E EDITORA VIP LTDA,https://graficaeditora.com.br
US BRASIL INDUSTRIA E COMERCIO DE ROUPAS LTDA,https://usbrasil.com.br
MEDICAL CIRURGICA LTDA,https://medical.com.br
PLURY QUIMICA LTDA,https://pluryquimica.com.br
TREVISAN FORMULAS INTELIGENTES LTDA,https://trevisan.com.br
COISA LINDA SEMIJOIAS LTDA,https://coisalinda.com.br
EDITORA BATISTA REGULAR DO BRASIL,https://editorabatistaregular.com.br
PROFILI INDUSTRIA DE LAMINAS E ACESSORIOS GRAFICOS LTDA,https://profili.com.br
GO FASHION INDUSTRIA E COMERCIO DE CONFECCOES LTDA,https://gofashion.com.br
ASSESSORIA TECNICA ATENE LIMITADA,https://assessoriatecnica.com.br
DOUGLAS FAGUNDES DE SOUZA COMERCIO LTDA,https://douglas.com.br
PRESENTE SEMIJOIAS LTDA,https://semijoias.com.br
J P ACESSORIOS E COSMETICOS LTDA,https://cosmeticos.com.br
GOPE INSTRUMENTOS MUSICAIS LTDA,https://instrumentosmusicais.com.br
JOVACELI INDUSTRIA DE CALCADOS E ARTEFATOS DE COURO LTDA,https://jovaceli.com.br
BY ENGENHARIA IMPORTACAO E EXPORTACAO LTDA,https://byengenharia.com.br
GENTILE ETIQUETAS LTDA,https://gentileetiquetas.com.br
IMPORTACAO E COMERCIO VISITEX LIMITADA,https://visitex.com
EXPERTISE COMERCIAL LTDA.,https://expertise.com.br
SERVINOVA ENGENHARIA LTDA,https://servinova.com.br
ROCCA COMERCIO E IMPORTACAO DE PRESENTES LTDA,https://presentes.com.br
VISICOM OPTICAL LTDA,https://optical.com.br
ORBAN EMPREENDIMENTOS IMOBILIARIOS E ADMINISTRACAO LTDA,https://orban.com.br
ASTEN  CIA LTDA,https://asten.com.br
SOPETRA ROLAMENTOS E PECAS LTDA,https://sopetra.com.br
SOEDRAL SOCIEDADE ELETRICA HIDRAULICA LTDA,https://soedral.com.br
FREIOS BRUNACCI LTDA,https://brunacci.com.br
METALURGICA SCHADEK LTDA,https://schadek.com.br
ANALION APARELHOS E SENSORES INDUSTRIA E COMERCIO LTDA,https://analion.com.br
VERALLIA BRASIL S.A.,https://verallia.com.br
ABDON AMATTI  CIA LTDA,https://abdon.com
ALTMANN SA IMPORTACAO E COMERCIO,https://altmann.com.br
SUALL INDUSTRIA E COMERCIO LTDA,https://suall.com.br
MAGIA 360 ECOMMERCE LTDA,https://magia360.com
DAVID LEITE MAQUETES LTDA,https://davidleite.com
LIBERTAD COMERCIAL E SERVICOS LTDA,https://libertad.com.br
LINHAS SETTA LTDA,https://linhas.com.br
ABREUTUR VIAGENS E TURISMO LTDA,https://abreutur.com.br
PUREFY - BIOTECNOLOGIA EM NUTRICAO LTDA,https://purefy.com.br
ASSOCIACAO CONGREGACAO DE SANTA CATARINA,https://santacatarina.com.br
Territorium Brasil Press Kits LTDA,https://territoriumbrasil.com.br
NISSIN FOODS DO BRASIL LTDA,https://nissinfoods.com
WAJOTA IMOBILIARIA LTDA,https://wajota.com.br
REALTEX ARTIGOS ESPORTIVOS LTDA,https://realtex.com.br
MAX ESTHETICS DISTRIBUIDORA LTDA,https://maxesthetics.com.br
SINDICATO DAS INDUS GRAFICAS EST DE SAO PAULO SINDIGRAF,https://sindicato.com.br
CAMARA DE COM ITALIANA DE SAO PAULO IT,https://camaracom.com.br
NOVA TECNICA INDUSTRIA E COMERCIO DE EQUIPAMENTOS PARA LABORATORIO LTDA,https://novatecnica.com.br
SAMUEL CARVALHO IMOV E ADM S S LTDA,https://samuelcarvalho.com.br
OLIBOR BORRACHAS E RETENTORES LTDA,https://olibor.com.br
INDUSTRIA E COMERCIO DE GAXETAS E ANEIS 230 LTDA,https://gaxetas.com.br
TECNICA INDUSTRIAL OSWALDO FILIZOLA LTDA,https://oswaldofilizola.com.br
ARMARINHOS SANTA CECILIA LTDA,https://santacecilia.com.br
ORION S.A.,https://orion.com.br
MARINGA FERROLIGA S.A,https://maringa.com
EMPORIO SYRIO LTDA,https://emporiosyrio.com.br
SEVEN SYSTEM INTERNATIONAL COMERCIO E SISTEMAS LTDA,https://seveninternational.com
VOLCAFE LTDA,https://volcafe.com.br
SOCIEDADE IMPORTADORA AGRO ASSAI LTDA,https://agroassai.com.br
MIMO TOYS DO BRASIL INDUSTRIA E COMERCIO DE BRINQUEDOS LTDA,https://brasilbrinquedos.com.br
DIERBERGER OLEOS ESSENCIAIS SA,https://dierberger.com.br
METALURGICA ROA INDUSTRIA E COMERCIO DE FOGOES LTDA,https://metalurgica.com.br
ORTOPRATIKA INDUSTRIA E COMERCIO LTDA,https://ortopratika.com.br
GRAFICA CINELANDIA LTDA,https://graficacinelandia.com.br
OLEAK INDUSTRIA E COMERCIO LTDA,https://oleak.com.br
FEPPA MODA FEMININA LTDA,https://modafeminina.com.br
IRMAOS VITALE EDITORES LTDA,https://editores.com.br
ANSELMO SALINAS COMERCIO DE COMPONENTES ELETRONICOS LTDA,https://anselmo.com.br
INDIAO STORE LTDA,https://indiaostore.com.br
METALURGICA SCHIOPPA LTDA,https://metalurgica.com.br
SULAMERICANA INDUSTRIA E COMERCIO LTDA,https://sulamericana.com.br
O.FILIZZOLA  CIA LTDA,https://filizzola.com.br
DR. OETKER BRASIL LTDA.,https://droetker.com.br
CEIME  COMERCIO E METROLOGIA LTDA,https://metrologia.org.br
"AGROSYSTEM INDUSTRIA, COMERCIO, IMPORTACAO E EXPORTACAO LTDA",https://agrosystem.com.br
B. D. ZENLLER INDUSTRIA E COMERCIO DE PRODUTOS METALICOS E CERAMICOS LTDA,https://ceramicos.com.br
JOSE GUILHERME LIMA VERNILLO & CIA SERVICOS DIGITAIS LTDA,https://joseguilherme.net.br
MOBENSANI INDUSTRIAL E AUTOMOTIVA LTDA.,https://mobensani.com.br
MAZZAFERRO IND. E COM. DE PRODUTOS PARA PESCA SA,https://compesca.com.br
TATSI COMERCIO DE ROUPAS E ACESSORIOS LTDA,https://tatsi.com.br
PROGERAL INDUSTRIA DE ARTEFATOS PLASTICOS LTDA,https://progeral.net.br
BRILHAR HOME DECOR LTDA,https://brilharhomedecor.com.br
CELTA LAYKORT COMERCIAL LTDA,https://celta.com
METALURGICA ANTUNES LTDA,https://metalurgica.com.br
GONCALVES SALLES S A INDUSTRIA E COMERCIO,https://goncalves.com.br
MEREJE BRAZIL INDUSTRIA DE METALURGIA DE PRECISAO LTDA.,https://precisao.net.br
ARGENTA JOIAS LTDA,https://argentajoias.com
SMART BRASIL ASSESSORIA DE COMUNICACAO LTDA.,https://assessoriacomunicacao.com.br
NOVA AMERICA AGRICOLA LTDA,https://americaagricola.com.br
IMEFER INDUSTRIAL E MERCANTIL DE FERRAGENS LTDA,https://ferragens.com.br
MATEBO INDUSTRIA E COMERCIO LTDA,https://matebo.com.br
MERSEN DO BRASIL LTDA.,https://mersen.com.br
ELECTRO PLASTIC LTDA EM RECUPERACAO JUDICIAL,https://electroplastic.com.br
LA MADRE COMERCIO VAREJISTA LTDA,https://lamadre.com.br
BIOGENZ COMERCIO DE PRODUTOS DE SAUDE E BELEZA LTDA,https://biogenz.com.br
BELZAG MOTOPARTS LTDA,https://belzag.com.br
INDUSTRIAS BRASILEIRAS DE ARTIGOS REFRATARIOS  IBAR  LTDA,https://industriasbrasileiras.com
C. YAMASHITA INDUSTRIA DE PECAS AUTOMOTIVAS LTDA,https://yamashita.com.br
PITER PAN INDUSTRIA E COMERCIO LTDA,https://piterpan.com
SEICO SERVICO INTERNACIONAL DE COMERCIO LTDA,https://internacional.com.br
PROMAX PRODUTOS MAXIMOS S A INDUSTRIA E COMERCIO,https://promax.com.br
VR MOTORES LTDA,https://vrmotores.com.br
PROVAR COMERCIAL LTDA,https://provar.com
ESCRITORIO ALMEIDA LEITE LTDA,https://escritorioalmeida.com.br
INDUSTRIA DE TAPETES BRASIL LIMITADA,https://tapetesbrasil.com.br
TECHINT ENGENHARIA E CONSTRUCAO SA,https://construcao.com.br
AKWAVITA SAUDE INTEGRAL LTDA,https://akwavita.com.br
EDITORA CENTRAL DE CONCURSOS LTDA,https://centralconcursos.com.br
INSTITUTO DE ENGENHARIA,https://instituto.io
SERVICO SOCIAL DA CONSTRUCAO CIVIL DO ESTADO DE SAO PAULO - SECONCI-SP,https://seconcisp.com
DANCE POR JESUS COMERCIO VAREJISTA DE PRODUTOS DIVERSOS LTDA,https://danceporjesus.com.br
SPDM  ASSOCIACAO PAULISTA PARA O DESENVOLVIMENTO DA MEDICINA,https://medicina.net.br
GEMAAGENCIA DE VIAGENS E TURISMO LTDA,https://turismo.gov.br
BARASCH SYLMAR INDUSTRIA METALURGICA LTDA,https://barasch.com.br
CASA DOS FILTROS COMERCIO LTDA,https://casafiltros.com.br
LAPTOP SEMI JOIAS LTDA,https://semijoias.com.br
CASA DOS PARAFUSOS E CORREIAS J B LTDA,https://casaparafusos.com.br
EMPORIO DAS MAQUINAS RIO PRETO LTDA,https://riopreto.com
BEMFIXA INDUSTRIAL LTDA,https://bemfixa.com.br
HB INSTITUTO LTDA,https://hbinstituto.com.br
HOSPITAL DE CLINICAS ANTONIO AFONSO LTDA.,https://hospital.net.br
INDEMIL INDUSTRIA E COMERCIO SA,https://indemil.com.br
LTGC ALIMENTOS LTDA,https://alimentos.com.br
MARTIN ENGINEERING LTDA,https://martinengineering.com
DI PALMA TECIDOS LTDA,https://dipalmatecidos.com.br
MARCOS SIMADA TAKAMURA COSMETICA LTDA,https://marcos.com.br
CAKTUS CONCEITO PERSONALIZADOS LTDA,https://caktus.com.br
POLIPISO DO BRASIL LTDA.,https://polipiso.com.br
MASTER FREIGHT TRANSPORTES INTERNACIONAIS LTDA,https://masterfreight.com.br
ETIQUETAS FERREIRA LTDA,https://etiquetasferreira.com.br
PW HIDROPNEUMATICA LTDA,https://hidropneumatica.com.br
PATRICIA FRASSETTO COMERCIO DE ARTIGOS DO VESTUARIO LTDA,https://patricia.com.br
ASSOCIACAO ESCOLA SUICOBRASILEIRA,https://escola.com
SOLDEMAR MOLAS INDUSTRIAIS LTDA,https://soldemarmolas.com.br
PLATFORM COMERCIO DE PECAS LTDA,https://platform.io
DANFOSS DO BRASIL INDUSTRIA E COMERCIO LTDA,https://danfoss.com.br
VRASALON INDUSTRIA E COMERCIO LTDA,https://vrasalon.com.br
MAXTEC ASSISTENCIA TECNICA E AUTOMACAO LTDA,https://tecnicaautomacao.com.br
HUMANITAS FARMACIA DE MANIPULACAO LTDA,https://manipulacao.com.br
ASSOCIACAO SANTO AGOSTINHO ASA,https://santoagostinho.com.br
BAMBU LA BLU 3D LTDA,https://bambula.com
THOMRISS EMBALAGENS PLASTICAS LTDA,https://thomriss.com.br
MELODY TEXTIL LTDA,https://melody.com
GRECO  GUERREIRO LTDA,https://greco.com.br
CENTRO DE ALIMENTOS LTDA,https://alimentos.com.br
NEWTEX COMERCIO DE ARTIGOS PARA DECORACAO LTDA,https://decoracao.com.br
M B COMERCIO DE FERRAMENTAS LTDA,https://ferramentas.com.br
T Toledo Pinheiro Consultoria LTDA,https://toledopinheiro.com.br
IMC COMERCIO E SERVICOS DE AROMATIZACAO E DECORACAO LTDA,https://decoracao.com.br
REVITEC COMERCIO DE PRODUTOS ELETROMECANICOS LTDA,https://revitec.com.br
DANKIA AUTOMACAO HOSPITALAR LTDA.,https://dankia.com.br
CENTRO ESPIRITUALISTA LUZ DE UM NOVO TEMPO,https://centroespiritualista.com.br
INTERMEDICI PIRACICABA ASSISTENCIA MEDICA LTDA,https://assistenciamedica.com.br
COMERCIAL DELTA PONTO CERTO LTDA,https://pontocerto.com.br
VARANDA FRUTAS E MERCEARIA LTDA,https://varanda.com.br
BARZEL COMERCIO E IMPORTACAO LTDA,https://barzel.com.br
MAROL PISCINAS PRODUTOS QUIMICOS LTDA,https://marolpiscinas.com.br
KONECTA VEDACOES INDUSTRIAIS LTDA,https://konectavedacoes.com.br
ATAMED INDUSTRIA E COMERCIO SOCIEDADE UNIPESSOAL LTDA,https://atamed.com.br
REED7 COMERCIAL LTDA,https://reed7.com.br
SANTECPARTS COMERCIAL LTDA,https://santecparts.com.br
PLASTECNO INDUSTRIA E COMERCIO DE PLASTICOS INDUSTRIAIS LTDA,https://plastecno.com.br
ASSOCIACAO DOS FUNCIONARIOS DA POLICIA CIVIL DO EST SP,https://funcionarios.com.br
POTECHI JOIAS LTDA,https://potechi.com.br
INTERCARGO DE FRANCA AGENC.CARGAS P IMP.E EXP. LTDA,https://intercargofranca.com
SARLO INDUSTRIA E COMERCIO DE PLASTICOS LTDA,https://sarloplasticos.com.br
BRANDASSI ARTEFATOS DE BORRACHA LTDA,https://borracha.org.br
M.G.S. ELETRONICA LTDA,https://eletronica.com
HAWAII GRAFICA E EDITORA LTDA,https://hawaiigrafica.com.br
DUAL COMP  COMERCIO E DISTRIBUICAO DE PRODUTOS ELETRONICOS E INFORMATICA LTDA.,https://dualcomp.com.br
ASSOCIACAO INSTITUTO MISSIONARIO,https://instituto.io
MAGAZINE AU BOTTIER LTDA,https://aubottier.com.br
ADETECH PRODUTOS ELETROMECANICOS LTDA,https://adetech.com.br
Envio Facil Pro LTDA,https://enviofacil.com.br
FERMO CALCADOS LTDA,https://fermocalcados.com.br
ACACIA ALFAIAS CONFECCOES LTDA,https://acaciaalfaias.com.br
IRMAOS GALEAZI LTDA,https://irmaos.com
SINDICATO DOS DESPACHANTES DOCUMENTALISTAS NO ESTADO DE SAO PAULO,https://sindicato.com.br
POLOAR COMERCIO DE PECAS E REPRESENTACOES LTDA,https://poloar.com.br
INSTITUTO BRASILEIRO DE CONTROLE DO CANCER,https://institutobrasileiro.com.br
TREVAO RIO PRETOCOMERCIO DE PECAS LTDA,https://trevao.com.br
COMBREK DISTRIBUIDORA DE AUTO PECAS E SERVICOS LTDA,https://combrek.com.br
ELETRICA MARMOTA LTDA,https://marmota.com.br
METALVET MOVEIS VETERINARIOS LTDA,https://metalvet.com.br
AKITEC INDUSTRIA E COMERCIO DE COLETORES LTDA,https://akitec.com
TEXTIL IRMAOS KACHANI LTDA,https://kachani.com.br
TURBO ENVIO LTDA,https://turboenvio.com.br
CLICK FRETE LTDA,https://click.tech
CEARA DIESEL SA,https://cearadiesel.com.br
FORTES TECNOLOGIA EM SISTEMAS LTDA,https://fortes.com
PL OTICA LTDA,https://plotica.io
LOCAVEL SERVICOS LTDA,https://locavel.com.br
FEINKOST INDUSTRIA E COMERCIO DE ALIMENTOS LTDA,https://alimentos.com.br
TOLEDO  PERONDINI LTDA,https://toledo.com
A RIGOR  COMERCIO E REPRESENTACOES LTDA.,https://rigor.com.br
ABASE COMERCIO E REPRESENTACOES LTDA,https://abase.org.br
SEMAPI SERVICOS LTDA,https://semapi.com.br
VICERI SEIDOR TECNOLOGIA LTDA.,https://viceri.com.br
QUEEN NUT INDUSTRIA E COMERCIO DE ALIMENTOS LTDA,https://alimentos.com.br
TAKEMOTO FOTO E PAPELARIA LTDA,https://takemoto.com.br
AEROMODELLI LTDA,https://aeromodelli.com.br
J N MOURA INFORMATICA LTDA,https://moura.com.br
RINEN  INDUSTRIA E COMERCIO DE PRODUTOS QUIMICOS LTDA.,https://rinen.com.br
SIG COMERCIO DE FERRAGENS E FERRAMENTAS DIAMANTADAS LTDA,https://ferramentasdiamantadas.com
SOMA NUTRICAO ANIMAL INDUSTRIA E COMERCIO LTDA,https://somanutricaoanimal.com.br
HC MATERIAL MEDICO CIRURGICO LTDA,https://hcmaterial.com
SERIANA LTDA,https://seriana.com.br
FERRANTE E REBELLO LTDA,https://ferrante.com.br
FARMACIA ESPECIALIZADA BOSELLI LTDA,https://boselli.com.br
GLOBOVET QUIMICA E VETERINARIA LTDA,https://globovet.com.br
CAMPIOLO  CAMPIOLO LTDA,https://campiolo.com
C R BRUNER INDUSTRIA E COMERCIO LTDA.,https://bruner.com.br
REDOMMA COMERCIO E REPRESENTACAO LTDA,https://representacao.com.br
IPANEMA INDUSTRIA DE PRODUTOS VETERINARIOS LTDA,https://ipanema.com
CEDASA INDUSTRIA E COMERCIO DE PISOS LTDA,https://cedasa.com.br
CLINICA MULT IMAGEM LTDA,https://multimagem.com
CAPITAL EXPRESS MERCANTIL LTDA,https://capitalexpress.io
MAGMA SUPER ABRASIVOS LTDA,https://magmasuperabrasivos.com.br
AVIFAG COMERCIAL LTDA,https://avifag.com.br
JEDMETAIS INDUSTRIA E COMERCIO LTDA,https://jedmetais.com.br
ERREPX NEGOCIOS DIGITAIS LTDA,https://digitais.net.br
IMPERIO DAS CORREIAS LTDA,https://correias.com.br
OXIQUIMICA AGROCIENCIA LTDA,https://oxiquimicaagrociencia.com.br
AMERIPAN PRODUTOS PARA PANIFICACAO LTDA,https://panificacao.com.br
GOLD SKILL BIJUTERIAS LTDA,https://goldskill.com.br
EVER LIGHT IND. E COM. LTDA,https://everlight.com.br
NUMISMATICA NEVES LTDA,https://numismaticaneves.com.br
ILTEC COMERCIAL ELETROMECANICA LTDA,https://iltec.com.br
HOMEOPATIA MAGNA MATER PRODUTOS NATURAIS LTDA,https://homeopatia.com.br
PONTO DE VISTA INDUSTRIA E COMERCIO LTDA,https://ponto.com
LIMIAR ESTUDOS E PROJETOS LTDA.,https://limiar.org.br
TAVARES OLIVEIRA & MARTINS LTDA,https://oliveiramartins.com.br
MULTFOCO IMPORTACAO E COMERCIO DE PRODUTOS OPTICOS LTDA,https://opticos.com.br
FABRIPLAST INDUSTRIA E COMERCIO DE PLASTICOS LTDA,https://fabriplast.com.br
BROOD CHOCADEIRA INDUSTRIA COMERCIO E EXPORTACAO LTDA,https://chocadeira.com.br
SIGMA PHOENIX COMERCIAL LTDA,https://sigmaphoenix.com.br
STALOBAURU MOBILIARIO ESCOLAR LTDA,https://escolar.com.br
LENERGIE ALPHA SERVICOS DE ALIMENTACAO LTDA,https://alimentacao.org.br
IPMI  INSTITUTO PAULISTA DE MEDICINA INTEGRATIVA LTDA.,https://integrativa.com.br
TECNISYSTEM INDUSTRIAL DO BRASIL LTDA,https://tecnisystem.io
INDUSTRIA E COMERCIO DE CALCADOS TOSCAFER LTDA,https://toscafer.com.br
AMARELO ANIL TINTAS LTDA,https://amarelo.com.br
MARTFER COMERCIO DE FERRAMENTAS LTDA,https://ferramentas.com.br
ASTERIO COMERCIO DE PECAS LTDA,https://asterio.com
MOLAS PIRACICABA  INDUSTRIA E COMERCIO LTDA.,https://molaspiracicaba.com.br
MENTA MAQUINAS AGRICOLAS LTDA.,https://menta.com.br
JORAMA ARTIGOS ESPORTIVOS LTDA,https://jorama.com
VECTOR SISTEMAS DE AUTOMACAO LTDA,https://vectorsistemas.com.br
MUNICIPIO DE MARAPOAMA,https://municipio.net.br
BASEQUIMICA S.A.,https://basequimica.com
VIEIRA LAMINAS COMERCIO DE MADEIRAS LTDA,https://vieiralaminas.com.br
R.C.O.  SITI MAQUINAS E EQUIPAMENTOS LTDA EM RECUPERACAO JUDICIAL,https://recuperacaojudicial.com.br
RSA COM DE EQUIPAMENTOS PARA INSTRUMENTACAO LTDA,https://rsacom.com
LUMEN QUIMICA LTDA,https://lumenquimica.com.br
VEDER DO BRASIL LTDA,https://veder.com.br
STAR FLASH IND E COM DE PRODUTOS QUIMICOS LTDA,https://starflash.com.br
SPRINTER RECURSOS HUMANOS LTDA,https://sprinter.com.br
FARMACIA DE MANIPULACAO FLORA MEDICINAL DO GUARUJA LTDA,https://guaruja.com.br
STYLE BRAZIL INDUSTRIA  IMPORTACAO E EXPORTACAO DE TAPETES E AFINS LTDA,https://stylebrazil.com.br
DENSER COMERCIO DE EQUIPAMENTOS DE MOVIMENTACAO DE CARGAS LTDA,https://cargas.com.br
LEME ARMAZENS GERAIS LTDA,https://lemearmazens.com.br
STOC METAIS SANITARIOS LTDA,https://stocmetais.com.br
ESTAMPARIA A G LTDA,https://estamparia.com.br
ROLIM SOM IND E COM DE INSTRUMENTOS MUSICAIS LTDA,https://rolimsom.com.br
RAPIDO ALEM PARAIBA LTDA,https://rapidoalemparaiba.com.br
MUNICIPIO DE IPABA,https://municipio.net.br
HOMEOPATIA CHAMOMILLA LTDA,https://chamomilla.com.br
CALCADOS ADDAN LTDA,https://addan.com.br
SANTA INOCENCIA CONFECCOES LTDA,https://santainocencia.com
ASSOCIACAO POLICIAL DE ASSISTENCIA A SAUDE DE BOTUCATU,https://botucatu.com.br
CENTRO DE ESTUDOS E PESQUISAS DR JOAO AM,https://centro.com.br
AGROSOLO BAURU AGROPECUARIA LTDA,https://agrosolo.com.br
FARMACIA HOMEOPHARMA LTDA,https://homeopharma.com.br
DMS BRASIL INFORMATICA LTDA,https://dmsbrasil.com.br
ENDODERME FORMULAS MAGISTRAIS LTDA,https://endoderme.com.br
MALTUS ACESSORIOS E PAINEIS LTDA,https://paineis.com.br
BIOACCUS COMERCIO DE PRODUTOS TERAPEUTICOS LTDA,https://bioaccus.com.br
ORANGE BUSINESS SERVICES BRASIL LTDA.,https://orange.com.br
SUHAI SEGURANCA PESSOAL LTDA,https://suhaiseguranca.com.br
IRMAOS DALANEZE LTDA,https://irmaos.com
CHIVILS VEDACOES LTDA,https://vedacoes.net.br
ELLAS ONLINE SM COMERCIO DE CALCADOS LTDA,https://ellasonline.com.br
RS CAFE LTDA,https://rscafe.com.br
PROLIFE EQUIPAMENTOS MEDICOS LTDA,https://prolife.com.br
CABOS GOLDEN AUDIO  VIDEO LTDA,https://cabosgolden.com.br
BARRIELLI CONFECCOES LTDA,https://barrielli.com.br
NEW FARMA  FARMACIA DE MANIPULACAO LTDA.,https://newfarma.com.br
"MANESCO, RAMIRES, PEREZ, AZEVEDO MARQUES  SOCIEDADE DE ADVOGADOS.",https://manesco.com.br
GENERALL IN PROTECTION VIGILANCIA LTDA.,https://generall.com.br
DTP COMUNICACAO VISUAL LTDA,https://comunicacaovisual.net.br
"PARATY FRETAMENTO, TURISMO E TRANSPORTE LTDA.",https://paraty.com.br
VIVA PDV COMUNICACAO VISUAL LTDA,https://visual.com.br
T.OFFICIAL JEANS CONFECCOES LTDA,https://official.net.br
PERFORTEX INDUSTRIA DE RECOBRIMENTO DE SUPERFICIE LTDA,https://perfortex.com.br
RODIP INDUSTRIA E COMERCIO DE AUTO PECAS LTDA,https://rodip.com.br
SINCOPAR SINDICATO DO COMERCIO VAREJISTA DA REGIAO DE SAO JOSE DO RIO PARDO,https://sincopar.com.br
EDITORA BAHAI DO BRASIL,https://editorabahai.com
ACCURATE SOFTWARE LTDA,https://accurate.com.br
SYNCHRO SISTEMAS DE INFORMACAO LTDA,https://synchro.com.br
SCIENTIA  ARTE PHARMACIA DE MANIPULACAO LTDA,https://manipulacao.com.br
REDE DE DISTRIBUICAO ZEFERINO LTDA,https://redezeferino.com.br
HP EMBALAGENS INDUSTRIA E COMERCIO LTDA.,https://hpembalagens.com.br
TATON COM. DE SUPRIMENTOS E ASSIST. TECNICA LTDA,https://tecnica.com.br
PCTEC SOLUCOES EM INFORMATICA LTDA .,https://pctecinformatica.com
BANDEIRA TRANSPORTE DE CARGAS LTDA,https://cargas.com.br
APLASTEC PLASTICOS TECNICOS LTDA,https://aplastec.com.br
BIOARTE  FARMACIA DE MANIPULACAO LTDA,https://manipulacao.com.br
2A BRASIL COMERCIO E SERVICOS LTDA,https://2abrasil.com.br
THE GRACES JOIAS LTDA,https://thegraces.com.br
HIGH CHEM COMERCIO E INDUSTRIA DE PRODUTOS QUIMICOS LTDA,https://highchem.com.br
EVERLY ACESSORIOS INFANTIS LTDA,https://everly.com.br
BHAGAVAN STORE LTDA,https://bhagavanstore.com
ROBERTO CARLOS LUCATELLI & CIA LTDA,https://robertocarlos.com
FERC METAL SOLUCOES EM USINAGEM LTDA.,https://fercmetal.com.br
AYUMI SUPERMERCADOS LTDA,https://ayumisupermercados.com.br
SICOLI INDUSTRIA E COMERCIO DE MAQUINAS LTDA,https://sicoli.com.br
J  J INFORMACOES COMERCIAIS LTDA,https://informacoescomerciais.com.br
PRISMA COMERCIO DE VARIEDADES LTDA,https://prismavariedades.com
INDALFA PLASTICOS LTDA,https://indalfa.com.br
COPLAS INDUSTRIA DE PLASTICOS LTDA,https://coplas.com.br
MUDRAS COMERCIAL E INDUSTRIAL LTDA,https://mudras.com.br
MELO COMERCIO E REPRESENTACAO LTDA,https://melorepresentacao.com.br
DELINEAR CLICHERIA LTDA,https://delinear.com.br
PONTO QUATRO ARTIGOS DE ILUMINACAO LTDA,https://pontoquatro.com.br
FREZADORA ZAMBONI LTDA,https://zamboni.com.br
RIO PRETO FARMACIA DE MANIPULACAO LTDA,https://riopreto.tech
VITALIS PHARMACIA DE MANIPULACAO LTDA,https://manipulacao.com.br
SINDICATO INTERESTADUAL DO COMERCIO DE LUBRIFICANTES,https://sindicato.com.br
CEIMIC NUCLEO TECNICO OPERACIONAL DE SERVICOS ANALITICOS LTDA,https://analiticos.com.br
MUNICIPIO DE ENGENHEIRO COELHO,https://coelho.com.br
SINDICATO DOS EMPREGADOS E TRABALHADORES EM TURISMO E HOSPITALIDADE DE JUNDIAI E REGIAO,https://sindicato.com.br
PAIVA COMERCIO EXTERIOR LTDA,https://paiva.tech
COMERCIAL PROMOLIMP LTDA,https://promolimp.com.br
"SADDI CENTERCOMERCIO,IMPORTACAO E EXPORTACAO LTDA",https://saddi.com.br
FRIGOL S.A.,https://frigol.com.br
BIOSET INDUSTRIA DE TECNOLOGIA ELETRONICA LTDA,https://bioset.com.br
VASTIN INDUSTRIA DE VALVULAS LTDA,https://vastinvalvulas.com.br
AFONSO FRANCA CONSTRUCOES E COMERCIO LTDA,https://afonsofranca.com.br
DOM BOSCO GRAFICA E RELEVO LTDA,https://dombosco.br
HOSPITAL ANA COSTA SA,https://anacosta.com.br
BEATRICE  COMERCIO IMPORTACAO E EXPORTACAO DE AMENDOIM LTDA,https://beatrice.com
CONFECCOES ZARREF LTDA,https://zarref.com.br
O REI DAS ALIANCAS LTDA,https://aliancas.com.br
WHITE SOLDER LTDA,https://whitesolder.com.br
RJ LIMEIRA INDUSTRIA E COMERCIO LTDA,https://rjlimeira.com.br
EDITORA AUTORES ASSOCIADOS LTDA,https://autoresassociados.com.br
EQUILATI  EQUIPAMENTOS LTDA,https://equilati.com.br
NATUVITA FARMACIA DE MANIPULACAO LTDA,https://natuvita.com.br
MEDICAR EMERGENCIAS MEDICAS LTDA,https://medicaremergencias.com.br
ELETRO METALURGICA BRUM LTDA,https://eletro.org.br
NEW SOFT INFORMATICA LIMEIRA LTDA,https://newsoft.com.br
PRAXIS COMERCIO E REPRESENTACOES COMERCIAIS LTDA,https://praxis.com.br
DEFAR COMERCIAL LTDA,https://defar.com.br
ALUMINAS MOVEIS LTDA,https://moveis.com.br
IVONETTE ARTIGOS PARA PRESENTES LTDA,https://presentes.com.br
PLAMER PLANO MEDICO RESENDE LTDA,https://plamer.com.br
SIND DOS EMPREG EM ESTAB DE SERVICOS DE SAUDE DO RJ,https://sauderj.com
"D.D.F. INDUSTRIA, DISTRIBUIDORA E DEPOSITO DAS FABRICAS LTDA",https://deposito.com
BIG AMERICAN COMERCIO E INDUSTRIA LTDA,https://bigamerican.com.br
BRUNITEC  MAQUINAS E FERRAMENTAS DE BRUNIR LTDA,https://brunitec.com.br
DISPAFILM DO BRASIL LTDA,https://dispafilm.com.br
G 7 GRAFICA E EDITORA LTDA,https://graficaeditora.com.br
MN IMPORTACAO EXPORTACAO E COMERCIO DE SUPRIMENTOS TERAPEUTICOS E DE REABILITACAO LTDA,https://mnsuprimentos.com.br
BRASFORNO INDUSTRIA E COMERCIO LTDA,https://brasforno.com.br
FAGRON TECHNOLOGIES LTDA,https://fagron.com.br
ENIND ENGENHARIA E CONSTRUCAO LTDA,https://enind.com.br
GTA ELETRONICA LTDA,https://gtaeletronica.com.br
MICROCENTER TELEINFORMATICA COMERCIO E REPRES LTDA,https://repres.com.br
CINCO CIRURGICA COMERCIO DE PRODUTOS HOSPITALARES LTDA,https://cincocirurgica.com.br
FARMACIA HOMEOPATICA ALBUQUERQUE LINS LTDA,https://albuquerquelins.com.br
ROYALSTAR DO BRASIL INDUSTRIA E COMERCIO DE COMPONENTES MECANICOS LTDA,https://royalstar.com.br
VALEXCELL IND E COM ELETROELETRONICOS LTDA,https://valexcell.com.br
SINDICATO DAS SOCIEDADES DE FOMENTO MERCANTIL  FACTORING DO ESTADO DE SAO PAULO,https://sindicato.com.br
FRELITH LTDA,https://frelith.com.br
TECNODENT INDUSTRIA E COMERCIO LTDA,https://tecnodent.com
Casa do Sindico Ce LTDA - 69.354.124/0001-71,https://casasindico.com.br
NUTERAL INDUSTRIA DE FORMULACOES NUTRICIONAIS LTDA,https://nutricionais.com.br
DIVINA DISTRIBUIDORA DE VITAMINAS NATURAIS LTDA,https://divina.com.br
DEL RAYSSA INDUSTRIA E COMERCIO LTDA,https://delrayssa.com.br
SAFRA SAO FRANCISCO ASSISTENCIA FUNERARIA LTDA,https://assistenciafuneraria.com.br
J.LEMARA EMPREENDIMENTOS E CONSTRUCOES LTDA.,https://lemara.com.br
SELARIA IRMAOS ANDRADE LTDA,https://selariairmaosandrade.com.br
DIAMED LATINO AMERICA S.A,https://latinoamerica.com.br
ITALY LINE FERRAGENS LTDA,https://italyline.com.br
DISPARADA TECIDOS LTDA,https://tecidos.com.br
GASCOM EQUIPAMENTOS INDUSTRIAIS LTDA,https://gascom.com.br
FITASSUL COMERCIO DISTRIBUICAO E MATERIAL DE SEGURANCA LTDA,https://fitassul.com.br
FUNCHAL LTDA,https://funchal.com.br
CENTRO AUTOMOTIVO SO ALFA LTDA,https://soalfa.com.br
BRASIL MINAS UNIFORMES PROFISSIONAIS LTDA,https://brasilminas.com
ORBITAL PRODUTOS PARA LABORATORIOS LTDA,https://orbital.com.br
FENOMENA INDUSTRIA E COMERCIO DE CALCADOS LTDA,https://fenomena.com
COLEGIO ALBERT SABIN LTDA,https://albertsabin.com.br
RETRAK COMERCIO E REPRESENTACOES DE MAQUINAS LTDA,https://retrak.com.br
SELF CONTROL COMERCIO LTDA,https://self-control.com
MALUMI INDUSTRIA E COMERCIO LTDA,https://malumi.com.br
CELIFLEX INDUSTRIA DE COLCHOES LTDA,https://celiflex.com.br
RIOPRELUSTRES ARTEFATOS DE ALUMINIO E METAL LTDA,https://aluminiometal.com.br
MERCURY INDUSTRIA E COMERCIO LTDA,https://mercury.io
CETEC  EQUIPAMENTOS PARA LABORATORIO LTDA.,https://cetec.com
A. B. CARTER BRASIL LTDA,https://carterbrasil.com.br
ARMAZEM MOTO PECAS LTDA,https://armazem.tech
MR E R INDUSTRIA BIO MECANICA LTDA,https://biomecanica.com.br
BENI CAR COMERCIO IMPORTACAO E VEICULOS LTDA,https://benicar.com.br
LAGOINHA COMERCIAL DE VEICULOS IMPORTACAO E EXPORTACAO SA,https://lagoinhaveiculos.com.br
GDS IND. COM. DE FERRAMENTAS DE CORTE E SIMILARES LTDA,https://gdsind.com
F M SOROCABA ELETRONICA INSTRUMENTACAO LTDA,https://sorocaba.com.br
"BEISEL USINAGEM, ESTAMPARIA E FERRAMENTARIA LTDA",https://beisel.com.br
WITTE  COMERCIO E SERVICOS GRAFICOS LTDA.  EM RECUPERACAO JUDICIAL,https://recuperacaojudicial.com.br
JEYTECH INDUSTRIA TECNOLOGIA E INOVACAO LTDA,https://jeytech.com.br
HOBBY MANIA COMERCIO E MONTAGEM DE ALBUNS FOTOGRAFICOS LTDA,https://hobbymania.com.br
ARCA  INDUSTRIA E COMERCIO IMPORTACAO E EXPORTACAO DE RETENTORES LTDA.,https://arcaretentores.com.br
WATER FLOWER INDUSTRIA E COMERCIO LTDA,https://water-flower.com
ELLENCO CONSTRUCOES LTDA,https://ellenco.com.br
ERITON MOTOS LTDA,https://eritonmotos.com.br
BENTA BIEL ACESSORIOS LTDA,https://bentabiel.com.br
EDITORA OPET LTDA,https://editoraopet.com.br
STUTTGART IMPORTACAO E DISTRIBUICAO LTDA,https://stuttgart.com.br
ACQUA GELATA INDUSTRIA E COMERCIO DE APARELHOS DE REFRIGERACAO LTDA,https://acquagelata.com.br
ACCESS COMERCIO IMPORTACAO E EXPORTACAO LTDA,https://access.com
SCHERMAN CONFECCOES LTDA,https://scherman.com.br
PALTERM INDUSTRIA E COMERCIO LTDA,https://palterm.com.br
JUNTALIMA INDUSTRIA E COMERCIO DE AUTO PECAS LTDA,https://juntalima.com.br
GONEL INDUSTRIA E COMERCIO LTDA,https://gonel.com.br
EUROQUADROS INDUSTRIA IMPORTACAO E EXPORTACAO LTDA,https://euroquadros.com.br
BRASILUX TINTAS TECNICAS LTDA,https://brasilux.com.br
SUNS ACESSORIOS E PECAS PARA AUTOS LTDA,https://sunsautos.com
THK BRASIL INDUSTRIA E COMERCIO LTDA,https://thkbrasil.com.br
ORVALHO FARMACIA DE MANIPULACAO LTDA,https://manipulacao.com.br
N.FERRAZ BENEFICIAMENTOS DE METAIS LTDA,https://ferraz.com.br
RUFLAV COMERCIO DE PECAS LTDA,https://ruflav.com
VIADUTO SOLUCOES LOGISTICAS S.A.,https://logisticas.com.br
KADARFIT INDUSTRIA E COMERCIO LTDA,https://kadarfit.com.br
ESPHERATEC TECNOLOGIA EM SEGURANCA LTDA,https://espheratec.com
COMPUART DE SERTAOZINHO INDUSTRIA E COMERCIO LTDA,https://sertaozinho.com.br
INTERPRISE INSTRUMENTOS ANALITICOS LTDA,https://interprise.com.br
PARTNER AGENCIAMENTO DE CARGAS LTDA,https://cargas.com.br
SUPERMERCADO PORECATU LTDA,https://supermercado.com
BEAUTY MANIA COMERCIO DE COSMETICOS LTDA,https://beautymania.com
PAULO ROBERTO VOLLET LTDA,https://roberto.com
SUPRIMED COM.DE PRODUTOS ODONTO MEDICO HOSP LTDA,https://suprimed.com.br
MARTINS DE OLIVEIRA  CIA LTDA,https://martinsoliveira.com
CYRELA BRAZIL REALTY S.A. EMPREENDIMENTOS E PARTICIPACOES,https://cyrela.com.br
VALPARAISO INDUSTRIA E COMERCIO DE CONFECCOES LTDA,https://valparaiso.com
COLORGRAF GRAFICA EDITORA LTDA,https://colorgraf.com.br
MARCELO PINHO MACHADO  CIA LTDA,https://marcelo.com.br
ASSOCIACAO BENEFICENTE DOS MILITARES ESTADUAIS DE SANTA CATARINA  ABEPOM,https://beneficente.com.br
INSTITUTO DE TECNOLOGIA E DESENVOLVIMENTO DE MINAS GERAIS LTDA,https://institutodesenvolvimento.com.br
LE LAC VEICULOS SA,https://lacveiculos.com.br
KONTIK FRANSTUR VIAGENS E TURISMO LTDA,https://kontik.com.br
AUGUSTA ALVES IMOVEIS LTDA,https://augustaalves.com.br
GRULLER & CASTRO LTDA,https://castro.com.br
COMERCIO DE ARTIGOS PARA PRESENTES FIGUEIREDO LTDA,https://presentes.com.br
FERNANDO BICICLETAS LTDA,https://fernandobicicletas.com.br
"VISUAL SUPER PRECIFICADORES, SUPRIMENTOS E REPRESENTACOES LTDA",https://visualsuper.com.br
VERITATIS INDUSTRIA E COMERCIO DE CONFECCOES LTDA,https://veritatis.com.br
ROMAZI COMERCIO E INDUSTRIA DE PLASTICOS LTDA,https://romazi.com.br
"IMEST INSTITUTO DE MEDICINA, ENGENHARIA E SEGURANCA DO TRABALHO LTDA",https://trabalho.com.br
FRAGRAM FRAGRANCIAS E PERFUMES DE GRAMADO LTDA,https://fragram.com.br
RIZON INDUSTRIA DE MAQUINAS LTDA,https://rizon.com.br
ARTILLEE CRIACOES EM COURO LTDA,https://artillee.com.br
SULCARBON  INDUSTRIA E COMERCIO DE PECAS SINTERIZADAS LTDA.,https://sulcarbon.com.br
FUNDIAGUA  FUNDACAO DE PREVIDENCIA COMPLEMENTAR,https://previdenciacomplementar.com
HOLDEN CORRETORA DE SEGUROS LTDA,https://holden.com.br
AGROCOMERCIAL AFUBRA LTDA,https://afubra.com.br
PHLORACEAE FARMACIA DE MANIPULACAO LTDA,https://phloraceae.com
ANDREA CASAGRANDE CALOMENO COSTA LTDA,https://andreacasagrande.com
DESK MOVEIS ESCOLARES E PRODUTOS PLASTICOS LTDA,https://deskmoveis.com.br
NOVA CASA DISTRIBUIDORA DE MATERIAIS PARA CONSTRUCAO SA,https://novacasa.net.br
SINTER FUTURA LTDA,https://futura.org.br
DELPAK EMBALAGENS LTDA,https://delpak.com.br
TRANSPORTADORA MONTEMORENSE LTDA,https://montemorense.com.br
SOLVEN SOLVENTES E QUIMICOS LTDA,https://solven.com.br
TERRA BRASILIS COM DE MAT DIDATICO E EDITORA LTDA,https://terrabrasilis.com.br
M.R.BIOMEDICA RIO PRETO LTDA,https://biomedica.com.br
FRIO VALE REFERIGERACAO LTDA,https://friovale.com.br
CONSTRUTORA FONSECA & MERCADANTE LTDA,https://construtorafonseca.com
PRUDENMAX COMERCIAL LTDA,https://prudenmax.com.br
RODRIGO DE OLIVEIRA E MELO FRANCA LTDA,https://rodrigooliveira.com
J.C. DURIGAM COMERCIO DE AUTOPECAS  LTDA,https://durigam.com.br
PAPERCHASE LTDA,https://paperchase.com.br
COMERCIAL 3 ALBE LTDA,https://3albe.com.br
MBT BRASIL  PRODUTOS ORTODONTICOS LTDA,https://mbtbrasil.com.br
MEDRIO COMERCIO E REPRESENTACOES LTDA.,https://medrio.com
PROESTAMP PH SP FERRAMENTAS INDUSTRIAIS LTDA,https://ferramentasindustriais.com
EVEREST LIMEIRA COMERCIAL LTDA,https://limeira.com.br
NEW HORIZON COMERCIAL LTDA,https://newhorizon.com.br
PAU A PIQUE CONFECCOES LTDA,https://paupique.com
FARMA REGGIA FARMACIA DE MANIPULACAO LTDA,https://manipulacao.com.br
STAMACO COMERCIAL IMPORTADORA LTDA,https://stamaco.com.br
NORTH SAILS DO BRASIL IMPORTADORA E EXPORTADORA LTDA,https://northsails.com.br
SERTHA INDUSTRIA E COMERCIO DE BRINDES LTDA,https://brindes.com.br
OPPUS THERMOTECNICAIND E USINAGEM DE PRECISAO LTDA,https://precisao.net.br
NOVO BANCO CONTINENTAL S.A.BANCO MULTIPLO,https://novobanco.com.br
J. CELSO DIAS E CIA LTDA ME,https://celsodias.com
AGROCETE INDUSTRIA DE FERTILIZANTES LTDA,https://agrocete.com.br
EMPRESA HOTELEIRA MABU LTDA,https://empresa.net.br
IMPERMIX COMERCIO DE MATERIAIS DE CONSTRUCAO LTDA,https://impermix.com.br
CONSELHO REGIONAL DE SERVICO SOCIAL CRESS 11 REGIAO PR,https://conselho.com.br
MARTINI MEAT SA ARMAZENS GERAIS,https://armazensgerais.com.br
CAIMAN INDUSTRIA E COMERCIO DE MALHAS LTDA,https://caiman.com.br
CASSOL MATERIAIS DE CONSTRUCAO LTDA,https://construcao.com.br
MUNICIPIO DE SANTA TEREZINHA DE ITAIPU,https://municipio.net.br
MUNICIPIO DE RIBEIRAO CLARO,https://municipio.net.br
MUNICIPIO DE SANTA CRUZ DO MONTE CASTELO,https://castelo.com.br
MUNICIPIO DE PARAISO DO NORTE,https://municipio.net.br
AGRICOLA DALL OGLIO IMPORTACAO E EXPORTACAO LTDA,https://agricola.com.br
MUNICIPIO DE TERRA ROXA,https://terraroxa.com.br
MUNICIPIO DE IPORA,https://municipio.net.br
MUNICIPIO DE BORRAZOPOLIS,https://municipio.net.br
MUNICIPIO DE GRANDES RIOS,https://municipio.net.br
MUNICIPIO DE ASTORGA,https://municipio.net.br
KRAMBECK COMERCIO DE AUTOPECAS LTDA.,https://krambeck.com.br
LYNEL INDUSTRIA TEXTIL LTDA,https://lynel.com.br
MUNICIPIO DE SANTO ANTONIO DO SUDOESTE,https://sudoeste.com.br
GHELERE TRANSPORTES LTDA,https://ghelere.com.br
MUNICIPIO DE MATINHOS,https://matinhos.com.br
MUNICIPIO DE ANTONINA,https://antonina.com.br
EMPRESA AUXILIAR DE SERVICOS GERAIS DO PARANA LTDA,https://empresa.net.br
EUCATUREMPRESA UNIAO CASCAVEL DE TRANSPORTES E TURISMO LTDA,https://cascavelturismo.com
GARANTE  SERVICOS DE APOIO LTDA,https://garante.io
INDUSTRIA METALURGICA PASTRE LTDA,https://pastre.com.br
MUNICIPIO DE RIO BRANCO DO SUL,https://municipio.net.br
MUNICIPIO DE BOCAIUVA DO SUL,https://municipio.net.br
MUNICIPIO DE CERRO AZUL,https://municipio.net.br
MUNICIPIO DE PIRAQUARA,https://municipio.net.br
MUNICIPIO DE CURIUVA,https://municipio.net.br
MUNICIPIO DE RESERVA,https://municipio.net.br
MUNICIPIO DE PITANGA,https://municipio.net.br
MUNICIPIO DE IMBITUVA,https://municipio.net.br
MUNICIPIO DE PORTO AMAZONAS,https://portoamazonas.com
MUNICIPIO DE REALEZA,https://municipio.net.br
MUNICIPIO DE MARECHAL CANDIDO RONDON,https://rondon.com.br
MUNICIPIO DE SAO MIGUEL DO IGUACU,https://municipio.net.br
MUNICIPIO DE ASSIS CHATEAUBRIAND,https://chateaubriand.com.br
MUNICIPIO DE PALOTINA,https://municipio.net.br
MUNICIPIO DE ANDIRA,https://municipio.net.br
MUNICIPIO DE JATAIZINHO,https://municipio.net.br
CIA. IGUACU DE CAFE SOLUVEL,https://cafesoluvel.com.br
MUNICIPIO DE PRESIDENTE CASTELO BRANCO,https://branco.com.br
MUNICIPIO DE PAICANDU,https://municipio.net.br
MUNICIPIO DE SAO JERONIMO DA SERRA,https://municipio.net.br
MUNICIPIO DE ASSAI,https://municipio.net.br
CONSTRUTORA PIACENTINI LTDA,https://construtorapiacentini.com.br
IND E COM DE ALIMENTOS DESIDRATADOS ALCON LTDA,https://indcom.com
POSSAMAI MAQUINAS E EQUIPAMENTOS LTDA,https://possamaimaquinas.com.br
RIZZATTI MALHAS LTDA,https://rizzatti.com
MUNICIPIO DE MARILUZ,https://municipio.net.br
PLONA EQUIPAMENTOS IND DE COMPONENTES MECANICOS LTDA,https://componentesmecanicos.com
HOSPITAL SANTA CRUZ SOCIEDADE ANONIMA,https://hospitalsantacruz.com.br
EXPRESSO AZUL LTDA,https://expressoazul.com.br
BINOTTO S/A LOGISTICA TRANSPORTE E DISTRIBUICAO,https://binotto.com
CIA DE CIMENTO ITAMBE,https://cimentoitambe.com.br
DEL POZO TRANSPORTES RODOVIARIOS LTDA,https://rodoviarios.com.br
METALURGICA CORTESA LTDA,https://cortesa.com.br
GRAFICA E EDITORA 3 DE MAIO LTDA,https://graficaeditora.com.br
MUNICIPIO DE JAGUARIAIVA,https://municipio.net.br
MUNICIPIO DE SENGES,https://municipio.net.br
MUNICIPIO DE SABAUDIA,https://municipio.net.br
MUNICIPIO DE SANTO ANTONIO DA PLATINA,https://platina.com.br
MUNICIPIO DE CORONEL VIVIDA,https://municipio.net.br
MUNICIPIO DE IBAITI,https://municipio.net.br
SULZER PUMPS WASTEWATER BRASIL LTDA,https://sulzerpumps.com
REINALDO DE MELLO  CIA LTDA,https://reinaldo.com.br
SODIVEL HIDRAULICA E VEDACOES LTDA,https://sodivel.com.br
MARIMED SERVICOS MEDICOS SA,https://marimed.com.br
AURORA COMERCIO DE VIDROS E CRISTAIS LTDA,https://auroravidros.com.br
INDUSFRIO INDUSTRIA DE REFRIGERACAO LTDA,https://refrigeracao.com.br
CAMARA MUNICIPAL DE PONTA GROSSA,https://camaramunicipal.com.br
CONSTRUTORA ANDRADE RIBEIRO LTDA,https://construtoraandrade.com.br
SINDICATO RURAL DE GUARAPUAVA,https://sindicatorural.org.br
CONSTRUTORA TRIUNFO SA  EM RECUPERACAO JUDICIAL,https://recuperacaojudicial.com.br
IMA INDUSTRIA E COMERCIO DE FERRAMENTAS LTDA,https://imaferramentas.com.br
INCAVEL ONIBUS E PECAS LTDA,https://incavel.com.br
TRANSPORTADORA VANTROBA LTDA,https://vantroba.com.br
ABRASCORT COMERCIAL IMPORTADORA DE CORRENTES LTDA,https://correntes.com.br
TASCHE INDUSTRIA E COMERCIO DE BOLSAS LTDA,https://tasche.com.br
MUNICIPIO DE GOIOERE,https://municipio.net.br
ASSOCIACAO DOS APOSENTADOS DA PREFEITURA DE CURITIBA,https://prefeituracuritiba.com
BILU INDUSTRIA DE ALIMENTOS LTDA,https://alimentos.com.br
"SINDICATO EMPREG EMPRESAS SEG VIGILANCIA, TRANS VALORES SEG PESSOAL ORGANICA ESC ARMADA AG TATICO E MONIT CURSO FORM ESP VIGI E SIMIL DE CURITIBA E RE",https://sindicato.com.br
LAVITTA ENG CIVIL LTDA,https://engcivil.com
ROCHA  FILHOS LTDA,https://rochafilhos.com
CAMARA MUNICIPAL DE LONDRINA,https://camaramunicipal.com.br
TUTI COUNTRY MODAS LTDA,https://tuticountry.com.br
SISMATEC IND COM DE EQUIPAMENTOS HOSPITALARES LTDA,https://sismatec.com.br
METALE INDUSTRIA COMERCIO E EXPORTACAO DE METAIS LTDA,https://metalemetais.com.br
TRANSZAPE TRANSPORTES RODOVIARIOS LTDA,https://rodoviarios.com.br
L  F COMERCIO E INDUSTRIA DE MOVEIS LTDA,https://moveis.com.br
VIACAO GARCIA LTDA,https://viacaogarcia.com.br
LEAO DIESEL LTDA,https://leaodiesel.com.br
INDUSTRIA E COMERCIO HIDROMAR LTDA,https://hidromar.com.br
INDUSTRIA E COMERCIO DE CALCADOS ALA LTDA,https://calcadosala.com.br
MACROPLASTIC INDUSTRIA E COMERCIO DE EMBALAGENS S.A.,https://macroplastic.com.br
COMERCIAL ELETRICA D Z LTDA,https://eletrica.com.br
JOAOMED COMERCIO DE MATERIAIS CIRURGICOS SA,https://joaomed.com.br
EXOTIC COUROS LTDA,https://exotic.com.br
COSTA TEIXEIRA TRANSPORTES LTDA,https://costateixeira.com.br
INDUSTRIA DE EMBALAGENS PLASTICAS GUARA LTDA,https://embalagensplasticas.com.br
BRULINI INDUSTRIA E COMERCIO DE CONFECCOES LTDA,https://brulini.com.br
APTI ALIMENTOS LTDA,https://alimentos.com.br
AUTO POSTO H TREVISAN LTDA,https://autoposto.com
COCARI  COOPERATIVA AGROPECUARIA E INDUSTRIAL,https://cocari.com.br
SIVALE SINDICATO DAS IND DO VEST DE APUCARANA VALE IVAI,https://sivale.com.br
CONFECCOES MATTRIC LTDA,https://mattric.com.br
AUTO POSTO FARTURA DO IGUACU LTDA,https://autoposto.com
CIRCUIBRAS IND COM DE CIRCUITOS IMP PROFISSIONAIS LTDA,https://circuibras.com.br
DRUGOVICH AUTO PECAS LTDA,https://drugovich.com.br
OPUSMULTIPLA COMUNICACAO INTEGRADA SA,https://comunicacaointegrada.com.br
ASSOCIACAO FRATERNA ARCA DA ALIANCA,https://alianca.com.br
ESTILO ARTEFATOS DE MADEIRAS LTDA,https://estiloartefatos.com.br
GABRIELLA REVESTIMENTOS CERAMICOS LTDA,https://ceramicos.com.br
RAMPINELLI ALIMENTOS LTDA,https://alimentos.com.br
PLASC  PLASTICOS SANTA CATARINA LTDA EM RECUPERACAO JUDICIAL,https://recuperacaojudicial.com.br
GRAFICA NOVA FATIMA LTDA,https://graficanova.com
SERGIO DE CARLI  CIA LTDA,https://sergiocarli.com
SOLDAS PLANALTO COMERCIO E REPRESENTACOES LTDA,https://soldasplanalto.com.br
"JUSTEN, PEREIRA, OLIVEIRA E TALAMINI  SOCIEDADE DE ADVOGADOS",https://sociedadeadvogados.com.br
PEVESUL INDUSTRIA DE TUBOS E CONEXOES LTDA,https://pevesul.com.br
HOBBY INDUSTRIA E COMERCIO DE ARTIGOS ESPORTIVOS LTDA,https://hobby.com
VIGILANCIA TRIANGULO LTDA,https://triangulo.com.br
ANDERCAR SERVICE LTDA,https://andercarservice.com.br
PLASNOX IND E COM DE PLASTICOS LTDA,https://plasnox.com.br
BRADENT COMERCIO E IMPORTACAO LTDA,https://bradent.com.br
MOTOS NENO LTDA,https://motosneno.com.br
GENERAL BELT DO BRASIL COMERCIAL DE CORREIAS LTDA,https://generalbelt.com.br
SCHERERINDUSTRIA IMPLEMENTOS AGRICOLA LTDA,https://agricola.com.br
CAFE LONTRINHA LTDA,https://cafelontrinha.com.br
IRMAOS PASSAURA S.A,https://irmaospassaura.com.br
SAMRELLO INSTRUMENTACAO INDUSTRIAL LTDA,https://samrello.com.br
BENDO  CIA LTDA,https://bendo.com.br
ONDA PRO IMPORTADORA DE MULTI VARIEDADES E SUPRIMENTOS LTDA.,https://ondapro.com.br
MANNES MANGUEIRAS E VEDACOES LTDA,https://mannesmangueiras.com.br
DESPACHANTE MARCELINO LTDA,https://despachantemarcelino.com.br
SINDICATO DOS TRABALHADORES NA EMPRESA DE CORREIOS TELEGRAFOS E SIMILARES DE SC,https://sindicato.com.br
MARINE SPORTS DO BRASIL ARTIGOS PARA PESCA LTDA,https://marinesports.com
RODOMIGLIO TRANSPORTES RODOVIARIOS MIGLIORINI LTDA,https://rodomiglio.com.br
DENTAL PRESS ENSINO E PESQUISA LTDA,https://dentalpress.com.br
ASSOCIACAO BENEFICENTE SAO RAFAEL,https://beneficente.com.br
"SINDICATO DOS SERVIDORES PUBLICOS FEDERAIS EM SAUDE,TRABALHO, PREVIDENCIA E ACAO SOCIAL DO ESTADO DO PARANA",https://sindicatoservidores.com.br
BRASPLAST IND  COM DE PLASTICOS LTDA,https://brasplast.com.br
SUDAVIDA CORRETORA DE SEGUROS LTDA,https://sudavida.com.br
AQUALINE COMERCIO DE ACESSORIOS E EQUIPAMENTOS PARA PISCINAS LTDA,https://piscinas.net.br
AGUIA SISTEMAS DE ARMAZENAGEM LTDA,https://aguiasistemas.com.br
DESCARBONIZE SOLUCOES S.A.,https://descarbonize.com.br
SINDICATO DOS SERV DO MAGISTERIO MUNICIPAL DE CURITIBA,https://sindicato.com.br
MACCA INDUSTRIA E COMERCIO DE DESIDRATADOS LTDA,https://macca.com
STCP ENGENHARIA DE PROJETOS LTDA,https://engenhariaprojetos.com.br
SCHWEERS METALURGICA LTDA,https://metalurgica.com.br
BLUTRAFOS BLUMENAU TRANSFORMADORES LTDA EM RECUPERACAO JUDICIAL,https://blutrafos.com.br
FEDERACAO DAS EMPRESAS DE TRANSPORTES DE CARGA E LOGISTICA NO ESTADO SANTA CATARINA  FETRANCESC,https://cargalogistica.com
COLTEX INDUSTRIA TEXTIL LTDA.,https://coltex.com.br
DALON ALIMENTOS LTDA,https://dalonalimentos.com
IND E COM DE GENEROS ALIMENTICIOS BOLAMEL LTDA,https://indcom.com
METALURGICA TROMBIN LTDA,https://metalurgicatrombin.com.br
BLUKIT METALURGICA LTDA,https://metalurgica.com.br
TRANSPORTADORA MZ DE PINHALZINHO LTDA,https://transportadora.com.br
GIRANDO COMERCIO DE PECAS LTDA,https://girando.com.br
ANTONIO CESAR MIARA E CIA LTDA,https://antoniocesar.com.br
ZANOELLO INDUSTRIA DE TROFEUS E MEDALHAS LTDA,https://zanoello.com.br
SINDICATO DOS AGENTES PENITENCIARIOS DO PARANA  SINDARSPEN,https://sindicato.com.br
COMERCIAL AGRICOLA ANHUMAI LTDA,https://agricola.com.br
REAGEN PRODUTOS PARA LABORATORIOS LTDA,https://reagen.com.br
DU CHEF AVENTAIS E UNIFORMES LTDA.,https://duchef.com
INSTITUTO RHEMA EDUCACAO LTDA,https://institutorhema.com
RODOVIARIO MONTE SERENO LTDA,https://rodoviariomontesereno.com.br
ULTRACARDIO EQUIPAMENTOS MEDICOS HOSPITALARES E SERVICOS LTDA,https://ultracardio.com.br
ORINTER VIAGENS E TURISMO SA,https://orinter.com.br
PLASBOHN INDUSTRIA DE PLASTICOS LTDA,https://plasbohn.com.br
DIPROTEC DISTRIBUIDORA DE PRODUTOS TECNICOS PARA CONSTRUCAO CIVIL LTDA,https://diprotec.com.br
J J N OLIVEIRA ETIQUETAS LTDA,https://etiquetas.com.br
MAXTON LOGISTICA E TRANSPORTES LTDA,https://maxtonlogistica.com.br
POLIJUTA INDUSTRIA E COMERCIO DE EMBALAGENS LTDA,https://polijuta.com.br
DUNAPETROL COMERCIO DE DERIVADOS DE PETROLEO LTDA,https://derivadospetroleo.com
COLIBRI INDUSTRIA E COMERCIO DE MOVEIS LTDA,https://colibrimoveis.com.br
MAXXWELD CONECTORES ELETRICOS LTDA.,https://maxxweld.com.br
"SALVI, LOPES  CIA. LTDA",https://salvi.com
MUNDIAL ASSESSORIA PLENA EM COMERCIO EXTERIOR LTDA,https://mundialassessoria.com.br
EXCLUSIVO COMERCIO DE CALCADOS LTDA,https://exclusivo.com.br
FLUVIMAR  EQUIPAMENTOS NAUTICOS LTDA,https://fluvimar.com.br
MUNICIPIO DE LAURO MULLER,https://lauromuller.com
43 SA GRAFICA E EDITORA,https://graficaeditora.com.br
SINDICATO DOS CORRETORES DE SEGUROS E DE RESSEGUROS E DAS EMPRESAS CORRETORAS DE SEGUROS E DE RESSEGUROS NO ESTADO DE SANTA CATARINA - SINCOR,https://sindicato.com.br
TRANSOESTE LOGISTICA LTDA,https://transoeste.com.br
MUNICIPIO DE TREZE TILIAS,https://trezetilias.com.br
ELEVACAR ELEVADORES MECANICOS LTDA,https://elevacar.com.br
MUNICIPIO DE IPUMIRIM,https://ipumirim.com.br
MECANICA DE VEICULOS PICARRAS LTDA,https://picarras.com.br
MUNICIPIO DE GAROPABA,https://municipio.net.br
SHAMBALA INDUSTRIA E COMERCIO DE PRODUTOS NATURAIS LTDA,https://shambalanaturais.com.br
GENESIO A MENDES  CIA LTDA,https://genesio.com
MUNICIPIO DE BIGUACU,https://municipio.net.br
MUNICIPIO DE SAO JOAO BATISTA,https://joaobatista.com.br
MUNICIPIO DE BRACO DO NORTE,https://municipio.net.br
MUNICIPIO DE GRAVATAL,https://municipio.net.br
MUNICIPIO DE CAPINZAL,https://municipio.net.br
SINDICATO DO COMERCIO DA REGIAO DE CHAPECO,https://sindicato.com.br
MUNICIPIO DE FRAIBURGO,https://fraiburgo.com.br
MUNICIPIO DE SAO LOURENCO DOESTE,https://municipio.net.br
MUNICIPIO DE DESCANSO,https://municipio.net.br
HAMILTON BENJAMIM DE OLIVEIRA E CIA LTDA,https://oliveira.com.br
MAESTRO DO BRASIL INDUSTRIA METALURGICA LTDA,https://maestrobrasil.com.br
APUFSC  SINDICAL SINDICATO DOS PROFESSORES DAS UNIVERSIDADES FEDERAIS DE SANTA CATARINA,https://apufsc.com.br
SINCOL SA INDUSTRIA E COMERCIO,https://sincol.com.br
ADAMI SA MADEIRAS,https://adami.com.br
PANELACO ALIMENTOS LTDA,https://alimentos.com.br
LOJAS PRESIDENTE LTDA,https://lojaspresidente.com.br
MUNICIPIO DE CORUPA,https://municipio.net.br
MUNICIPIO DE GUARAMIRIM,https://guaramirim.com.br
MUNICIPIO DE MAFRA,https://municipio.net.br
MUNICIPIO DE ITUPORANGA,https://municipio.net.br
COMPENSADOS E LAMINADOS LAVRASUL SA,https://lavrasul.com.br
ASSOCIACAO COMERCIAL E INDUSTRIAL DE CHAPECO,https://chapeco.net.br
CORETEX INDUSTRIA TEXTIL LTDA,https://coretex.tech
VIERO MOVEIS INDUSTRIA E COMERCIO LTDA,https://vieromoveis.com.br
GRAFICA ESTRELA LTDA,https://graficaestrela.com
COOPERATIVA DE PRODUCAO E CONSUMO CONCORDIA,https://concordia.org.br
TECELAGEM ATLANTICA LTDA,https://atlantica.net.br
TERMOTECNICA LTDA,https://termotecnica.com.br
GIASSI  CIA LTDA,https://giassi.com.br
SETEP CONSTRUCOES S.A,https://setep.com.br
ASSOCIACAO DOS TECNICOS AGRICOLAS DE SANTA CATARINA,https://santacatarina.com.br
IMBRALIT INDUSTRIA E COMERCIO DE ARTEFATOS E FIBROCIMENTO LTDA EM RECUPERACAO JUDICIAL,https://recuperacaojudicial.com.br
ESTHER BATISTA MATERIAIS ARTISTICOS LTDA,https://materiaisartisticos.com.br
VEMATE INDUSTRIA DE PRODUTOS ALIMENTICIOS LTDA,https://vemate.com
MAQUINAS OMIL LTDA,https://maquinasomil.com.br
DUAS RODAS INDUSTRIAL S.A.,https://duasrodas.com.br
NANETE TEXTIL LTDA,https://nanete.com.br
TROPICO SISTEMAS E TELECOMUNICACOES DA AMAZONIA LTDA,https://tropico.com.br
KRATOCHVIL  CIA LTDA,https://kratochvil.tech
MINANCORA  CIA LTDA,https://minancora.com.br
MALHARIA PRINCESA SA,https://malhariaprincesa.com.br
FRANKLIN ELECTRIC INDUSTRIA DE MOTOBOMBAS S.A.,https://franklinelectric.com
ASSOCIACAO BENEFICENTE EVANGELICA DE JOINVILLE,https://beneficente.com.br
KRESS FARMACEUTICA S.A.,https://kress.com.br
JARAGUA SUL INDUSTRIAL BRINDES LTDA,https://brindes.com.br
ALIANDA PISOS E AZULEJOS LTDA,https://alianda.com.br
FONTANELLA TRANSPORTES LTDA,https://fontanella.net.br
ADELANTE COBRANCAS GARANTIDAS LTDA,https://adelantecobrancas.com.br
LAMIPACK EMBALAGENS E LAMINADOS PLASTICOS LTDA,https://lamipack.com.br
FEIRAO DE TOALHAS CAMA MESA E BANHO LTDA,https://camamesabanho.com.br
INDUSTRIA TEXTIL PORTO FRANCO LTDA,https://portofranco.com.br
OSCAR DOS REIS E CIA LTDA,https://oscar.com
ABS BATERIAS DO BRASIL LTDA,https://absbaterias.com.br
SOL SPORTS INDUSTRIA E COMERCIO LTDA,https://solsports.com.br
HTR COMERCIO ATACADISTA DE ALIMENTOS LTDA.,https://alimentos.com.br
ITACEX COMISSARIA E DESPACHOS ADUANEIROS LTDA,https://itacex.com.br
DIETRICH  CIA LTDA,https://dietrich.com.br
BOTICA DERMAESTETICA FARMACIA DE MANIPULACAO LTDA,https://manipulacao.com.br
INDUSTRIA E COMERCIO DE MOVEIS HENN LTDA,https://moveis.com.br
BARREIRAS PRESTADORA DE SERVICOS LTDA,https://barreiras.net.br
OMNI REPRESENTACAO COMERCIAL LTDA,https://representacao.com.br
LUIZ COLOMBO JUNIOR E CIA LTDA,https://junior.com.br
FORMULA ATIVA  FARMACIA DE MANIPULACAO LTDA,https://manipulacao.com.br
ARAMON FABRICACAO E COM DE ARTIGOS RELIGIOSOS LTDA,https://aramon.com.br
INDUSTRIA AGRO COMERCIAL CASSAVA SA,https://cassava.com.br
"MOTTA INDUSTRIA, COMERCIO, IMPORTACAO E EXPORTACAO LTDA",https://motta.com
INDUSTRIA DE MOLDURAS MOLDURARTE LTDA,https://moldurarte.com.br
RAPIDO DE TRANSPORTES TUBARAO LTDA,https://rapido.com.br
LIFE EQUIPAMENTOS ELETRONICOS LTDA,https://lifeequipamentos.com.br
CACHACA JOAO MENDES LTDA,https://joaomendes.com.br
GIOCA INDUSTRIA E COMERCIO LTDA,https://gioca.com.br
LABORATORIO JOAO EMIDIO LTDA,https://joaoemidio.com.br
MINERACAO MARACA INDUSTRIA E COMERCIO SA,https://mineracaomaraca.com
MANUCHAR COMERCIO EXTERIOR LTDA,https://manuchar.com.br
DERMOGRAL  FARMACIA DERMATOLOGICA LTDA,https://dermogral.com.br
TRANSPORTES SILVEIRA GOMES LTDA,https://silveira.com.br
INFORTEL COMERCIO E DISTRIBUIDORA DE MATERIAIS ELETRICOS TELEFONIA INFORMATICA E COMUNICACAO LTDA,https://comunicacao.org.br
MERCATUR TURISMO E VIAGENS LTDA,https://mercaturturismo.com.br
TRANSTECNICA INDUSTRIA COMERCIO E REPRESENTACOES LTDA,https://transtecnica.com
IBANEZ  CIA LTDA,https://ibanez.com
KUR HOTEL CLINICA GRAMADO LTDA,https://kurhotel.com
ASSOCIACAO DE CRIADORES DE SUINOS DO RIO GRANDE DO SUL,https://grandesul.com.br
FUNERARIA SAO CRISTOVAO LTDA,https://cristovao.com.br
UNIFERTIL  UNIVERSAL DE FERTILIZANTES LTDA,https://unifertil.com.br
INCONFIDENCIA LOCADORA DE VEICULOS E MAODEOBRA LTDA,https://inconfidencia.com.br
MOINHO DO NORDESTE SA,https://moinhonordeste.com.br
TRANSPORTADORA TRANSMIRO LTDA,https://transportadora.com.br
BENOIT ELETRODOMESTICOS LTDA,https://benoit.com.br
ELEVATO MATERIAIS DE CONSTRUCAO E DECORACAO LTDA,https://decoracao.com.br
RASKALO  PRODUTOS DE BELEZA LTDA,https://raskalo.com.br
FUNDACAO CULTURAL GAUCHA MTG,https://fundacaocultural.com.br
ARTEMOBILI MOVEIS LTDA,https://moveis.com.br
COOPERATIVA VINICOLA AURORA LTDA,https://vinicolaaurora.com.br
MOVEIS CARRARO LTDA,https://carraro.com.br
MUNICIPIO DE TUCUNDUVA,https://municipio.net.br
MUNICIPIO DE SAO LUIZ GONZAGA,https://gonzaga.com.br
MUNICIPIO DE SANTO AUGUSTO,https://municipio.net.br
MUNICIPIO DE CHAPADA,https://chapada.net.br
MUNICIPIO DE GETULIO VARGAS,https://vargas.com.br
FABIANI COMERCIO DE AUTO PECAS LTDA,https://fabiani.com
MUNICIPIO DE CAPAO DO LEAO,https://municipio.net.br
PARAMALHAS  COMERCIO E REPRESENTACOES LTDA,https://paramalhas.com.br
TELASUL INDUSTRIA DE MOVEIS S.A.,https://moveis.com.br
BORCAS SERRAS INDUSTRIAIS LTDA,https://borcas.com.br
CHOCOLATE CASEIRO GRAMADO LTDA,https://chocolate.com.br
GRAFISET GRAFICA E SERVICOS DE OFF SET LTDA,https://offset.com.br
MUNICIPIO DE VIAMAO,https://viamao.net.br
MUNICIPIO DE MOSTARDAS,https://municipio.net.br
MUNICIPIO DE TRES COROAS,https://trescoroas.com.br
SUL NAUTICA LTDA,https://nautica.com.br
MUNICIPIO DE IGREJINHA,https://municipio.net.br
TRANSPORTES CAVALINHO LTDA,https://cavalinho.com.br
MUNICIPIO DE SAO BORJA,https://municipio.net.br
LEGEP MINERACAO LTDA,https://legep.com.br
MUNICIPIO DE PALMEIRA DAS MISSOES,https://municipio.net.br
ACRE CAXIAS INDUSTRIA E COMERCIO DE ABRASIVOS LTDA,https://acrecaxias.com.br
COOPERATIVA SANTA CLARA LTDA,https://cooperativasantaclara.com.br
PIPPI MAQUINAS AGRICOLAS LTDA,https://pippimaquinas.com.br
MUNICIPIO DE SERAFINA CORREA,https://municipio.net.br
MADAL PALFINGER SA,https://madal.com
BRASDIESEL SA COMERCIAL E IMPORTADORA,https://brasdiesel.com.br
CENTRAL SUL DE ABASTECIMENTO OPTICO LTDA,https://centralsul.com
EDITORA LITOARTE LTDA,https://litoarte.com.br
IRAPURU TRANSPORTES LTDA,https://irapuru.com.br
INDUSTRIA DE PLASTICOS PAMPA LTDA,https://plasticos.io
PIRAHY ALIMENTOS LTDA,https://alimentos.com.br
NAUTOS INDUSTRIA METALURGICA LTDA,https://metalurgica.com.br
"SIND DOS CORRET.DE SEG. E RESSEG.,DE EMPRESAS CORRET DE SEG. E RESSEG, SAUDE, CAPITALIZ. E DE PREV. PRIVADA NO ESTADO DO RGS SINCOR RS",https://sincorrs.com
METALURGICA DE TONI LTDA,https://metalurgica.com.br
SLC AGRICOLA S.A.,https://slcagricola.com.br
IMATRON INDUSTRIA METALURGICA ELETRONICA LTDA,https://imatron.com.br
POLE MODAS COMERCIO IMPORTACAO LTDA,https://polemodas.com.br
BELLADONA FARMACIA DE MANIPULACAO LTDA,https://manipulacao.com.br
ASSOCIACAO DOS PROCURADORES DO ESTADO DO RIO GRANDE DO,https://riogrande.com
LUPATECH S.A.,https://lupatech.com.br
SPERINDE GESTAO IMOBILIARIA LTDA,https://sperinde.com
TRANSPORTES SPOLIER LTDA,https://spolier.com.br
SETA SA EXTRATIVA TANINO DE ACACIA,https://acacia.com.br
DEGRAFICA IMPRESSOS LTDA,https://degrafica.com.br
COMISSARIA CONTINENTAL DE DESPACHOS ADUANEIROS LTDA,https://comissariacontinental.com.br
MOINHO ESTRELA LTDA,https://estrela.com.br
HOSPITAL DE CARIDADE SAO ROQUE,https://hospital.net.br
FABRICA DE MOVEIS FLORENSE LTDA,https://fabrica.com.br
SOCIEDADE DE BEBIDAS PANIZZON LTDA,https://panizzon.com.br
DISTRIBUIDORA DE CHAVES LAND LTDA,https://chavesland.com.br
BORTOLINI INDUSTRIA DE MOVEIS LTDA,https://moveis.com.br
GERMANI ALIMENTOS LTDA,https://alimentos.com.br
GIMENEZ  CIA LTDA,https://gimenez.com.br
SINALSUL INDUSTRIA DE AUTO PECAS LTDA,https://sinalsul.com.br
TABONE INDUSTRIA E COMERCIO DE PLASTICOS LTDA,https://tabone.com
ASSOCIACAO BRASILEIRA DE ONTOPSICOLOGIA,https://ontopsicologia.org.br
ANAY FITAS COMERCIAL E DISTRIBUIDORA LTDA,https://anay-fitas.com.br
CALCADOS FURLANETTO LTDA,https://calcadosfurlanetto.com.br
CENTRO EDUCACIONAL E SOCIAL MISSIONARIO NILS TARANGER  CESO,https://centro.com.br
IRMAOS PASQUALI CIA LTDA,https://irmaos.com
CADORE TRANSPORTES E COMERCIO LTDA,https://cadore.com.br
UNICASA INDUSTRIA DE MOVEIS SA,https://unicasamoveis.com.br
TRITEC EQUIPAMENTOS LTDA,https://tritec.com.br
COMERCIAL PAULO ANTONIO ZAFFARI LTDA,https://zaffari.com.br
ASSOCIACAO HOSPITAL DE CARIDADE IJUI,https://hospital.net.br
SAMBURA BRASIL LTDA,https://samburabrasil.com.br
SAMPAIO DISTRIBUIDORA DE ACO LTDA,https://sampaio.com.br
INDUSTRIA MECANICA LIEN LTDA,https://mecanica.net.br
PLASTRELA EMBALAGENS FLEXIVEIS LTDA,https://plastrela.com.br
SERVICO DE REGISTROS PUBLICOS DO MUNICIPIO E COMARCA DE SANTO AUGUSTORS,https://registrospublicos.com.br
ALTERNATIVA EDITORIAL LTDA,https://alternativaeditorial.com
PHARMA  CIA  LABORATORIO DE MANIPULACAO LTDA,https://manipulacao.com.br
J. S. INDUSTRIA E COMERCIO DE CANETAS LTDA,https://canetas.com.br
MOVEIS RODIAL LTDA,https://rodial.com.br
XIKE METALURGICA LTDA,https://metalurgica.com.br
ARTEFORMA TECIDOS PARA DECORACOES LTDA,https://arteforma.com.br
MUNICIPIO DE ARROIO DO SAL,https://municipio.net.br
PILATI MOVEIS LTDA,https://moveis.com.br
TANAC SA,https://tanac.com.br
METALSINOS INDUSTRIA COMERCIO REPRESENTACOES LTDA,https://metalsinos.com.br
SALIS INDUSTRIA DE CONFECCOES LTDA,https://salis.com
MUNICIPIO DE FAGUNDES VARELA,https://municipio.net.br
AUTO PRATENSE LTDA,https://autopratense.com.br
JUSTI COMERCIO E SERVICOS DE MAQUINAS E PECAS LTDA,https://justi.io
EMPRESA PORTOALEGRENSE DE COMUNICACAO LTDA,https://empresa.net.br
SUPPORT CONSULTORIA EMPRESARIAL LTDA,https://empresarial.com.br
CELSUS METALURGICA LTDA,https://metalurgica.com.br
CASA IRIS COMERCIO E INDUSTRIA DE TECIDOS E COFECCOES LTDA.,https://casairis.com.br
AGRICOLA FERRARI LTDA,https://agricolaferrari.com.br
GITEL TELECOMUNICACOES LTDA,https://gitel.com.br
REFEICOES NATURAS LTDA,https://refeicoesnaturas.com.br
JR ADMINISTRACAO DE CARTOES DE DESCONTO LTDA,https://jradministracao.com.br
MAX METALURGICA LTDA,https://metalurgica.com.br
PAUSE POLIURETANOS LTDA,https://pause.com.br
FIRAL INDUSTRIA E COMERCIO DE PRODUTOS TEXTEIS LTDA,https://firal.com.br
BAKOF PLASTICOS LTDA,https://bakof.com.br
CENTRO DE EDUCACAO E ASSESSORAMENTO POPULAR,https://centro.com.br
HOSPITAL DE CLINICAS DE PASSO FUNDO,https://passofundo.com
CAMARA DE DIRIGENTES LOJISTAS DE PASSO FUNDO,https://passofundo.com
TJ INDUSTRIA E COMERCIO TEXTIL LTDA,https://tjtextil.com.br
ALUMICONTE COMPONENTES DE ALUMINIO LTDA,https://alumiconte.com.br
SERVICO AUTONOMO DE SANEAMENTO DE PELOTAS,https://pelotas.com.br
ON MED ASSISTENCIA MEDICA LTDA,https://assistenciamedica.com.br
SULPOL IND METALURGICA LTDA,https://sulpol.com.br
MITREN  SISTEMAS E MONTAGENS VEICULARES S.A.,https://mitren.com.br
COFRAG INDUSTRIA E COMERCIO LTDA,https://cofrag.com.br
MUNICIPIO DE ELDORADO DO SUL,https://municipio.net.br
MUNICIPIO DE CERRO GRANDE DO SUL,https://grandesul.com.br
MUNICIPIO DE JAQUIRANA,https://municipio.net.br
MULTINOVA  INDUSTRIA DE EMBALAGENS PLASTICAS LTDA.,https://embalagensplasticas.com.br
SINDICATO DOS SERVIDORES DA JUSTICA DO ESTADO DO RGS,https://sindicatoservidores.com.br
SCARPA BELLA COMERCIO DE CALCADOS LTDA,https://scarpa.com.br
HB TRANSPORTES E LOGISTICA LTDA,https://hblogistica.com.br
BIGFERINDUSTRIA E COMERCIO DE FERRAGENS LTDA,https://ferragens.com.br
TORK INDUSTRIA DE FERRAMENTAS LTDA,https://torkferramentas.com
BARAO  INDUSTRIA E COMERCIO DE ERVA MATE E CHAS S.A.,https://baraoervamate.com.br
LABOTERRA INDUSTRIA E COMERCIO DE COSMETICOS LTDA,https://cosmeticos.com.br
SP BRASIL VENTILACAO LTDA.,https://spbrasil.com.br
CHOCOLATE ALASKA LTDA,https://chocolatealaska.com.br
METALURGICA MAHLER LTDA,https://mahler.com.br
COMPANHIA RIOGRANDENSE DE MINERACAO CRM,https://riograndense.com.br
SOCIEDADE LITERARIA E CARITATIVA SANTO AGOSTINHO,https://santoagostinho.com.br
INSTITUTO DE PATOLOGIA SOCIEDADE SIMPLES LTDA,https://institutopatologia.com.br
EMPRESA JORNALISTICA CALDAS JUNIOR LTDA,https://junior.com.br
INDUSTRIA DE TINTAS CORFIX LTDA,https://corfix.com.br
ZANDEI INDUSTRIA DE PLASTICOS LTDA,https://zandei.com.br
ASSOCIACAO DOS FUNCIONARIOS APOSENTADOS DO BANCO DO ESTADO DO RIO GRANDE DO SUL  AFABAN,https://funcionarios.com.br
FUNDACAO UNIVERSITARIA DE CARDIOLOGIA EM RECUPERACAO JUDICIAL,https://recuperacaojudicial.com.br
BRAZIL PLUS GEMAS E MINERAIS LTDA,https://brazilplus.com.br
ASSOCIACAO DOS JUIZES DO RIO GRANDE DO SUL,https://grandesul.com.br
SINDICATO DOS LOJISTAS DO COMERCIO DE PORTO ALEGRE,https://sindicato.com.br
AZENHA EMPREENDIMENTOS IMOBILIARIOS LTDA,https://azenha.com.br
ASSOCIACAO DO PESSOAL DA CAIXA ECONOMICA FEDERAL DO RIO GRANDE DO SUL,https://pessoal.com.br
FATI FERRAMENTAS LTDA,https://fatiferramentas.com.br
VIECELLI MOVEIS SA,https://moveis.com.br
LYKU COMERCIO DE FERRAMENTAS LTDA,https://ferramentas.com.br
CENTHURY ARTES GRAFICAS EDITORA LTDA,https://centhury.com.br
FITESA NAOTECIDOS SA,https://fitesa.com
PEFAK MODAS LTDA,https://pefakmodas.com.br
RECOVERYDATA LOCADORA DE EQUIPAMENTO VIRTUAL DE RESTAURACAO DE DADOS LTDA,https://recoverydata.com.br
CLINICA MEDICA DR NILO FRANTZ LTDA,https://nilofrantz.com.br
GRAMADO ADMINISTRADORA DE IMOVEIS LTDA,https://administradoraimoveis.com.br
ZANATA COMUNICACAO VISUAL LTDA,https://visual.com.br
LIVRARIA EDITORA E DISTRIBUIDORA CULTURAL LTDA,https://cultural.com.br
R.A. BARTH LTDA,https://barth.com
INDUSTRIA COMERCIO PRODUTOS DE LIMPEZA GIRANDO SOL LTDA,https://girandosol.com.br
NOVOTEMPO FRANCHISING LTDA,https://novotempo.com
CINEX TECNOLOGIA PARA ARQUITETURA LTDA.,https://arquitetura.com.br
BRINDEC EMBLEMAS E ACABAMENTOS INDUSTRIAIS LTDA,https://brindec.com.br
ASSOCIACAO DAS DEFENSORAS E DOS DEFENSORES PUBLICOS DO ESTADO DO RIO GRANDE DO SUL,https://grandesul.com.br
MARINA VEICULOS LTDA,https://marinaveiculos.com.br
SULTECH SISTEMAS ELETRONICOS LTDA,https://sultech.com.br
NEW PAPER INDUSTRIA E COMERCIO DE AMBALAGENS LTDA,https://newpaper.net.br
GALVANOTEK EMBALAGENS LTDA.,https://galvanotek.com.br
METALURGICA GOLDEN ART S LTDA,https://metalurgica.com.br
PAULTOUR VIAGENS E TURISMO LTDA,https://turismo.gov.br
INSTITUTO DO CANCER INFANTIL,https://institutocancer.com.br
DOMINIO IMOVEIS LTDA,https://dominioimoveis.com.br
VIVA VIDA PRODUTOS DE LAZER LTDA,https://vivavida.com.br
MUNICIPIO DE GRAMADO DOS LOUREIROS,https://municipio.net.br
KROMATICA INDUSTRIA E COMERCIO DE PRODUTOS QUIMICOS LTD,https://kromatica.com.br
TRANSPORTE VERSATIL LTDA,https://versatil.io
EFFICIENZA IMPORTACAO E EXPORTACAO LTDA,https://efficienza.com.br
MCC EMPREENDIMENTOS IMOBILIARIOS LTDA,https://mccempreendimentos.com.br
TRENDS BRASIL ECOMMERCE E ESTETICA LTDA,https://trends.org.br
MUNICIPIO DE ITAPERUCU,https://municipio.net.br
ASSOCIACAO PROENSINO EM SANTA CRUZ DO SUL  APESC,https://proensino.com.br
MUNICIPIO DE RIO BONITO DO IGUACU,https://municipio.net.br
MUNICIPIO DE NOVO ITACOLOMI,https://municipio.net.br
ACESSOCAR COMERCIO DE PECAS E SERVICOS LTDA,https://acessocar.com
RESICOLOR INDUSTRIA DE PRODUTOS QUIMICOS LTDA,https://quimicos.org.br
BUDNY INDUSTRIA E COMERCIO LTDA EM RECUPERACAO JUDICIAL EM RECUPERACAO JUDICIAL,https://recuperacaojudicial.com.br
CELSO LOPES MARTINS PRODUTOS HOSPITALARES LTDA,https://celsolopes.com.br
DISNET  MED  LTDA,https://disnetmed.com.br
ASSOCIACAO PINACOTECA ARTE E CULTURA  APAC,https://pinacoteca.org.br
MASAL S A INDUSTRIA E COMERCIO,https://masal.com
METALURGICA LA PAZ INDUSTRIA E COMERCIO LTDA,https://metalurgica.com.br
ABBAPRESS EDITORA E DIVULGADORA CULTURAL LTDA,https://cultural.com.br
KLEMMEN IMPORTACOES LTDA,https://importacoes.com.br
WOG COMERCIO DE METAIS SANITARIOS LTDA,https://metaissanitarios.com.br
ARKHIP FACAS ESPECIAIS LTDA,https://arkhip.com.br
PREVER CENTRO MEDICO E DIAGNOSTICO LTDA,https://diagnostico.com.br
VENTURUS CENTRO DE INOVACAO TECNOLOGICA,https://tecnologica.com.br
MEC Q COMERCIO E SERVICOS DE METROLOGIA INDUSTRIAL LTDA,https://metrologia.org.br
TECH FILTER TRATAMENTO E FILTRACAO LTDA,https://techfilter.com.br
LAYSOM IMP E COM DE APARELHOS PARA SURDEZ LTDA,https://surdez.org.br
MECAL MAQUINAS PARA ENDIREITAMENTO E CORTE DE ARAMES LTDA,https://arames.com.br
SOLISLUNA DESIGN E EDITORA LTDA,https://solisluna.com.br
TRE ANYTRY BENEFICIAMENTO DE PELES EXOTICAS LTDA,https://treanytry.com.br
METALURGICA SCAIN LTDA,https://metalurgicascain.com.br
CONSERVAS ODERICH SA,https://oderich.com.br
MEDIAR SERVICOS MEDICOS LTDA,https://mediar.com.br
EQ TECH EQUIPAMENTOS LTDA,https://eqtech.com.br
UNIRONS PLASTICOS LTDA,https://unirons.com.br
ERGOMOBILI INDUSTRIA E COMERCIO DE MOVEIS LTDA,https://moveis.com.br
LIMNOBRAS LABORATORIO DE ANALISES LIMNOLOGICAS LTDA,https://limnobras.com.br
"LOTUS COMERCIO IMPORTACAO, EXPORTACAO DE ARTIGOS DO VESTUARIO LTDA",https://lotus.com.br
ENDO MEDICAL IMPORTACAO E EXPORTACAO COMERCIAL LTDA,https://endomedical.com.br
OXTREET CONFECCOES LTDA,https://oxtreet.com.br
"AUTKOM - SERVICOS, COMERCIO E DISTRIBUICAO LTDA",https://autkom.com.br
DURAFORT INTERNACIONAL LTDA,https://internacional.com.br
SOLIS INDUSTRIA E COMERCIO DE AQUECEDOR SOLAR S.A.,https://aquecedorsolar.com.br
MOSMANN ALIMENTOS LTDA,https://mosmannalimentos.com.br
MUNICIPIO DE TAQUARA,https://municipio.net.br
MOINHO TAQUARIENSE LTDA,https://moinho.com.br
